cancel_rate,drift,mean_depth,mean_depth_excess,d2_excess,timing_cv,isolated_frac,growth_rate,Q_tail_1,Q_tail_2,Q_tail_3,Q_tail_4,Q_tail_5,Q_tail_6,r_plus,r_squared,mean_rho,mean_surp_base,mean_surp_inst,T_actual,topic,paraphrase_idx,seed,block_size,signal_choice
0.33984375,-1.5127867293086656,5.859375,0.8229746276619285,0.9853293493418014,0.9379149478781025,0.0,0.3203125,1.0,0.99609375,0.98828125,0.97265625,0.95703125,0.9453125,0.98641483114189,0.9892022565717792,0.12164158374071121,0.14731311798095703,0.02567153237760067,256,geography_capitals,0,0,4,C
0.2890625,-1.2776631730858097,5.8125,0.012367698976705964,0.04183719390021423,0.9759248570041786,0.0,0.421875,1.0,0.9882352941176471,0.9764705882352941,0.9647058823529412,0.9568627450980393,0.9490196078431372,0.9899243633902384,0.9900484023971036,0.12164158374071121,0.14731311798095703,0.02567153237760067,256,geography_capitals,0,0,8,C
0.33203125,1.6090530228124689,5.9140625,0.6687279895212362,0.7032965687329766,0.8736864426097041,0.011764705882352941,0.3359375,1.0,0.99609375,0.98828125,0.98046875,0.9765625,0.97265625,0.9940627089652826,0.9708543259014171,0.12164158374071121,0.14731311798095703,0.02567153237760067,256,geography_capitals,0,0,16,C
0.421875,1.5655583594008304,5.57421875,-0.26973449964474233,-0.22164424116597453,0.8987594870360095,0.0,0.15625,1.0,0.9721115537848606,0.9641434262948207,0.952191235059761,0.9163346613545816,0.8804780876494024,0.9754201804815019,0.9116276335498381,0.15743017196655273,0.22341114282608032,0.06598098576068878,256,geography_capitals,0,1,4,C
0.3515625,1.1104922906259835,5.90625,0.657638949935227,0.42217532026580007,0.874331172105761,0.022222222222222223,0.296875,1.0,0.9921875,0.984375,0.98046875,0.9765625,0.97265625,0.9952382820213871,0.9739216617740921,0.15743017196655273,0.22341114282608032,0.06598098576068878,256,geography_capitals,0,1,8,C
0.27734375,-0.2588360583960353,5.90625,0.5823290244668131,0.32920264919415837,0.7370311631819373,0.014084507042253521,0.4453125,1.0,0.9921875,0.984375,0.98046875,0.9765625,0.97265625,0.9952382820213871,0.9739216617740921,0.15743017196655273,0.22341114282608032,0.06598098576068878,256,geography_capitals,0,1,16,C
0.3828125,0.09967974572964182,5.66015625,0.05957510036548726,0.9853293493418014,0.975062466482349,0.0,0.234375,1.0,0.99609375,0.98828125,0.953125,0.88671875,0.8359375,0.9551360832034547,0.9301018598744053,0.12470371276140213,0.14890676736831665,0.024203075096011162,256,geography_capitals,0,2,4,C
0.3671875,1.7075311565539317,5.81640625,0.039254001099977676,0.04183719390021423,0.8607903345182264,0.0,0.265625,1.0,0.9882352941176471,0.9764705882352941,0.9647058823529412,0.9568627450980393,0.9529411764705882,0.9907411337785568,0.9668076196438378,0.12470371276140213,0.14890676736831665,0.024203075096011162,256,geography_capitals,0,2,8,C
0.28125,-0.125415409738285,5.9140625,0.6687279895212362,0.7032965687329766,0.8074198184154703,0.013888888888888888,0.4375,1.0,0.99609375,0.98828125,0.98046875,0.9765625,0.97265625,0.9940627089652826,0.9708543259014171,0.12470371276140213,0.14890676736831665,0.024203075096011162,256,geography_capitals,0,2,16,C
0.40625,0.9792069139323549,5.51953125,-0.4792951541967066,0.3269801181557418,0.9106481208458074,0.0,0.1875,1.0,0.9803149606299213,0.9606299212598425,0.9291338582677166,0.8779527559055118,0.8149606299212598,0.9550930907535299,0.9443524527480507,0.20249396562576294,0.3654288947582245,0.16293486952781677,256,geography_capitals,0,3,4,C
0.31640625,-0.23284515771190017,5.81640625,0.039254001099977676,0.04183719390021423,0.8592089385009912,0.0,0.3671875,1.0,0.9882352941176471,0.9764705882352941,0.9647058823529412,0.9568627450980393,0.9529411764705882,0.9907411337785568,0.9668076196438378,0.20249396562576294,0.3654288947582245,0.16293486952781677,256,geography_capitals,0,3,8,C
0.28515625,0.008005238919465321,5.91015625,0.6255285069940247,0.7032965687329766,0.7798666552687068,0.0,0.4296875,1.0,0.99609375,0.98828125,0.98046875,0.9765625,0.96875,0.9932629792820502,0.9900833792082879,0.20249396562576294,0.3654288947582245,0.16293486952781677,256,geography_capitals,0,3,16,C
0.421875,1.5655583594008304,5.03515625,-2.3354038087998186,-2.9647660377745564,0.8876184854616038,0.0,0.15625,1.0,0.9125,0.8875,0.875,0.8583333333333333,0.8375,0.979713630257349,0.9903810167001682,0.18664950132369995,0.30931249260902405,0.1226629838347435,256,geography_capitals,0,4,4,C
0.36328125,1.5582714400719448,5.61328125,-1.3588337093101512,-0.7188390588309576,0.8217896259907741,0.010752688172043012,0.2734375,1.0,0.9763779527559056,0.9566929133858267,0.9448818897637795,0.9133858267716536,0.8661417322834646,0.9718122543590224,0.9286347706260828,0.18664950132369995,0.30931249260902405,0.1226629838347435,256,geography_capitals,0,4,8,C
0.25,-1.1927805990002873,5.90625,0.5823290244668131,0.32920264919415837,0.911861083035932,0.03125,0.5,1.0,0.9921875,0.984375,0.98046875,0.9765625,0.97265625,0.9952382820213871,0.9739216617740921,0.18664950132369995,0.30931249260902405,0.1226629838347435,256,geography_capitals,0,4,16,C
0.36328125,-0.6332595611059524,5.7890625,0.5535395003808317,0.5464298618844283,0.8904470787194488,0.0,0.2734375,1.0,0.9881889763779528,0.9803149606299213,0.9645669291338582,0.952755905511811,0.9488188976377953,0.9890773717055166,0.9700257168921069,0.15617981553077698,0.20151114463806152,0.04533132538199425,256,geography_capitals,0,5,4,C
0.296875,-0.9791437401218356,5.90625,0.657638949935227,0.42217532026580007,1.0658460236348424,0.0,0.40625,1.0,0.9921875,0.984375,0.98046875,0.9765625,0.97265625,0.9952382820213871,0.9739216617740921,0.15617981553077698,0.20151114463806152,0.04533132538199425,256,geography_capitals,0,5,8,C
0.30078125,0.5416878335504666,5.81640625,-0.4112590736590536,-0.04489127034465989,0.9340365037557322,0.0,0.3984375,1.0,0.9921568627450981,0.984313725490196,0.9725490196078431,0.9568627450980393,0.9333333333333333,0.985060484220706,0.9551725108164344,0.15617981553077698,0.20151114463806152,0.04533132538199425,256,geography_capitals,0,5,16,C
0.38671875,0.24626760709676068,5.94140625,1.1373156094898749,0.9853293493418014,0.9293945091665792,0.0,0.2265625,1.0,0.99609375,0.9921875,0.98828125,0.984375,0.98046875,0.9960551622400232,0.9999945318250933,0.14087921380996704,0.19678908586502075,0.0559098906815052,256,geography_capitals,0,6,4,C
0.34375,0.8119728576620093,5.94140625,0.8996156690446724,0.612344383448593,1.0391226932305158,0.0,0.3125,1.0,0.99609375,0.9921875,0.98828125,0.984375,0.98046875,0.9960551622400232,0.9999945318250933,0.14087921380996704,0.19678908586502075,0.0559098906815052,256,geography_capitals,0,6,8,C
0.30859375,0.8085291308659671,5.94140625,0.9711243672117175,0.7032965687329766,0.7531434672177485,0.0,0.3828125,1.0,0.99609375,0.9921875,0.98828125,0.984375,0.98046875,0.9960551622400232,0.9999945318250933,0.14087921380996704,0.19678908586502075,0.0559098906815052,256,geography_capitals,0,6,16,C
0.3671875,-0.48667169973883356,5.7890625,0.5535395003808317,0.5464298618844283,1.0896604975862896,0.0,0.265625,1.0,0.9881889763779528,0.9803149606299213,0.9645669291338582,0.952755905511811,0.9488188976377953,0.9890773717055166,0.9700257168921069,0.12976761162281036,0.15729324519634247,0.027525639161467552,256,geography_capitals,0,7,4,C
0.34765625,0.9612325741439964,5.90625,0.657638949935227,0.42217532026580007,0.9353809389805032,0.0,0.3046875,1.0,0.9921875,0.984375,0.98046875,0.9765625,0.97265625,0.9952382820213871,0.9739216617740921,0.12976761162281036,0.15729324519634247,0.027525639161467552,256,geography_capitals,0,7,8,C
0.2890625,0.14142588757721564,5.88671875,0.36633161183075513,0.32920264919415837,0.873218443047314,0.04054054054054054,0.421875,1.0,0.9921875,0.984375,0.98046875,0.97265625,0.95703125,0.9916224584292491,0.9399417021385229,0.12976761162281036,0.15729324519634247,0.027525639161467552,256,geography_capitals,0,7,16,C
0.3828125,0.09967974572964182,5.66015625,0.05957510036548726,0.9853293493418014,0.975062466482349,0.0,0.234375,1.0,0.99609375,0.98828125,0.953125,0.88671875,0.8359375,0.9551360832034547,0.9301018598744053,0.12470371276140213,0.14890676736831665,0.024203075096011162,256,geography_capitals,0,8,4,C
0.3671875,1.7075311565539317,5.81640625,0.039254001099977676,0.04183719390021423,0.8607903345182264,0.0,0.265625,1.0,0.9882352941176471,0.9764705882352941,0.9647058823529412,0.9568627450980393,0.9529411764705882,0.9907411337785568,0.9668076196438378,0.12470371276140213,0.14890676736831665,0.024203075096011162,256,geography_capitals,0,8,8,C
0.28125,-0.125415409738285,5.9140625,0.6687279895212362,0.7032965687329766,0.8074198184154703,0.013888888888888888,0.4375,1.0,0.99609375,0.98828125,0.98046875,0.9765625,0.97265625,0.9940627089652826,0.9708543259014171,0.12470371276140213,0.14890676736831665,0.024203075096011162,256,geography_capitals,0,8,16,C
0.453125,2.7382612503377812,5.58203125,-0.23979726328017598,-0.11191936930163125,0.7845508269067084,0.0,0.09375,1.0,0.9722222222222222,0.9563492063492064,0.9444444444444444,0.9166666666666666,0.8809523809523809,0.9763305339857605,0.9468031583861338,0.16466447710990906,0.22331602871418,0.05865154042840004,256,geography_capitals,0,9,4,C
0.34765625,0.9612325741439964,5.8515625,0.2812307202094231,0.42217532026580007,0.8494996473289931,0.0,0.3046875,1.0,0.9921875,0.984375,0.97265625,0.95703125,0.9453125,0.9875813598600222,0.9877008877842516,0.16466447710990906,0.22331602871418,0.05865154042840004,256,geography_capitals,0,9,8,C
0.2890625,0.14142588757721564,5.8515625,-0.022463730914149244,0.32920264919415837,0.934475243083415,0.0,0.421875,1.0,0.9921875,0.984375,0.97265625,0.95703125,0.9453125,0.9875813598600222,0.9877008877842516,0.16466447710990906,0.22331602871418,0.05865154042840004,256,geography_capitals,0,9,16,C
0.375,-0.1934959770045959,5.7890625,0.5535395003808317,0.5464298618844283,0.8501931813752045,0.0,0.25,1.0,0.9881889763779528,0.9803149606299213,0.9645669291338582,0.952755905511811,0.9488188976377953,0.9890773717055166,0.9700257168921069,0.1532602608203888,0.2250434160232544,0.0717831701040268,256,geography_capitals,0,10,4,C
0.33203125,0.36419370821604813,5.90625,0.657638949935227,0.42217532026580007,0.9343531843023135,0.0,0.3359375,1.0,0.9921875,0.984375,0.98046875,0.9765625,0.97265625,0.9952382820213871,0.9739216617740921,0.1532602608203888,0.2250434160232544,0.0717831701040268,256,geography_capitals,0,10,8,C
0.328125,1.4756323741547186,5.88671875,0.36633161183075513,0.32920264919415837,0.825718093792706,0.011904761904761904,0.34375,1.0,0.9921875,0.984375,0.98046875,0.97265625,0.95703125,0.9916224584292491,0.9399417021385229,0.1532602608203888,0.2250434160232544,0.0717831701040268,256,geography_capitals,0,10,16,C
0.3828125,0.09967974572964182,5.69140625,0.17932404582375255,0.21725524629139856,0.7973756956416467,0.0,0.234375,1.0,0.9802371541501976,0.9683794466403162,0.9565217391304348,0.9367588932806324,0.9169960474308301,0.9834798967891383,0.9804103402601242,0.20686456561088562,0.28339311480522156,0.07652854919433594,256,geography_capitals,0,11,4,C
0.32421875,0.06567427525207398,5.8515625,0.2812307202094231,0.42217532026580007,0.720366761434636,0.012048192771084338,0.3515625,1.0,0.9921875,0.984375,0.97265625,0.95703125,0.9453125,0.9875813598600222,0.9877008877842516,0.20686456561088562,0.28339311480522156,0.07652854919433594,256,geography_capitals,0,11,8,C
0.296875,0.40826718489271624,5.68359375,-1.880041479584248,-1.5412669484999328,0.9085008444100653,0.0,0.40625,1.0,0.9764705882352941,0.9490196078431372,0.9333333333333333,0.9254901960784314,0.9215686274509803,0.9860146479298554,0.893661865876102,0.20686456561088562,0.28339311480522156,0.07652854919433594,256,geography_capitals,0,11,16,C
0.46875,3.3246126958062567,5.73046875,0.32901022764658416,0.9853293493418014,0.7793708551506504,0.0,0.0625,1.0,0.99609375,0.98828125,0.97265625,0.921875,0.8515625,0.9624150611751008,0.8601649012970893,0.1991690844297409,0.32704493403434753,0.12787586450576782,256,geography_capitals,0,12,4,C
0.41796875,3.6479074708197636,4.98828125,-5.6606420490336244,-5.853403764766367,0.8860847970254108,0.0,0.1640625,1.0,0.9094650205761317,0.8641975308641975,0.8436213991769548,0.8271604938271605,0.8106995884773662,0.9729991631953925,0.9501219252057855,0.1991690844297409,0.32704493403434753,0.12787586450576782,256,geography_capitals,0,12,8,C
0.34375,2.00931496878572,5.83203125,-0.23846114355020723,0.32920264919415837,0.8452366994183964,0.0,0.3125,1.0,0.9921875,0.98046875,0.96484375,0.953125,0.94140625,0.9867525915540151,0.997600847617297,0.1991690844297409,0.32704493403434753,0.12787586450576782,256,geography_capitals,0,12,16,C
0.421875,1.5655583594008304,4.94140625,-2.6946506451746144,-3.1842157815032426,0.7802231844135592,0.0,0.15625,1.0,0.9041666666666667,0.8708333333333333,0.8541666666666666,0.8291666666666667,0.8125,0.9740598771465152,0.9881433673969265,0.188661590218544,0.29926812648773193,0.11060652136802673,256,geography_capitals,0,13,4,C
0.3046875,-0.6806243071578614,5.8984375,0.6038663456886836,0.42217532026580007,0.7706597696097355,0.01282051282051282,0.390625,1.0,0.9921875,0.984375,0.98046875,0.9765625,0.96484375,0.9936343441389749,0.9540386822183822,0.188661590218544,0.29926812648773193,0.11060652136802673,256,geography_capitals,0,13,8,C
0.2734375,-0.39225670705378557,5.90625,0.5823290244668131,0.32920264919415837,0.8170831446391021,0.04285714285714286,0.453125,1.0,0.9921875,0.984375,0.98046875,0.9765625,0.97265625,0.9952382820213871,0.9739216617740921,0.188661590218544,0.29926812648773193,0.11060652136802673,256,geography_capitals,0,13,16,C
0.390625,0.39285546846387953,5.66015625,0.05957510036548726,0.9853293493418014,0.9607163993603938,0.0,0.21875,1.0,0.99609375,0.98828125,0.953125,0.88671875,0.8359375,0.9551360832034547,0.9301018598744053,0.11374913156032562,0.14673642814159393,0.03298730403184891,256,geography_capitals,0,14,4,C
0.33203125,0.36419370821604813,5.81640625,0.039254001099977676,0.04183719390021423,0.8424483850479177,0.0,0.3359375,1.0,0.9882352941176471,0.9764705882352941,0.9647058823529412,0.9568627450980393,0.9529411764705882,0.9907411337785568,0.9668076196438378,0.11374913156032562,0.14673642814159393,0.03298730403184891,256,geography_capitals,0,14,8,C
0.2890625,0.14142588757721564,5.9140625,0.6687279895212362,0.7032965687329766,0.8083821440177988,0.013513513513513514,0.421875,1.0,0.99609375,0.98828125,0.98046875,0.9765625,0.97265625,0.9940627089652826,0.9708543259014171,0.11374913156032562,0.14673642814159393,0.03298730403184891,256,geography_capitals,0,14,16,C
0.40234375,0.832619052565236,5.05078125,-2.275529336070686,-2.9647660377745564,0.8104883181037389,0.0,0.1953125,1.0,0.9125,0.8875,0.875,0.8625,0.85,0.9830968050977077,0.9762678530384502,0.13058094680309296,0.16022643446922302,0.029645495116710663,256,geography_capitals,0,15,4,C
0.3125,-0.3821048741938873,5.90625,0.657638949935227,0.42217532026580007,0.8363584061045244,0.0125,0.375,1.0,0.9921875,0.984375,0.98046875,0.9765625,0.97265625,0.9952382820213871,0.9739216617740921,0.13058094680309296,0.16022643446922302,0.029645495116710663,256,geography_capitals,0,15,8,C
0.26953125,-0.5256773557115358,5.77734375,-0.8432538989311695,-0.04489127034465989,0.8210168485340218,0.014492753623188406,0.4609375,1.0,0.98828125,0.97265625,0.95703125,0.9375,0.921875,0.9825609180537872,0.997881855228224,0.13058094680309296,0.16022643446922302,0.029645495116710663,256,geography_capitals,0,15,16,C
0.34375,-1.3661988679415467,5.91015625,1.0175666640316097,0.9853293493418014,0.9404795919493306,0.0,0.3125,1.0,0.99609375,0.9921875,0.984375,0.97265625,0.96484375,0.9916716953308852,0.9748654282796898,0.11973153054714203,0.15281863510608673,0.0330871045589447,256,geography_capitals,0,16,4,C
0.34375,0.8119728576620093,5.89453125,0.5769800435654119,0.42217532026580007,0.754990952176568,0.0,0.3125,1.0,0.9921875,0.984375,0.98046875,0.97265625,0.96484375,0.9932361731669301,0.9893270465499124,0.11973153054714203,0.15281863510608673,0.0330871045589447,256,geography_capitals,0,16,8,C
0.28515625,0.008005238919465321,5.94140625,0.9711243672117175,0.7032965687329766,0.7265093817187406,0.0,0.4296875,1.0,0.99609375,0.9921875,0.98828125,0.984375,0.98046875,0.9960551622400232,0.9999945318250933,0.11973153054714203,0.15281863510608673,0.0330871045589447,256,geography_capitals,0,16,16,C
0.39453125,0.5394433298309984,5.76171875,0.4487591731048495,0.5464298618844283,0.7642664248848935,0.0,0.2109375,1.0,0.9881889763779528,0.984251968503937,0.9724409448818898,0.9448818897637795,0.9173228346456693,0.9812136093703295,0.9129383198440734,0.2639697194099426,0.37811097502708435,0.11414118856191635,256,geography_capitals,0,17,4,C
0.35546875,1.2597520071079706,5.7421875,-0.47158573924218483,-0.14833186928257872,0.9078858726895365,0.0,0.2890625,1.0,0.984313725490196,0.9686274509803922,0.9529411764705882,0.9372549019607843,0.9215686274509803,0.9836688594983243,0.9999051051603806,0.2639697194099426,0.37811097502708435,0.11414118856191635,256,geography_capitals,0,17,8,C
0.27734375,-0.2588360583960353,5.74609375,-1.1888497591488623,-0.7930791094222963,0.8251408239997688,0.014084507042253521,0.4453125,1.0,0.984313725490196,0.9686274509803922,0.9529411764705882,0.9372549019607843,0.9254901960784314,0.9845046031508495,0.9978919745116728,0.2639697194099426,0.37811097502708435,0.11414118856191635,256,geography_capitals,0,17,16,C
0.328125,-1.9525503134100222,5.78125,0.5236022640162653,0.5464298618844283,0.9369055448656498,0.0,0.34375,1.0,0.9881889763779528,0.9803149606299213,0.9645669291338582,0.952755905511811,0.9409448818897638,0.9874302728511282,0.9925523460103334,0.1390351802110672,0.16329263150691986,0.024257460609078407,256,geography_capitals,0,18,4,C
0.30078125,-0.8298840236398485,5.90625,0.657638949935227,0.42217532026580007,1.0054611912489828,0.012987012987012988,0.3984375,1.0,0.9921875,0.984375,0.98046875,0.9765625,0.97265625,0.9952382820213871,0.9739216617740921,0.1390351802110672,0.16329263150691986,0.024257460609078407,256,geography_capitals,0,18,8,C
0.265625,-0.6590980043692862,5.88671875,0.36633161183075513,0.32920264919415837,0.7596931593021852,0.014705882352941176,0.46875,1.0,0.9921875,0.984375,0.98046875,0.97265625,0.95703125,0.9916224584292491,0.9399417021385229,0.1390351802110672,0.16329263150691986,0.024257460609078407,256,geography_capitals,0,18,16,C
0.41015625,1.1257947752994737,5.80859375,0.6283825912922474,0.9853293493418014,0.7828153018615707,0.0,0.1796875,1.0,0.99609375,0.98828125,0.97265625,0.94140625,0.91015625,0.9773560378336937,0.9377396799571384,0.11644692718982697,0.17773674428462982,0.06128982454538345,256,geography_capitals,0,19,4,C
0.37890625,2.155310305999893,5.75390625,-0.3909268328723697,-0.14833186928257872,0.6947252209677492,0.0,0.2421875,1.0,0.984313725490196,0.9647058823529412,0.9490196078431372,0.9411764705882353,0.9372549019607843,0.9878077959227306,0.9288780738655886,0.11644692718982697,0.17773674428462982,0.06128982454538345,256,geography_capitals,0,19,8,C
0.29296875,0.2748465362349659,5.90625,0.5823290244668131,0.7032965687329766,0.9405224647682597,0.0,0.4140625,1.0,0.99609375,0.9921875,0.984375,0.97265625,0.9609375,0.9908674187692903,0.9638326938154764,0.11644692718982697,0.17773674428462982,0.06128982454538345,256,geography_capitals,0,19,16,C
0.4296875,1.858734082135068,4.84765625,-3.0538974815494107,-3.623115268960616,0.733429527120503,0.0,0.140625,1.0,0.8949579831932774,0.8613445378151261,0.8487394957983193,0.819327731092437,0.7899159663865546,0.9704735966835587,0.9846833425677592,0.12221620231866837,0.17553305625915527,0.05331683158874512,256,geography_capitals,0,20,4,C
0.359375,1.4090117235899577,5.79296875,-0.12206381163965259,-0.33850093246537166,0.8545048675336995,0.0,0.28125,1.0,0.984251968503937,0.9724409448818898,0.9645669291338582,0.9606299212598425,0.9566929133858267,0.9931218574131949,0.9401878646154446,0.12221620231866837,0.17553305625915527,0.05331683158874512,256,geography_capitals,0,20,8,C
0.32421875,1.3422117254969683,5.8984375,0.4959300594123899,-0.04489127034465989,0.735613369244704,0.012048192771084338,0.3515625,1.0,0.9921568627450981,0.9882352941176471,0.984313725490196,0.9803921568627451,0.9764705882352941,0.9960237907202696,0.9999944443325324,0.12221620231866837,0.17553305625915527,0.05331683158874512,256,geography_capitals,0,20,16,C
0.3984375,0.6860311911981172,5.05078125,-2.275529336070686,-2.9647660377745564,0.8858180227039516,0.0,0.203125,1.0,0.9125,0.8875,0.875,0.8625,0.85,0.9830968050977077,0.9762678530384502,0.15121182799339294,0.19708751142024994,0.04587568715214729,256,geography_capitals,0,21,4,C
0.3046875,-0.6806243071578614,5.90625,0.657638949935227,0.42217532026580007,0.9394817085688902,0.01282051282051282,0.390625,1.0,0.9921875,0.984375,0.98046875,0.9765625,0.97265625,0.9952382820213871,0.9739216617740921,0.15121182799339294,0.19708751142024994,0.04587568715214729,256,geography_capitals,0,21,8,C
0.27734375,-0.2588360583960353,5.77734375,-0.8432538989311695,-0.04489127034465989,0.8764003659349616,0.0,0.4453125,1.0,0.98828125,0.97265625,0.95703125,0.9375,0.921875,0.9825609180537872,0.997881855228224,0.15121182799339294,0.19708751142024994,0.04587568715214729,256,geography_capitals,0,21,16,C
0.42578125,1.7121462207679492,5.46875,-0.6738871905663877,-0.11191936930163125,0.9878181286465899,0.0,0.1484375,1.0,0.9722222222222222,0.9563492063492064,0.9325396825396826,0.876984126984127,0.8174603174603174,0.9575859168623552,0.92508017660104,0.15336903929710388,0.20090241730213165,0.04753336310386658,256,geography_capitals,0,22,4,C
0.30859375,-0.5313645906758744,5.8515625,0.2812307202094231,0.42217532026580007,0.8351454220908505,0.012658227848101266,0.3828125,1.0,0.9921875,0.984375,0.97265625,0.95703125,0.9453125,0.9875813598600222,0.9877008877842516,0.15336903929710388,0.20090241730213165,0.04753336310386658,256,geography_capitals,0,22,8,C
0.2578125,-0.9259393016847868,5.8515625,-0.022463730914149244,0.32920264919415837,0.8408481280995885,0.015151515151515152,0.484375,1.0,0.9921875,0.984375,0.97265625,0.95703125,0.9453125,0.9875813598600222,0.9877008877842516,0.15336903929710388,0.20090241730213165,0.04753336310386658,256,geography_capitals,0,22,16,C
0.3984375,0.6860311911981172,5.87890625,0.8978177185733444,0.9853293493418014,0.8452366994183963,0.0,0.203125,1.0,0.99609375,0.98828125,0.9765625,0.96484375,0.953125,0.9888435211067819,0.994216345740109,0.18089261651039124,0.2616766095161438,0.08078399300575256,256,geography_capitals,0,23,4,C
0.36328125,1.5582714400719448,5.8125,0.012367698976705964,0.04183719390021423,0.7354520851241465,0.0,0.2734375,1.0,0.9882352941176471,0.9764705882352941,0.9647058823529412,0.9568627450980393,0.9490196078431372,0.9899243633902384,0.9900484023971036,0.18089261651039124,0.2616766095161438,0.08078399300575256,256,geography_capitals,0,23,8,C
0.31640625,1.0753704281814678,5.9140625,0.6687279895212362,0.7032965687329766,0.8129230339814714,0.012345679012345678,0.3671875,1.0,0.99609375,0.98828125,0.98046875,0.9765625,0.97265625,0.9940627089652826,0.9708543259014171,0.18089261651039124,0.2616766095161438,0.08078399300575256,256,geography_capitals,0,23,16,C
0.35546875,-0.9264352838401901,5.77734375,0.5086336458339821,0.21725524629139856,0.9506208497608286,0.01098901098901099,0.2890625,1.0,0.9802371541501976,0.9723320158102767,0.9683794466403162,0.9644268774703557,0.9604743083003953,0.9951221439402106,0.9739446031279753,0.14102214574813843,0.18434523046016693,0.0433230921626091,256,geography_capitals,0,24,4,C
0.34765625,0.9612325741439964,5.87109375,0.41566223082578163,0.23200625708300715,0.7945736357912497,0.0,0.3046875,1.0,0.9921568627450981,0.984313725490196,0.9764705882352941,0.9725490196078431,0.9686274509803922,0.9940153301915359,0.9708624724171528,0.14102214574813843,0.18434523046016693,0.0433230921626091,256,geography_capitals,0,24,8,C
0.29296875,0.2748465362349659,5.87109375,0.19353368172190874,-0.04489127034465989,1.0060135687864902,0.0,0.4140625,1.0,0.9921568627450981,0.984313725490196,0.9764705882352941,0.9725490196078431,0.9686274509803922,0.9940153301915359,0.9708624724171528,0.14102214574813843,0.18434523046016693,0.0433230921626091,256,geography_capitals,0,24,16,C
0.421875,1.5655583594008304,5.58203125,-0.23979726328017598,-0.11191936930163125,0.816471068598607,0.0,0.15625,1.0,0.9722222222222222,0.9563492063492064,0.9444444444444444,0.9166666666666666,0.8809523809523809,0.9763305339857605,0.9468031583861338,0.1377561092376709,0.16352981328964233,0.025773700326681137,256,geography_capitals,0,25,4,C
0.35546875,1.2597520071079706,5.8515625,0.2812307202094231,0.42217532026580007,0.7534907334515575,0.0,0.2890625,1.0,0.9921875,0.984375,0.97265625,0.95703125,0.9453125,0.9875813598600222,0.9877008877842516,0.1377561092376709,0.16352981328964233,0.025773700326681137,256,geography_capitals,0,25,8,C
0.265625,-0.6590980043692862,5.8515625,-0.022463730914149244,0.32920264919415837,0.89988464424478,0.0,0.46875,1.0,0.9921875,0.984375,0.97265625,0.95703125,0.9453125,0.9875813598600222,0.9877008877842516,0.1377561092376709,0.16352981328964233,0.025773700326681137,256,geography_capitals,0,25,16,C
0.33203125,-1.8059624520429032,5.78125,0.5236022640162653,0.5464298618844283,0.8644579194934762,0.0,0.3359375,1.0,0.9881889763779528,0.9803149606299213,0.9645669291338582,0.952755905511811,0.9409448818897638,0.9874302728511282,0.9925523460103334,0.20573170483112335,0.28146472573280334,0.07573303580284119,256,geography_capitals,0,26,4,C
0.30078125,-0.8298840236398485,5.90625,0.657638949935227,0.42217532026580007,1.033027980008382,0.012987012987012988,0.3984375,1.0,0.9921875,0.984375,0.98046875,0.9765625,0.97265625,0.9952382820213871,0.9739216617740921,0.20573170483112335,0.28146472573280334,0.07573303580284119,256,geography_capitals,0,26,8,C
0.25390625,-1.059359950342537,5.88671875,0.36633161183075513,0.32920264919415837,0.8142118399456845,0.03076923076923077,0.4921875,1.0,0.9921875,0.984375,0.98046875,0.97265625,0.95703125,0.9916224584292491,0.9399417021385229,0.20573170483112335,0.28146472573280334,0.07573303580284119,256,geography_capitals,0,26,16,C
0.3828125,0.09967974572964182,5.7890625,0.5535395003808317,0.5464298618844283,0.8574007231160935,0.0,0.234375,1.0,0.9881889763779528,0.9803149606299213,0.9645669291338582,0.952755905511811,0.9488188976377953,0.9890773717055166,0.9700257168921069,0.12724590301513672,0.1680864691734314,0.040840573608875275,256,geography_capitals,0,27,4,C
0.34765625,0.9612325741439964,5.90625,0.657638949935227,0.42217532026580007,1.0001718360696592,0.0,0.3046875,1.0,0.9921875,0.984375,0.98046875,0.9765625,0.97265625,0.9952382820213871,0.9739216617740921,0.12724590301513672,0.1680864691734314,0.040840573608875275,256,geography_capitals,0,27,8,C
0.30859375,0.8085291308659671,5.88671875,0.36633161183075513,0.32920264919415837,0.8652516077067035,0.02531645569620253,0.3828125,1.0,0.9921875,0.984375,0.98046875,0.97265625,0.95703125,0.9916224584292491,0.9399417021385229,0.12724590301513672,0.1680864691734314,0.040840573608875275,256,geography_capitals,0,27,16,C
0.3359375,-1.6593745906757844,5.91015625,1.0175666640316097,0.9853293493418014,0.9342198270724417,0.0,0.328125,1.0,0.99609375,0.9921875,0.984375,0.97265625,0.96484375,0.9916716953308852,0.9748654282796898,0.14778774976730347,0.2168947458267212,0.06910701096057892,256,geography_capitals,0,28,4,C
0.35546875,1.2597520071079706,5.89453125,0.5769800435654119,0.42217532026580007,0.7171598838398623,0.0,0.2890625,1.0,0.9921875,0.984375,0.98046875,0.97265625,0.96484375,0.9932361731669301,0.9893270465499124,0.14778774976730347,0.2168947458267212,0.06910701096057892,256,geography_capitals,0,28,8,C
0.31640625,1.0753704281814678,5.94140625,0.9711243672117175,0.7032965687329766,0.807161547076,0.0,0.3671875,1.0,0.99609375,0.9921875,0.98828125,0.984375,0.98046875,0.9960551622400232,0.9999945318250933,0.14778774976730347,0.2168947458267212,0.06910701096057892,256,geography_capitals,0,28,16,C
0.40625,0.9792069139323549,5.04296875,-2.3054665724352525,-3.0744909096388993,0.8603420717231961,0.0,0.1875,1.0,0.9121338912133892,0.891213389121339,0.8786610878661087,0.8661087866108786,0.8535564853556485,0.9839970784064966,0.988460504134228,0.1716853678226471,0.24616798758506775,0.07448258996009827,256,geography_capitals,0,29,4,C
0.328125,0.21493399173406105,5.90625,0.657638949935227,0.42217532026580007,0.7637157382294703,0.0,0.34375,1.0,0.9921875,0.984375,0.98046875,0.9765625,0.97265625,0.9952382820213871,0.9739216617740921,0.1716853678226471,0.24616798758506775,0.07448258996009827,256,geography_capitals,0,29,8,C
0.3046875,0.6751084822082168,5.90625,0.5823290244668131,0.7032965687329766,0.9128066607995364,0.0,0.390625,1.0,0.99609375,0.9921875,0.98828125,0.97265625,0.95703125,0.9900605224065302,0.9061754847745773,0.1716853678226471,0.24616798758506775,0.07448258996009827,256,geography_capitals,0,29,16,C
0.42578125,1.7121462207679492,5.51171875,-0.5092323905612729,0.5464298618844283,0.6751165180360867,0.0,0.1484375,1.0,0.9881889763779528,0.984251968503937,0.9409448818897638,0.8582677165354331,0.7834645669291339,0.9416456825000202,0.90679007984594,0.22526031732559204,0.3701266348361969,0.14486634731292725,256,geography_capitals,1,0,4,C
0.35546875,1.2597520071079706,5.90625,0.657638949935227,0.42217532026580007,0.892012209986698,0.01098901098901099,0.2890625,1.0,0.9921875,0.984375,0.98046875,0.9765625,0.97265625,0.9952382820213871,0.9739216617740921,0.22526031732559204,0.3701266348361969,0.14486634731292725,256,geography_capitals,1,0,8,C
0.26171875,-0.7925186530270365,5.8984375,0.4959300594123899,0.7032965687329766,0.9011258145303982,0.0,0.4765625,1.0,0.99609375,0.9921875,0.984375,0.96875,0.95703125,0.9896621873251187,0.9532849921417738,0.22526031732559204,0.3701266348361969,0.14486634731292725,256,geography_capitals,1,0,16,C
0.37109375,-0.34008383837171474,5.48828125,-0.5990440996549719,-0.6605437286233475,0.7832251738583754,0.0,0.2578125,1.0,0.9561752988047809,0.9322709163346613,0.9203187250996016,0.900398406374502,0.8884462151394422,0.9819920739591724,0.9883136181319685,0.3500036895275116,0.640349268913269,0.29034554958343506,256,geography_capitals,1,1,4,C
0.30078125,-0.8298840236398485,5.84765625,0.2543444180861513,0.42217532026580007,0.8924320009645069,0.0,0.3984375,1.0,0.9921875,0.984375,0.9765625,0.95703125,0.9375,0.9859435708110522,0.9481651458241703,0.3500036895275116,0.640349268913269,0.29034554958343506,256,geography_capitals,1,1,8,C
0.27734375,-0.2588360583960353,5.84765625,-0.06566321344136083,0.32920264919415837,0.9132145691213941,0.014084507042253521,0.4453125,1.0,0.9921875,0.984375,0.9765625,0.95703125,0.9375,0.9859435708110522,0.9481651458241703,0.3500036895275116,0.640349268913269,0.29034554958343506,256,geography_capitals,1,1,16,C
0.40625,0.9792069139323549,5.80859375,0.6283825912922474,0.5464298618844283,0.7619305487223375,0.0,0.1875,1.0,0.9881889763779528,0.984251968503937,0.9763779527559056,0.9606299212598425,0.9448818897637795,0.9886725715330481,0.9400593359396138,0.22915053367614746,0.3915778398513794,0.16242733597755432,256,geography_capitals,1,2,4,C
0.3359375,0.5134534246980352,5.8984375,0.6038663456886836,0.23200625708300715,0.8364080338906354,0.0,0.328125,1.0,0.9921568627450981,0.9882352941176471,0.984313725490196,0.9803921568627451,0.9764705882352941,0.9960237907202696,0.9999944443325324,0.22915053367614746,0.3915778398513794,0.16242733597755432,256,geography_capitals,1,2,8,C
0.35546875,2.4095769147589707,5.94140625,0.9711243672117175,0.7032965687329766,0.8366600265340757,0.0,0.2890625,1.0,0.99609375,0.9921875,0.98828125,0.984375,0.98046875,0.9960551622400232,0.9999945318250933,0.22915053367614746,0.3915778398513794,0.16242733597755432,256,geography_capitals,1,2,16,C
0.34765625,-1.219611006574428,5.75,0.403853318558,0.5464298618844283,0.9217308170910846,0.011235955056179775,0.3046875,1.0,0.9881889763779528,0.984251968503937,0.9724409448818898,0.9448818897637795,0.905511811023622,0.9786737643961637,0.8799836992030625,0.22472921013832092,0.3467903435230255,0.1220611110329628,256,geography_capitals,1,3,4,C
0.2578125,-2.4717409049417065,5.90625,0.657638949935227,0.42217532026580007,0.9645877768451676,0.030303030303030304,0.484375,1.0,0.9921875,0.984375,0.98046875,0.9765625,0.97265625,0.9952382820213871,0.9739216617740921,0.22472921013832092,0.3467903435230255,0.1220611110329628,256,geography_capitals,1,3,8,C
0.265625,-0.6590980043692862,5.8984375,0.4959300594123899,0.7032965687329766,0.8707360792204114,0.0,0.46875,1.0,0.99609375,0.9921875,0.984375,0.96875,0.95703125,0.9896621873251187,0.9532849921417738,0.22472921013832092,0.3467903435230255,0.1220611110329628,256,geography_capitals,1,3,16,C
0.359375,-0.7798474224730713,5.74609375,0.3888847003757168,0.5464298618844283,1.1429365686686201,0.0,0.28125,1.0,0.9881889763779528,0.984251968503937,0.9763779527559056,0.9409448818897638,0.9015748031496063,0.9774130683529773,0.8610289014346808,0.3339068293571472,0.702150285243988,0.3682434558868408,256,geography_capitals,1,4,4,C
0.33203125,0.36419370821604813,5.89453125,0.5769800435654119,0.42217532026580007,0.8981302744441793,0.023529411764705882,0.3359375,1.0,0.9921875,0.984375,0.98046875,0.9765625,0.9609375,0.9928284758082064,0.918230523951873,0.3339068293571472,0.702150285243988,0.3682434558868408,256,geography_capitals,1,4,8,C
0.265625,-0.6590980043692862,5.6640625,-2.0960388922203057,-0.4189851898834781,1.2568232089534295,0.014705882352941176,0.46875,1.0,0.9882352941176471,0.9725490196078431,0.9411764705882353,0.9019607843137255,0.8823529411764706,0.9702508033164352,0.9805258535369152,0.3339068293571472,0.702150285243988,0.3682434558868408,256,geography_capitals,1,4,16,C
0.35546875,-0.9264352838401901,5.94140625,1.1373156094898749,0.9853293493418014,0.9626511359241433,0.0,0.2890625,1.0,0.99609375,0.9921875,0.98828125,0.984375,0.98046875,0.9960551622400232,0.9999945318250933,0.1835794746875763,0.25660064816474915,0.07302115857601166,256,geography_capitals,1,5,4,C
0.26953125,-2.023961755495745,5.94140625,0.8996156690446724,0.612344383448593,0.9957382370886089,0.028985507246376812,0.4609375,1.0,0.99609375,0.9921875,0.98828125,0.984375,0.98046875,0.9960551622400232,0.9999945318250933,0.1835794746875763,0.25660064816474915,0.07302115857601166,256,geography_capitals,1,5,8,C
0.23828125,-1.5930425449735384,5.9296875,0.8415259196300827,0.7032965687329766,1.195454014911904,0.0,0.5234375,1.0,0.99609375,0.9921875,0.98828125,0.98046875,0.97265625,0.9940674052246967,0.9687840401147957,0.1835794746875763,0.25660064816474915,0.07302115857601166,256,geography_capitals,1,5,16,C
0.3828125,0.09967974572964182,5.74609375,0.3888847003757168,0.5464298618844283,0.9567982185004641,0.0,0.234375,1.0,0.9881889763779528,0.984251968503937,0.968503937007874,0.937007874015748,0.9133858267716536,0.979549861428874,0.9326781137133566,0.2992190420627594,0.5185514688491821,0.21933244168758392,256,geography_capitals,1,6,4,C
0.375,2.006050589517906,5.4453125,-2.5149447006108345,-2.8106987538416797,0.6437472124422445,0.0,0.25,1.0,0.948,0.92,0.916,0.904,0.888,0.9852784545189271,0.9441760850961859,0.2992190420627594,0.5185514688491821,0.21933244168758392,256,geography_capitals,1,6,8,C
0.296875,0.40826718489271624,5.81640625,-0.4112590736590536,0.7032965687329766,0.7645251197648436,0.0,0.40625,1.0,0.99609375,0.984375,0.96875,0.94921875,0.91796875,0.9802257559625702,0.9588433589155154,0.2992190420627594,0.5185514688491821,0.21933244168758392,256,geography_capitals,1,6,16,C
0.3671875,-0.48667169973883356,5.5703125,-0.28470311782702545,0.21725524629139856,1.0189627454279933,0.0,0.265625,1.0,0.9802371541501976,0.9683794466403162,0.9525691699604744,0.9011857707509882,0.83399209486166,0.9612647817023368,0.8801699893084408,0.3439364433288574,0.5898297429084778,0.24589329957962036,256,geography_capitals,1,7,4,C
0.28515625,-1.4269228895677968,5.91796875,0.7382978563050421,0.612344383448593,0.9467610629820307,0.0,0.4296875,1.0,0.99609375,0.9921875,0.984375,0.9765625,0.96875,0.9928712363302906,0.9872068398854731,0.3439364433288574,0.5898297429084778,0.24589329957962036,256,geography_capitals,1,7,8,C
0.29296875,0.2748465362349659,5.89453125,0.4527305768851783,0.7032965687329766,0.9337429195597701,0.0,0.4140625,1.0,0.99609375,0.98828125,0.9765625,0.96875,0.96484375,0.9916638242646785,0.976441337854549,0.3439364433288574,0.5898297429084778,0.24589329957962036,256,geography_capitals,1,7,16,C
0.359375,-0.7798474224730713,5.05859375,-2.2455920997061196,-1.648067575402437,0.94759497028951,0.0,0.28125,1.0,0.9390243902439024,0.9186991869918699,0.8861788617886179,0.7967479674796748,0.7235772357723578,0.9357856210754788,0.9213858887504558,0.27616554498672485,0.520304262638092,0.244138702750206,256,geography_capitals,1,8,4,C
0.328125,0.21493399173406105,5.93359375,0.845843064798129,0.612344383448593,0.9850270838303343,0.0,0.34375,1.0,0.99609375,0.9921875,0.98828125,0.984375,0.97265625,0.9944627397651815,0.922639787895895,0.27616554498672485,0.520304262638092,0.244138702750206,256,geography_capitals,1,8,8,C
0.33203125,1.6090530228124689,5.13671875,-7.927969033393871,-3.411736546194024,0.9866838265346066,0.03529411764705882,0.3359375,1.0,0.9644268774703557,0.9051383399209486,0.83399209486166,0.7707509881422925,0.7233201581027668,0.92903519228175,0.9978680634789223,0.27616554498672485,0.520304262638092,0.244138702750206,256,geography_capitals,1,8,16,C
0.35546875,-0.9264352838401901,5.79296875,0.5685081185631148,0.5464298618844283,0.9932189954727736,0.0,0.2890625,1.0,0.9881889763779528,0.984251968503937,0.9763779527559056,0.9566929133858267,0.9330708661417323,0.9857835152544285,0.9051998753994156,0.20396940410137177,0.3015066981315613,0.09753730148077011,256,geography_capitals,1,9,4,C
0.31640625,-0.23284515771190017,5.90234375,0.6307526478119553,0.42217532026580007,0.9074654655779181,0.0,0.3671875,1.0,0.9921875,0.984375,0.98046875,0.9765625,0.96875,0.9944376065822589,0.9799801103548822,0.20396940410137177,0.3015066981315613,0.09753730148077011,256,geography_capitals,1,9,8,C
0.2734375,-0.39225670705378557,5.8984375,0.4959300594123899,-0.04489127034465989,0.8420596286064523,0.02857142857142857,0.453125,1.0,0.9921568627450981,0.9882352941176471,0.984313725490196,0.9803921568627451,0.9764705882352941,0.9960237907202696,0.9999944443325324,0.20396940410137177,0.3015066981315613,0.09753730148077011,256,geography_capitals,1,9,16,C
0.3671875,-0.48667169973883356,5.85546875,0.8080060094796454,0.5464298618844283,1.0999191180793284,0.0,0.265625,1.0,0.9881889763779528,0.984251968503937,0.9803149606299213,0.9763779527559056,0.9724409448818898,0.995991916224948,0.9999943547231583,0.41539889574050903,0.7899355888366699,0.37453678250312805,256,geography_capitals,1,10,4,C
0.265625,-2.1732214719777323,5.90234375,0.6307526478119553,0.42217532026580007,0.9656731920477808,0.04411764705882353,0.46875,1.0,0.9921875,0.984375,0.98046875,0.9765625,0.96875,0.9944376065822589,0.9799801103548822,0.41539889574050903,0.7899355888366699,0.37453678250312805,256,geography_capitals,1,10,8,C
0.29296875,0.2748465362349659,5.94140625,0.9711243672117175,0.7032965687329766,0.7668003864227155,0.0,0.4140625,1.0,0.99609375,0.9921875,0.98828125,0.984375,0.98046875,0.9960551622400232,0.9999945318250933,0.41539889574050903,0.7899355888366699,0.37453678250312805,256,geography_capitals,1,10,16,C
0.40234375,0.832619052565236,5.45703125,-0.7187930451132372,-0.44109398489466106,0.8083384679187309,0.0,0.1953125,1.0,0.9641434262948207,0.9402390438247012,0.9163346613545816,0.8844621513944223,0.8605577689243028,0.9715648052477586,0.9961566492256032,0.43561387062072754,0.6655716896057129,0.22995778918266296,256,geography_capitals,1,11,4,C
0.28515625,-1.4269228895677968,5.5859375,-1.5470378241730531,-1.2893462483793363,0.8571428571428571,0.0136986301369863,0.4296875,1.0,0.9683794466403162,0.9407114624505929,0.924901185770751,0.9130434782608695,0.9051383399209486,0.9836427195874995,0.9479492912970436,0.43561387062072754,0.6655716896057129,0.22995778918266296,256,geography_capitals,1,11,8,C
0.328125,1.4756323741547186,5.515625,-3.7376192282543466,-2.6635487071163877,0.8117858323292823,0.0,0.34375,1.0,0.9723320158102767,0.9446640316205533,0.9130434782608695,0.8853754940711462,0.8656126482213439,0.9707039867052528,0.9959402820316944,0.43561387062072754,0.6655716896057129,0.22995778918266296,256,geography_capitals,1,11,16,C
0.359375,-0.7798474224730713,5.58203125,-0.23979726328017598,-0.5508188567590043,0.8605582380762864,0.0,0.28125,1.0,0.964,0.952,0.944,0.932,0.924,0.989456905576593,0.9955975003351522,0.26805806159973145,0.5602403879165649,0.2921823561191559,256,geography_capitals,1,12,4,C
0.30078125,-0.8298840236398485,5.91796875,0.7382978563050421,0.612344383448593,0.8009993757800316,0.0,0.3984375,1.0,0.99609375,0.9921875,0.984375,0.9765625,0.96875,0.9928712363302906,0.9872068398854731,0.26805806159973145,0.5602403879165649,0.2921823561191559,256,geography_capitals,1,12,8,C
0.27734375,-0.2588360583960353,5.78125,-0.8000544164039579,-1.1671730289611146,0.6887822884887924,0.014084507042253521,0.4453125,1.0,0.9803921568627451,0.9647058823529412,0.9607843137254902,0.9529411764705882,0.9450980392156862,0.9914767247004281,0.9604521224354765,0.26805806159973145,0.5602403879165649,0.2921823561191559,256,geography_capitals,1,12,16,C
0.390625,0.39285546846387953,5.83984375,0.7481315367505127,0.5464298618844283,0.9111615770548788,0.0,0.21875,1.0,0.9881889763779528,0.984251968503937,0.9803149606299213,0.9724409448818898,0.9606299212598425,0.9931593039244523,0.9364209402290568,0.24547933042049408,0.5776394605636597,0.3321601152420044,256,geography_capitals,1,13,4,C
0.32421875,0.06567427525207398,5.90625,0.657638949935227,0.42217532026580007,0.8284817198897534,0.012048192771084338,0.3515625,1.0,0.9921875,0.984375,0.98046875,0.9765625,0.97265625,0.9952382820213871,0.9739216617740921,0.24547933042049408,0.5776394605636597,0.3321601152420044,256,geography_capitals,1,13,8,C
0.22265625,-2.1267251396045395,5.9375,0.9279248846845058,0.7032965687329766,0.8743958818341806,0.03508771929824561,0.5546875,1.0,0.99609375,0.9921875,0.98828125,0.984375,0.9765625,0.9952602249442511,0.9720086167693385,0.24547933042049408,0.5776394605636597,0.3321601152420044,256,geography_capitals,1,13,16,C
0.38671875,0.24626760709676068,4.63671875,-3.8622028633927012,-3.952289884553646,0.9057594913739353,0.0,0.2265625,1.0,0.8860759493670886,0.8438818565400844,0.8143459915611815,0.759493670886076,0.7046413502109705,0.9451999418167591,0.9799309186267283,0.31075519323349,0.5718771815299988,0.2611220180988312,256,geography_capitals,1,14,4,C
0.33984375,0.6627131411800223,5.90625,0.657638949935227,0.42217532026580007,0.8307215306748906,0.011494252873563218,0.3203125,1.0,0.9921875,0.984375,0.98046875,0.9765625,0.97265625,0.9952382820213871,0.9739216617740921,0.31075519323349,0.5718771815299988,0.2611220180988312,256,geography_capitals,1,14,8,C
0.23046875,-1.859883842289039,5.5546875,-3.3056244029822306,-0.4189851898834781,0.8781583090916687,0.01694915254237288,0.5390625,1.0,0.9882352941176471,0.9568627450980393,0.9098039215686274,0.8705882352941177,0.8509803921568627,0.9614089337414002,0.9870760464924698,0.31075519323349,0.5718771815299988,0.2611220180988312,256,geography_capitals,1,14,16,C
0.33984375,-1.5127867293086656,5.63671875,-0.030236608728211715,0.5464298618844283,1.190826114986429,0.0,0.3203125,1.0,0.9881889763779528,0.984251968503937,0.9645669291338582,0.9094488188976378,0.8346456692913385,0.9591789185914736,0.8547438625330555,0.19245968759059906,0.2809622883796692,0.08850260823965073,256,geography_capitals,1,15,4,C
0.2578125,-2.4717409049417065,5.90625,0.657638949935227,0.42217532026580007,1.1718284414946727,0.045454545454545456,0.484375,1.0,0.9921875,0.984375,0.98046875,0.9765625,0.97265625,0.9952382820213871,0.9739216617740921,0.19245968759059906,0.2809622883796692,0.08850260823965073,256,geography_capitals,1,15,8,C
0.21875,-2.2601457882622897,5.8984375,0.4959300594123899,0.7032965687329766,0.8938446919534363,0.03571428571428571,0.5625,1.0,0.99609375,0.9921875,0.984375,0.96875,0.95703125,0.9896621873251187,0.9532849921417738,0.19245968759059906,0.2809622883796692,0.08850260823965073,256,geography_capitals,1,15,16,C
0.37109375,-0.34008383837171474,5.94140625,1.1373156094898749,0.9853293493418014,0.7741482774995727,0.0,0.2578125,1.0,0.99609375,0.9921875,0.98828125,0.984375,0.98046875,0.9960551622400232,0.9999945318250933,0.3881824314594269,0.662722647190094,0.2745402455329895,256,geography_capitals,1,16,4,C
0.27734375,-1.725442322531771,5.88671875,0.5232074393188685,0.612344383448593,1.0429189805540982,0.0,0.4453125,1.0,0.99609375,0.984375,0.97265625,0.96875,0.96484375,0.9920566407066376,0.9363031356373082,0.3881824314594269,0.662722647190094,0.2745402455329895,256,geography_capitals,1,16,8,C
0.2890625,0.14142588757721564,5.87890625,0.27993264677633195,0.32920264919415837,0.8967219757366219,0.0,0.421875,1.0,0.9921875,0.98046875,0.97265625,0.96875,0.96484375,0.993231405454032,0.9401580794561831,0.3881824314594269,0.662722647190094,0.2745402455329895,256,geography_capitals,1,16,16,C
0.39453125,0.5394433298309984,5.69921875,0.20926128218831888,0.5464298618844283,0.8644073113989723,0.0,0.2109375,1.0,0.9881889763779528,0.9803149606299213,0.9606299212598425,0.9251968503937008,0.889763779527559,0.9735848227699951,0.938673926350573,0.191785991191864,0.24703696370124817,0.05525097995996475,256,geography_capitals,1,17,4,C
0.30859375,-0.5313645906758744,5.90625,0.657638949935227,0.42217532026580007,0.8278250150214844,0.012658227848101266,0.3828125,1.0,0.9921875,0.984375,0.98046875,0.9765625,0.97265625,0.9952382820213871,0.9739216617740921,0.191785991191864,0.24703696370124817,0.05525097995996475,256,geography_capitals,1,17,8,C
0.30859375,0.8085291308659671,5.8984375,0.4959300594123899,0.7032965687329766,0.9284481676431918,0.0,0.3828125,1.0,0.99609375,0.9921875,0.984375,0.96875,0.95703125,0.9896621873251187,0.9532849921417738,0.191785991191864,0.24703696370124817,0.05525097995996475,256,geography_capitals,1,17,16,C
0.3359375,-1.6593745906757844,5.69921875,0.20926128218831888,-0.11191936930163125,1.0298417942326106,0.0,0.328125,1.0,0.9722222222222222,0.9603174603174603,0.9563492063492064,0.9523809523809523,0.9484126984126984,0.9942279108839845,0.926474359809816,0.29011285305023193,0.4975797235965729,0.20746687054634094,256,geography_capitals,1,18,4,C
0.25,-2.7702603379056807,5.921875,0.7651841584283138,0.612344383448593,1.0124069624676892,0.015625,0.5,1.0,0.99609375,0.9921875,0.984375,0.9765625,0.97265625,0.9936706506001096,0.9846095996310225,0.29011285305023193,0.4975797235965729,0.20746687054634094,256,geography_capitals,1,18,8,C
0.3125,0.9419497795237175,5.7578125,-1.0592513115672275,-1.5412669484999328,0.9277705798218474,0.0,0.375,1.0,0.9764705882352941,0.9568627450980393,0.9529411764705882,0.9490196078431372,0.9450980392156862,0.9926727337624537,0.8382532563429252,0.29011285305023193,0.4975797235965729,0.20746687054634094,256,geography_capitals,1,18,16,C
0.39453125,0.5394433298309984,4.96484375,-2.6048389360809154,-1.8675173191311236,0.8490875127638661,0.009900990099009901,0.2109375,1.0,0.9308943089430894,0.8902439024390244,0.8455284552845529,0.7764227642276422,0.7235772357723578,0.9379416667933265,0.9844326754067377,0.1748381108045578,0.26746049523353577,0.09262235462665558,256,geography_capitals,1,19,4,C
0.36328125,1.5582714400719448,5.8984375,0.6038663456886836,0.42217532026580007,0.94087507228077,0.010752688172043012,0.2734375,1.0,0.9921875,0.984375,0.98046875,0.9765625,0.96484375,0.9936343441389749,0.9540386822183822,0.1748381108045578,0.26746049523353577,0.09262235462665558,256,geography_capitals,1,19,8,C
0.3203125,1.208791076839218,5.85546875,0.02073575161306235,0.32920264919415837,0.9548962228431197,0.012195121951219513,0.359375,1.0,0.9921875,0.98046875,0.96875,0.9609375,0.953125,0.9900049373289191,0.990039619480327,0.1748381108045578,0.26746049523353577,0.09262235462665558,256,geography_capitals,1,19,16,C
0.36328125,-0.6332595611059524,5.85546875,0.8080060094796454,0.5464298618844283,1.0388032336416346,0.0,0.2734375,1.0,0.9881889763779528,0.984251968503937,0.9803149606299213,0.9763779527559056,0.9724409448818898,0.995991916224948,0.9999943547231583,0.45144790410995483,0.6824311017990112,0.2309831976890564,256,geography_capitals,1,20,4,C
0.265625,-2.1732214719777323,5.90234375,0.6307526478119553,0.42217532026580007,0.8632589414538375,0.014705882352941176,0.46875,1.0,0.9921875,0.984375,0.98046875,0.9765625,0.96875,0.9944376065822589,0.9799801103548822,0.45144790410995483,0.6824311017990112,0.2309831976890564,256,geography_capitals,1,20,8,C
0.2421875,-1.459621896315788,5.94140625,0.9711243672117175,0.7032965687329766,1.0493720164999063,0.016129032258064516,0.515625,1.0,0.99609375,0.9921875,0.98828125,0.984375,0.98046875,0.9960551622400232,0.9999945318250933,0.45144790410995483,0.6824311017990112,0.2309831976890564,256,geography_capitals,1,20,16,C
0.4375,2.1519098048693057,5.45703125,-0.7187930451132372,-0.6605437286233475,0.752102473946378,0.0,0.125,1.0,0.963855421686747,0.9518072289156626,0.9317269076305221,0.8955823293172691,0.8674698795180723,0.9732046012748851,0.9639496135884895,0.22880184650421143,0.39528888463974,0.16648706793785095,256,geography_capitals,1,21,4,C
0.27734375,-1.725442322531771,5.859375,0.3350033244559665,0.23200625708300715,0.8975274678557505,0.014084507042253521,0.4453125,1.0,0.98828125,0.9765625,0.97265625,0.96484375,0.95703125,0.9923955475126196,0.9816117471231951,0.22880184650421143,0.39528888463974,0.16648706793785095,256,geography_capitals,1,21,8,C
0.2265625,-1.9933044909467892,5.94140625,0.9711243672117175,0.7032965687329766,0.8324027907738233,0.017241379310344827,0.546875,1.0,0.99609375,0.9921875,0.98828125,0.984375,0.98046875,0.9960551622400232,0.9999945318250933,0.22880184650421143,0.39528888463974,0.16648706793785095,256,geography_capitals,1,21,16,C
0.4296875,1.858734082135068,5.29296875,-1.34747500876913,0.5464298618844283,0.8253581040978518,0.0,0.140625,1.0,0.9881889763779528,0.9724409448818898,0.9133858267716536,0.7874015748031497,0.6732283464566929,0.9067713336169116,0.9058061803051443,0.31169837713241577,0.6330336928367615,0.3213352859020233,256,geography_capitals,1,22,4,C
0.328125,0.21493399173406105,5.90625,0.657638949935227,0.42217532026580007,0.7568937756373868,0.011904761904761904,0.34375,1.0,0.9921875,0.984375,0.98046875,0.9765625,0.97265625,0.9952382820213871,0.9739216617740921,0.31169837713241577,0.6330336928367615,0.3213352859020233,256,geography_capitals,1,22,8,C
0.2890625,0.14142588757721564,5.78515625,-0.7568549338767464,-0.4189851898834781,0.8669287762734641,0.0,0.421875,1.0,0.9882352941176471,0.9725490196078431,0.9568627450980393,0.9490196078431372,0.9411764705882353,0.9878670699860651,0.9719132351396874,0.31169837713241577,0.6330336928367615,0.3213352859020233,256,geography_capitals,1,22,16,C
0.30859375,-2.685489620245616,5.8984375,0.9726608094847602,0.9853293493418014,1.031722139617954,0.0,0.3828125,1.0,0.99609375,0.9921875,0.984375,0.96875,0.95703125,0.9896621873251187,0.9532849921417738,0.21071696281433105,0.33675283193588257,0.1260358691215515,256,geography_capitals,1,23,4,C
0.21484375,-4.113597786243564,5.89453125,0.5769800435654119,0.42217532026580007,0.9914601339836672,0.03636363636363636,0.5703125,1.0,0.9921875,0.984375,0.98046875,0.97265625,0.96484375,0.9932361731669301,0.9893270465499124,0.21071696281433105,0.33675283193588257,0.1260358691215515,256,geography_capitals,1,23,8,C
0.26953125,-0.5256773557115358,5.9375,0.9279248846845058,0.7032965687329766,0.9862386974141674,0.014492753623188406,0.4609375,1.0,0.99609375,0.9921875,0.98828125,0.984375,0.9765625,0.9952602249442511,0.9720086167693385,0.21071696281433105,0.33675283193588257,0.1260358691215515,256,geography_capitals,1,23,16,C
0.34765625,-1.219611006574428,5.71484375,0.2691357549174515,0.21725524629139856,0.8901121191171196,0.0,0.3046875,1.0,0.9802371541501976,0.9723320158102767,0.9604743083003953,0.9407114624505929,0.9288537549407114,0.9860238533532847,0.9784019543602142,0.2638809382915497,0.5349946618080139,0.2711137533187866,256,geography_capitals,1,24,4,C
0.359375,1.4090117235899577,5.90234375,0.6307526478119553,0.42217532026580007,0.78124003993651,0.0,0.28125,1.0,0.9921875,0.984375,0.98046875,0.9765625,0.96875,0.9944376065822589,0.9799801103548822,0.2638809382915497,0.5349946618080139,0.2711137533187866,256,geography_capitals,1,24,8,C
0.328125,1.4756323741547186,5.94140625,0.9711243672117175,0.7032965687329766,0.8338124574445586,0.0,0.34375,1.0,0.99609375,0.9921875,0.98828125,0.984375,0.98046875,0.9960551622400232,0.9999945318250933,0.2638809382915497,0.5349946618080139,0.2711137533187866,256,geography_capitals,1,24,16,C
0.3828125,0.09967974572964182,5.73828125,0.3589474640111505,0.10753037442705528,0.8643323979471025,0.0,0.234375,1.0,0.9801587301587301,0.9761904761904762,0.9682539682539683,0.9563492063492064,0.9484126984126984,0.9913987867375169,0.9748387921774001,0.231461763381958,0.3359792232513428,0.10451744496822357,256,geography_capitals,1,25,4,C
0.37109375,1.8567908730359188,5.22265625,-4.0474639216373225,-4.712389385669609,0.7169855885166113,0.0,0.2578125,1.0,0.926530612244898,0.8979591836734694,0.8938775510204081,0.8857142857142857,0.8530612244897959,0.9822630130904356,0.9076345184947894,0.231461763381958,0.3359792232513428,0.10451744496822357,256,geography_capitals,1,25,8,C
0.31640625,1.0753704281814678,5.9296875,0.8415259196300827,0.7032965687329766,0.7295601856708801,0.024691358024691357,0.3671875,1.0,0.99609375,0.9921875,0.98828125,0.98046875,0.97265625,0.9940674052246967,0.9687840401147957,0.231461763381958,0.3359792232513428,0.10451744496822357,256,geography_capitals,1,25,16,C
0.37890625,-0.04690811563747703,5.76171875,0.4487591731048495,0.5464298618844283,0.8180863399256051,0.0,0.2421875,1.0,0.9881889763779528,0.984251968503937,0.9724409448818898,0.9488188976377953,0.9133858267716536,0.9807776398489192,0.8895580927030802,0.14413657784461975,0.20010599493980408,0.05596940219402313,256,geography_capitals,1,26,4,C
0.359375,1.4090117235899577,5.90625,0.657638949935227,0.42217532026580007,0.8561669923517666,0.010869565217391304,0.28125,1.0,0.9921875,0.984375,0.98046875,0.9765625,0.97265625,0.9952382820213871,0.9739216617740921,0.14413657784461975,0.20010599493980408,0.05596940219402313,256,geography_capitals,1,26,8,C
0.31640625,1.0753704281814678,5.8984375,0.4959300594123899,0.7032965687329766,0.7770747063652197,0.0,0.3671875,1.0,0.99609375,0.9921875,0.984375,0.96875,0.95703125,0.9896621873251187,0.9532849921417738,0.14413657784461975,0.20010599493980408,0.05596940219402313,256,geography_capitals,1,26,16,C
0.33984375,-1.5127867293086656,5.85546875,0.8080060094796454,0.9853293493418014,0.9613455879205821,0.0,0.3203125,1.0,0.99609375,0.9921875,0.98046875,0.953125,0.93359375,0.9831666876958156,0.9298592474716512,0.3608320355415344,0.7866769433021545,0.42584487795829773,256,geography_capitals,1,27,4,C
0.24609375,-2.9195200543876676,5.94140625,0.8996156690446724,0.612344383448593,0.8451604286723239,0.0,0.5078125,1.0,0.99609375,0.9921875,0.98828125,0.984375,0.98046875,0.9960551622400232,0.9999945318250933,0.3608320355415344,0.7866769433021545,0.42584487795829773,256,geography_capitals,1,27,8,C
0.23828125,-1.5930425449735384,5.91796875,0.7119274720484479,0.7032965687329766,0.9453645112292985,0.01639344262295082,0.5234375,1.0,0.99609375,0.9921875,0.98828125,0.9765625,0.96484375,0.9920692391311882,0.9328369922955833,0.3608320355415344,0.7866769433021545,0.42584487795829773,256,geography_capitals,1,27,16,C
0.35546875,-0.9264352838401901,5.76171875,0.4487591731048495,0.21725524629139856,0.8532515717078113,0.0,0.2890625,1.0,0.9802371541501976,0.9723320158102767,0.9683794466403162,0.9604743083003953,0.9486166007905138,0.9922452506019616,0.9690048452788828,0.280789315700531,0.5250682830810547,0.2442789375782013,256,geography_capitals,1,28,4,C
0.328125,0.21493399173406105,5.9140625,0.7114115541817704,0.612344383448593,0.8662009004844085,0.0,0.34375,1.0,0.99609375,0.98828125,0.98046875,0.9765625,0.97265625,0.9940627089652826,0.9708543259014171,0.280789315700531,0.5250682830810547,0.2442789375782013,256,geography_capitals,1,28,8,C
0.2578125,-0.9259393016847868,5.859375,0.06393523414027395,0.32920264919415837,0.767161076712049,0.030303030303030304,0.484375,1.0,0.9921875,0.98046875,0.96875,0.9609375,0.95703125,0.9908150897534144,0.9667958997054663,0.280789315700531,0.5250682830810547,0.2442789375782013,256,geography_capitals,1,28,16,C
0.3515625,-1.073023145207309,5.72265625,0.29907299128201786,0.5464298618844283,0.8842587088191711,0.0,0.296875,1.0,0.9881889763779528,0.984251968503937,0.968503937007874,0.9330708661417323,0.8937007874015748,0.9748802246895543,0.9001630167284932,0.2546083927154541,0.3831140697002411,0.1285056471824646,256,geography_capitals,1,29,4,C
0.36328125,1.5582714400719448,5.90625,0.657638949935227,0.42217532026580007,0.9266755082023451,0.010752688172043012,0.2734375,1.0,0.9921875,0.984375,0.98046875,0.9765625,0.97265625,0.9952382820213871,0.9739216617740921,0.2546083927154541,0.3831140697002411,0.1285056471824646,256,geography_capitals,1,29,8,C
0.2578125,-0.9259393016847868,5.8984375,0.4959300594123899,0.7032965687329766,1.0352197834276546,0.0,0.484375,1.0,0.99609375,0.9921875,0.984375,0.96875,0.95703125,0.9896621873251187,0.9532849921417738,0.2546083927154541,0.3831140697002411,0.1285056471824646,256,geography_capitals,1,29,16,C
0.3125,-2.5389017588784974,5.76953125,0.4786964094694158,0.3269801181557418,1.1520633121379766,0.0,0.375,1.0,0.9803149606299213,0.968503937007874,0.9645669291338582,0.9566929133858267,0.9448818897637795,0.9914469830753798,0.9752299629177328,0.14160990715026855,0.16023308038711548,0.018623167648911476,256,geography_capitals,2,0,4,C
0.28515625,-1.4269228895677968,5.94140625,0.8996156690446724,0.612344383448593,1.1478240283248997,0.0,0.4296875,1.0,0.99609375,0.9921875,0.98828125,0.984375,0.98046875,0.9960551622400232,0.9999945318250933,0.14160990715026855,0.16023308038711548,0.018623167648911476,256,geography_capitals,2,0,8,C
0.26171875,-0.7925186530270365,5.9375,0.9279248846845058,0.7032965687329766,1.0555566539684358,0.014925373134328358,0.4765625,1.0,0.99609375,0.9921875,0.98828125,0.984375,0.9765625,0.9952602249442511,0.9720086167693385,0.14160990715026855,0.16023308038711548,0.018623167648911476,256,geography_capitals,2,0,16,C
0.3984375,0.6860311911981172,5.76953125,0.4786964094694158,0.3269801181557418,0.8381870035130536,0.0,0.203125,1.0,0.9803149606299213,0.968503937007874,0.9645669291338582,0.9566929133858267,0.9448818897637795,0.9914469830753798,0.9752299629177328,0.2747938632965088,0.46352848410606384,0.18873466551303864,256,geography_capitals,2,1,4,C
0.37109375,1.8567908730359188,5.94140625,0.8996156690446724,0.612344383448593,1.0324242961553918,0.0,0.2578125,1.0,0.99609375,0.9921875,0.98828125,0.984375,0.98046875,0.9960551622400232,0.9999945318250933,0.2747938632965088,0.46352848410606384,0.18873466551303864,256,geography_capitals,2,1,8,C
0.2421875,-1.459621896315788,5.9375,0.9279248846845058,0.7032965687329766,1.038504520247708,0.03225806451612903,0.515625,1.0,0.99609375,0.9921875,0.98828125,0.984375,0.9765625,0.9952602249442511,0.9720086167693385,0.2747938632965088,0.46352848410606384,0.18873466551303864,256,geography_capitals,2,1,16,C
0.38671875,0.24626760709676068,5.86328125,0.8379432458442116,0.6561547337487716,1.0377727352344068,0.0,0.2265625,1.0,0.9882352941176471,0.9803921568627451,0.9764705882352941,0.9725490196078431,0.9686274509803922,0.9952001887405004,0.9739291875786131,0.18861517310142517,0.268983393907547,0.08036823570728302,256,geography_capitals,2,2,4,C
0.328125,0.21493399173406105,5.90625,0.657638949935227,0.42217532026580007,0.8975737616754866,0.0,0.34375,1.0,0.9921875,0.984375,0.98046875,0.9765625,0.97265625,0.9952382820213871,0.9739216617740921,0.18861517310142517,0.268983393907547,0.08036823570728302,256,geography_capitals,2,2,8,C
0.28125,-0.125415409738285,5.94140625,0.9711243672117175,0.7032965687329766,0.7991067641636599,0.0,0.4375,1.0,0.99609375,0.9921875,0.98828125,0.984375,0.98046875,0.9960551622400232,0.9999945318250933,0.18861517310142517,0.268983393907547,0.08036823570728302,256,geography_capitals,2,2,16,C
0.37109375,-0.34008383837171474,5.81640625,0.6583198276568137,0.6561547337487716,1.1206506586421308,0.0,0.2578125,1.0,0.9882352941176471,0.9803921568627451,0.9764705882352941,0.9568627450980393,0.9372549019607843,0.9870620479047272,0.921215105917521,0.17910416424274445,0.24985156953334808,0.07074739784002304,256,geography_capitals,2,3,4,C
0.265625,-2.1732214719777323,5.90625,0.657638949935227,0.42217532026580007,0.90683686878864,0.014705882352941176,0.46875,1.0,0.9921875,0.984375,0.98046875,0.9765625,0.97265625,0.9952382820213871,0.9739216617740921,0.17910416424274445,0.24985156953334808,0.07074739784002304,256,geography_capitals,2,3,8,C
0.265625,-0.6590980043692862,5.94140625,0.9711243672117175,0.7032965687329766,0.8254102430526289,0.0,0.46875,1.0,0.99609375,0.9921875,0.98828125,0.984375,0.98046875,0.9960551622400232,0.9999945318250933,0.17910416424274445,0.24985156953334808,0.07074739784002304,256,geography_capitals,2,3,16,C
0.3515625,-1.073023145207309,5.85546875,0.8080060094796454,0.5464298618844283,0.9636103242959336,0.0,0.296875,1.0,0.9881889763779528,0.984251968503937,0.9803149606299213,0.9763779527559056,0.9724409448818898,0.995991916224948,0.9999943547231583,0.1710016429424286,0.24004843831062317,0.06904677301645279,256,geography_capitals,2,4,4,C
0.27734375,-1.725442322531771,5.90625,0.657638949935227,0.42217532026580007,0.935690924050677,0.014084507042253521,0.4453125,1.0,0.9921875,0.984375,0.98046875,0.9765625,0.97265625,0.9952382820213871,0.9739216617740921,0.1710016429424286,0.24004843831062317,0.06904677301645279,256,geography_capitals,2,4,8,C
0.26171875,-0.7925186530270365,5.90625,0.5823290244668131,0.32920264919415837,0.9306270339636228,0.014925373134328358,0.4765625,1.0,0.9921875,0.984375,0.98046875,0.9765625,0.97265625,0.9952382820213871,0.9739216617740921,0.1710016429424286,0.24004843831062317,0.06904677301645279,256,geography_capitals,2,4,16,C
0.3671875,-0.48667169973883356,5.87890625,0.8978177185733444,0.9853293493418014,0.8036953745909002,0.0,0.265625,1.0,0.99609375,0.9921875,0.98046875,0.9609375,0.94921875,0.987241396492548,0.9575082936499935,0.22268052399158478,0.3264402151107788,0.10375966131687164,256,geography_capitals,2,5,4,C
0.37109375,1.8567908730359188,5.74609375,-0.4446994371189131,-0.7188390588309576,0.9655006745285265,0.0,0.2578125,1.0,0.9763779527559056,0.9606299212598425,0.9566929133858267,0.952755905511811,0.9448818897637795,0.9926461583137565,0.9226808486976535,0.22268052399158478,0.3264402151107788,0.10375966131687164,256,geography_capitals,2,5,8,C
0.265625,-0.6590980043692862,5.94140625,0.9711243672117175,0.7032965687329766,0.6923517433533721,0.0,0.46875,1.0,0.99609375,0.9921875,0.98828125,0.984375,0.98046875,0.9960551622400232,0.9999945318250933,0.22268052399158478,0.3264402151107788,0.10375966131687164,256,geography_capitals,2,5,16,C
0.41015625,1.1257947752994737,5.20703125,-1.6767846087793596,-2.196691934724153,0.767782595833026,0.0,0.1796875,1.0,0.9224489795918367,0.889795918367347,0.8857142857142857,0.8775510204081632,0.8653061224489796,0.9859245502162948,0.8853617370572935,0.19481849670410156,0.336065411567688,0.14124691486358643,256,geography_capitals,2,6,4,C
0.359375,1.4090117235899577,5.94140625,0.8996156690446724,0.612344383448593,0.7949952685460578,0.0,0.28125,1.0,0.99609375,0.9921875,0.98828125,0.984375,0.98046875,0.9960551622400232,0.9999945318250933,0.19481849670410156,0.336065411567688,0.14124691486358643,256,geography_capitals,2,6,8,C
0.31640625,1.0753704281814678,5.84765625,-0.06566321344136083,-0.4189851898834781,0.8417302066682041,0.0,0.3671875,1.0,0.9882352941176471,0.9803921568627451,0.9764705882352941,0.9686274509803922,0.9568627450980393,0.9923698281219457,0.9690282696580095,0.19481849670410156,0.336065411567688,0.14124691486358643,256,geography_capitals,2,6,16,C
0.39453125,0.5394433298309984,5.76953125,0.4786964094694158,0.3269801181557418,0.9689116872430967,0.0,0.2109375,1.0,0.9803149606299213,0.968503937007874,0.9645669291338582,0.9566929133858267,0.9448818897637795,0.9914469830753798,0.9752299629177328,0.1554718017578125,0.18601001799106598,0.030538231134414673,256,geography_capitals,2,7,4,C
0.28125,-1.5761826060497839,5.94140625,0.8996156690446724,0.612344383448593,0.8877065969008238,0.013888888888888888,0.4375,1.0,0.99609375,0.9921875,0.98828125,0.984375,0.98046875,0.9960551622400232,0.9999945318250933,0.1554718017578125,0.18601001799106598,0.030538231134414673,256,geography_capitals,2,7,8,C
0.234375,-1.7264631936312886,5.9375,0.9279248846845058,0.7032965687329766,0.9130873387853922,0.016666666666666666,0.53125,1.0,0.99609375,0.9921875,0.98828125,0.984375,0.9765625,0.9952602249442511,0.9720086167693385,0.1554718017578125,0.18601001799106598,0.030538231134414673,256,geography_capitals,2,7,16,C
0.41796875,1.4189704980337114,5.12890625,-1.9761569724250228,-2.0869670628598103,0.7472028589072711,0.0,0.1640625,1.0,0.930327868852459,0.9098360655737705,0.8934426229508197,0.8483606557377049,0.7991803278688525,0.9633042756881477,0.9387180524659432,0.12830416858196259,0.18626224994659424,0.057958077639341354,256,geography_capitals,2,8,4,C
0.3671875,1.7075311565539317,5.94140625,0.8996156690446724,0.612344383448593,0.6767184680769157,0.0,0.265625,1.0,0.99609375,0.9921875,0.98828125,0.984375,0.98046875,0.9960551622400232,0.9999945318250933,0.12830416858196259,0.18626224994659424,0.057958077639341354,256,geography_capitals,2,8,8,C
0.30078125,0.5416878335504666,5.81640625,-0.4112590736590536,-0.04489127034465989,0.7891938345813369,0.0,0.3984375,1.0,0.98828125,0.96875,0.95703125,0.953125,0.94921875,0.9903551516301825,0.8865650411514611,0.12830416858196259,0.18626224994659424,0.057958077639341354,256,geography_capitals,2,8,16,C
0.33984375,-1.5127867293086656,5.85546875,0.8080060094796454,0.5464298618844283,0.9013677785831721,0.0,0.3203125,1.0,0.9881889763779528,0.984251968503937,0.9803149606299213,0.9763779527559056,0.9724409448818898,0.995991916224948,0.9999943547231583,0.1592811942100525,0.18641725182533264,0.027136053889989853,256,geography_capitals,2,9,4,C
0.2890625,-1.2776631730858097,5.90625,0.657638949935227,0.42217532026580007,0.9493835105680812,0.013513513513513514,0.421875,1.0,0.9921875,0.984375,0.98046875,0.9765625,0.97265625,0.9952382820213871,0.9739216617740921,0.1592811942100525,0.18641725182533264,0.027136053889989853,256,geography_capitals,2,9,8,C
0.26953125,-0.5256773557115358,5.90625,0.5823290244668131,0.32920264919415837,0.9274566905048816,0.014492753623188406,0.4609375,1.0,0.9921875,0.984375,0.98046875,0.9765625,0.97265625,0.9952382820213871,0.9739216617740921,0.1592811942100525,0.18641725182533264,0.027136053889989853,256,geography_capitals,2,9,16,C
0.34375,-1.3661988679415467,5.74609375,0.3888847003757168,0.3269801181557418,0.9480556543840262,0.0,0.3125,1.0,0.9803149606299213,0.968503937007874,0.9645669291338582,0.9488188976377953,0.9291338582677166,0.9873036094102646,0.9467547264174997,0.14404690265655518,0.18883627653121948,0.044789377599954605,256,geography_capitals,2,10,4,C
0.28125,-1.5761826060497839,5.94140625,0.8996156690446724,0.612344383448593,0.9042978023007407,0.027777777777777776,0.4375,1.0,0.99609375,0.9921875,0.98828125,0.984375,0.98046875,0.9960551622400232,0.9999945318250933,0.14404690265655518,0.18883627653121948,0.044789377599954605,256,geography_capitals,2,10,8,C
0.23046875,-1.859883842289039,5.94140625,0.9711243672117175,0.7032965687329766,0.8373904016069411,0.01694915254237288,0.5390625,1.0,0.99609375,0.9921875,0.98828125,0.984375,0.98046875,0.9960551622400232,0.9999945318250933,0.14404690265655518,0.18883627653121948,0.044789377599954605,256,geography_capitals,2,10,16,C
0.38671875,0.24626760709676068,5.75390625,0.4188219367402832,0.3269801181557418,0.6059818359763636,0.0,0.2265625,1.0,0.9803149606299213,0.968503937007874,0.9606299212598425,0.9488188976377953,0.9409448818897638,0.9898010366314859,0.9955864545471574,0.1345747709274292,0.2005273997783661,0.06595262885093689,256,geography_capitals,2,11,4,C
0.37109375,1.8567908730359188,5.94140625,0.8996156690446724,0.612344383448593,0.6950506578514363,0.0,0.2578125,1.0,0.99609375,0.9921875,0.98828125,0.984375,0.98046875,0.9960551622400232,0.9999945318250933,0.1345747709274292,0.2005273997783661,0.06595262885093689,256,geography_capitals,2,11,8,C
0.328125,1.4756323741547186,5.88671875,0.36633161183075513,0.7032965687329766,0.784510862913142,0.011904761904761904,0.34375,1.0,0.99609375,0.984375,0.97265625,0.96875,0.96484375,0.9920566407066376,0.9363031356373082,0.1345747709274292,0.2005273997783661,0.06595262885093689,256,geography_capitals,2,11,16,C
0.40234375,0.832619052565236,4.84375,-3.0688660997316934,-3.0744909096388993,0.8575253444920009,0.0,0.1953125,1.0,0.9045643153526971,0.8672199170124482,0.8464730290456431,0.7925311203319502,0.7344398340248963,0.9505874201920489,0.9605331085264263,0.13253581523895264,0.1666548252105713,0.03411901369690895,256,geography_capitals,2,12,4,C
0.31640625,-0.23284515771190017,5.94140625,0.8996156690446724,0.612344383448593,0.8718213297254417,0.0,0.3671875,1.0,0.99609375,0.9921875,0.98828125,0.984375,0.98046875,0.9960551622400232,0.9999945318250933,0.13253581523895264,0.1666548252105713,0.03411901369690895,256,geography_capitals,2,12,8,C
0.265625,-0.6590980043692862,5.81640625,-0.4112590736590536,-0.04489127034465989,0.746666874624048,0.0,0.46875,1.0,0.98828125,0.96875,0.95703125,0.953125,0.94921875,0.9903551516301825,0.8865650411514611,0.13253581523895264,0.1666548252105713,0.03411901369690895,256,geography_capitals,2,12,16,C
0.421875,1.5655583594008304,5.14453125,-1.91628249969589,-1.0994432160807206,0.8020112511054036,0.0,0.15625,1.0,0.9477911646586346,0.9156626506024096,0.8795180722891566,0.8072289156626506,0.7389558232931727,0.9395227160277517,0.9563509808550151,0.20760932564735413,0.3058057427406311,0.09819640219211578,256,geography_capitals,2,13,4,C
0.33984375,0.6627131411800223,5.875,0.44254853294905333,0.42217532026580007,0.794913022832826,0.0,0.3203125,1.0,0.9921875,0.984375,0.9765625,0.96484375,0.95703125,0.9908230809388089,0.9939500915989724,0.20760932564735413,0.3058057427406311,0.09819640219211578,256,geography_capitals,2,13,8,C
0.30078125,0.5416878335504666,5.796875,-0.6272564862951115,0.32920264919415837,0.6966360376772327,0.0,0.3984375,1.0,0.9921875,0.97265625,0.953125,0.9453125,0.93359375,0.9850866619075177,0.9720769238646395,0.20760932564735413,0.3058057427406311,0.09819640219211578,256,geography_capitals,2,13,16,C
0.375,-0.1934959770045959,5.64453125,-0.000299372363645391,0.6561547337487716,0.7887925925129771,0.0,0.25,1.0,0.9882352941176471,0.9803921568627451,0.9607843137254902,0.8980392156862745,0.8392156862745098,0.9593833871594833,0.8911309814524344,0.1270587146282196,0.16201139986515045,0.03495268523693085,256,geography_capitals,2,14,4,C
0.3515625,1.1104922906259835,5.94140625,0.8996156690446724,0.612344383448593,0.8467638194268094,0.011111111111111112,0.296875,1.0,0.99609375,0.9921875,0.98828125,0.984375,0.98046875,0.9960551622400232,0.9999945318250933,0.1270587146282196,0.16201139986515045,0.03495268523693085,256,geography_capitals,2,14,8,C
0.23828125,-1.5930425449735384,5.94140625,0.9711243672117175,0.7032965687329766,0.8094661712486669,0.03278688524590164,0.5234375,1.0,0.99609375,0.9921875,0.98828125,0.984375,0.98046875,0.9960551622400232,0.9999945318250933,0.1270587146282196,0.16201139986515045,0.03495268523693085,256,geography_capitals,2,14,16,C
0.44921875,2.5916733889706625,5.83984375,0.7481315367505127,0.6561547337487716,0.7101733470904209,0.0,0.1015625,1.0,0.9882352941176471,0.9803921568627451,0.9764705882352941,0.9647058823529412,0.9529411764705882,0.991152900920653,0.966482927175066,0.1558176726102829,0.2346908301115036,0.0788731500506401,256,geography_capitals,2,15,4,C
0.3828125,2.30457002248188,5.90625,0.657638949935227,0.42217532026580007,0.964734692001444,0.01020408163265306,0.234375,1.0,0.9921875,0.984375,0.98046875,0.9765625,0.97265625,0.9952382820213871,0.9739216617740921,0.1558176726102829,0.2346908301115036,0.0788731500506401,256,geography_capitals,2,15,8,C
0.30859375,0.8085291308659671,5.90625,0.5823290244668131,0.32920264919415837,0.733343640414064,0.012658227848101266,0.3828125,1.0,0.9921875,0.984375,0.98046875,0.9765625,0.97265625,0.9952382820213871,0.9739216617740921,0.1558176726102829,0.2346908301115036,0.0788731500506401,256,geography_capitals,2,15,16,C
0.421875,1.5655583594008304,5.66796875,0.08951233673005358,-0.11191936930163125,0.8040928595323588,0.0,0.15625,1.0,0.9722222222222222,0.9603174603174603,0.9523809523809523,0.9404761904761905,0.9325396825396826,0.9896318261680892,0.9955918958260856,0.15522010624408722,0.29634106159210205,0.14112094044685364,256,geography_capitals,2,16,4,C
0.3125,-0.3821048741938873,5.94140625,0.8996156690446724,0.612344383448593,0.7568867390088512,0.0,0.375,1.0,0.99609375,0.9921875,0.98828125,0.984375,0.98046875,0.9960551622400232,0.9999945318250933,0.15522010624408722,0.29634106159210205,0.14112094044685364,256,geography_capitals,2,16,8,C
0.3125,0.9419497795237175,5.94140625,0.9711243672117175,0.7032965687329766,0.7891602145518806,0.0,0.375,1.0,0.99609375,0.9921875,0.98828125,0.984375,0.98046875,0.9960551622400232,0.9999945318250933,0.15522010624408722,0.29634106159210205,0.14112094044685364,256,geography_capitals,2,16,16,C
0.375,-0.1934959770045959,5.58984375,-0.20986002691560965,0.3269801181557418,0.8219633449318192,0.0,0.25,1.0,0.9803149606299213,0.968503937007874,0.952755905511811,0.8937007874015748,0.8385826771653543,0.9614907849869584,0.8984786252900144,0.13841193914413452,0.17147761583328247,0.03306566923856735,256,geography_capitals,2,17,4,C
0.37109375,1.8567908730359188,5.94140625,0.8996156690446724,0.612344383448593,0.8057168199902832,0.0,0.2578125,1.0,0.99609375,0.9921875,0.98828125,0.984375,0.98046875,0.9960551622400232,0.9999945318250933,0.13841193914413452,0.17147761583328247,0.03306566923856735,256,geography_capitals,2,17,8,C
0.25390625,-1.059359950342537,5.94140625,0.9711243672117175,0.7032965687329766,0.8979852324711597,0.0,0.4921875,1.0,0.99609375,0.9921875,0.98828125,0.984375,0.98046875,0.9960551622400232,0.9999945318250933,0.13841193914413452,0.17147761583328247,0.03306566923856735,256,geography_capitals,2,17,16,C
0.34375,-1.3661988679415467,5.12109375,-2.006094208789589,-2.525866550317183,0.9707078565433191,0.0,0.3125,1.0,0.9214876033057852,0.9008264462809917,0.8884297520661157,0.8636363636363636,0.8429752066115702,0.978214374041766,0.9899748734200424,0.13138259947299957,0.160476952791214,0.029094355180859566,256,geography_capitals,2,18,4,C
0.29296875,-1.1284034566038226,5.94140625,0.8996156690446724,0.612344383448593,1.0251146198719938,0.013333333333333334,0.4140625,1.0,0.99609375,0.9921875,0.98828125,0.984375,0.98046875,0.9960551622400232,0.9999945318250933,0.13138259947299957,0.160476952791214,0.029094355180859566,256,geography_capitals,2,18,8,C
0.2578125,-0.9259393016847868,5.9375,0.9279248846845058,0.7032965687329766,0.7846687871781575,0.0,0.484375,1.0,0.99609375,0.9921875,0.98828125,0.984375,0.9765625,0.9952602249442511,0.9720086167693385,0.13138259947299957,0.160476952791214,0.029094355180859566,256,geography_capitals,2,18,16,C
0.328125,-1.9525503134100222,5.86328125,0.8379432458442116,0.6561547337487716,0.9687907491458693,0.0,0.34375,1.0,0.9882352941176471,0.9803921568627451,0.9764705882352941,0.9725490196078431,0.9686274509803922,0.9952001887405004,0.9739291875786131,0.1998365968465805,0.29465699195861816,0.09482042491436005,256,geography_capitals,2,19,4,C
0.2421875,-3.0687797708696545,5.90625,0.657638949935227,0.42217532026580007,0.8474920336579496,0.0,0.515625,1.0,0.9921875,0.984375,0.98046875,0.9765625,0.97265625,0.9952382820213871,0.9739216617740921,0.1998365968465805,0.29465699195861816,0.09482042491436005,256,geography_capitals,2,19,8,C
0.234375,-1.7264631936312886,5.90625,0.5823290244668131,0.32920264919415837,1.0946975519480528,0.03333333333333333,0.53125,1.0,0.9921875,0.984375,0.98046875,0.9765625,0.97265625,0.9952382820213871,0.9739216617740921,0.1998365968465805,0.29465699195861816,0.09482042491436005,256,geography_capitals,2,19,16,C
0.35546875,-0.9264352838401901,5.76171875,0.4487591731048495,0.21725524629139856,1.1643353872564193,0.0,0.2890625,1.0,0.9802371541501976,0.9723320158102767,0.9683794466403162,0.9604743083003953,0.9486166007905138,0.9922452506019616,0.9690048452788828,0.1444222629070282,0.19862774014472961,0.05420549213886261,256,geography_capitals,2,20,4,C
0.265625,-2.1732214719777323,5.73046875,-0.5522446456119999,-1.0991771851965433,0.9927819353875968,0.0,0.46875,1.0,0.9761904761904762,0.9682539682539683,0.9642857142857143,0.9603174603174603,0.9523809523809523,0.9942549935959912,0.9799787791147659,0.1444222629070282,0.19862774014472961,0.05420549213886261,256,geography_capitals,2,20,8,C
0.3125,0.9419497795237175,5.78515625,-0.7568549338767464,-1.1671730289611146,0.8609544020939583,0.0125,0.375,1.0,0.984251968503937,0.9763779527559056,0.9724409448818898,0.9606299212598425,0.937007874015748,0.9886013614849862,0.8950583117143952,0.1444222629070282,0.19862774014472961,0.05420549213886261,256,geography_capitals,2,20,16,C
0.36328125,-0.6332595611059524,5.86328125,0.8379432458442116,0.6561547337487716,0.9585367336627283,0.0,0.2734375,1.0,0.9882352941176471,0.9803921568627451,0.9764705882352941,0.9725490196078431,0.9686274509803922,0.9952001887405004,0.9739291875786131,0.1559843122959137,0.18801110982894897,0.032026782631874084,256,geography_capitals,2,21,4,C
0.2734375,-1.874702039013758,5.90625,0.657638949935227,0.42217532026580007,1.0116106417736848,0.0,0.453125,1.0,0.9921875,0.984375,0.98046875,0.9765625,0.97265625,0.9952382820213871,0.9739216617740921,0.1559843122959137,0.18801110982894897,0.032026782631874084,256,geography_capitals,2,21,8,C
0.2578125,-0.9259393016847868,5.90625,0.5823290244668131,0.32920264919415837,0.9677419858800085,0.030303030303030304,0.484375,1.0,0.9921875,0.984375,0.98046875,0.9765625,0.97265625,0.9952382820213871,0.9739216617740921,0.1559843122959137,0.18801110982894897,0.032026782631874084,256,geography_capitals,2,21,16,C
0.44921875,2.5916733889706625,5.28515625,-1.3774122451336963,-0.5508188567590043,0.8024104821252218,0.0,0.1015625,1.0,0.964,0.948,0.912,0.828,0.76,0.9407397858205379,0.9254926012589773,0.1936168074607849,0.28508368134498596,0.09146686643362045,256,geography_capitals,2,22,4,C
0.32421875,0.06567427525207398,5.94140625,0.8996156690446724,0.612344383448593,1.009440533019106,0.0,0.3515625,1.0,0.99609375,0.9921875,0.98828125,0.984375,0.98046875,0.9960551622400232,0.9999945318250933,0.1936168074607849,0.28508368134498596,0.09146686643362045,256,geography_capitals,2,22,8,C
0.3046875,0.6751084822082168,5.828125,-0.2816606260774188,0.32920264919415837,0.8026081822283486,0.01282051282051282,0.390625,1.0,0.9921875,0.984375,0.9765625,0.94921875,0.92578125,0.9826605002043134,0.9266372455486358,0.1936168074607849,0.28508368134498596,0.09146686643362045,256,geography_capitals,2,22,16,C
0.37109375,-0.34008383837171474,5.62109375,-0.09011108145734437,0.3269801181557418,0.9110094548372117,0.010526315789473684,0.2578125,1.0,0.9803149606299213,0.968503937007874,0.952755905511811,0.9015748031496063,0.8622047244094488,0.9676961006875952,0.923481441064453,0.19414299726486206,0.2893196642398834,0.09517665207386017,256,geography_capitals,2,23,4,C
0.30859375,-0.5313645906758744,5.94140625,0.8996156690446724,0.612344383448593,1.0102027191255076,0.0,0.3828125,1.0,0.99609375,0.9921875,0.98828125,0.984375,0.98046875,0.9960551622400232,0.9999945318250933,0.19414299726486206,0.2893196642398834,0.09517665207386017,256,geography_capitals,2,23,8,C
0.28515625,0.008005238919465321,5.94140625,0.9711243672117175,0.7032965687329766,0.8473707271375219,0.0136986301369863,0.4296875,1.0,0.99609375,0.9921875,0.98828125,0.984375,0.98046875,0.9960551622400232,0.9999945318250933,0.19414299726486206,0.2893196642398834,0.09517665207386017,256,geography_capitals,2,23,16,C
0.359375,-0.7798474224730713,5.77734375,0.5086336458339821,0.21725524629139856,1.1016115898079364,0.0,0.28125,1.0,0.9802371541501976,0.9723320158102767,0.9683794466403162,0.9644268774703557,0.9604743083003953,0.9951221439402106,0.9739446031279753,0.21459317207336426,0.3450273871421814,0.13043421506881714,256,geography_capitals,2,24,4,C
0.30078125,-0.8298840236398485,5.90625,0.657638949935227,0.42217532026580007,1.1423610034185863,0.012987012987012988,0.3984375,1.0,0.9921875,0.984375,0.98046875,0.9765625,0.97265625,0.9952382820213871,0.9739216617740921,0.21459317207336426,0.3450273871421814,0.13043421506881714,256,geography_capitals,2,24,8,C
0.296875,0.40826718489271624,5.90625,0.5823290244668131,0.32920264919415837,0.8547607894165468,0.013157894736842105,0.40625,1.0,0.9921875,0.984375,0.98046875,0.9765625,0.97265625,0.9952382820213871,0.9739216617740921,0.21459317207336426,0.3450273871421814,0.13043421506881714,256,geography_capitals,2,24,16,C
0.3359375,-1.6593745906757844,5.76953125,0.4786964094694158,0.3269801181557418,1.1419163186564576,0.0,0.328125,1.0,0.9803149606299213,0.968503937007874,0.9645669291338582,0.9566929133858267,0.9448818897637795,0.9914469830753798,0.9752299629177328,0.15852943062782288,0.24078229069709778,0.0822528600692749,256,geography_capitals,2,25,4,C
0.3203125,-0.0835854412299131,5.94140625,0.8996156690446724,0.612344383448593,1.0126727206508301,0.0,0.359375,1.0,0.99609375,0.9921875,0.98828125,0.984375,0.98046875,0.9960551622400232,0.9999945318250933,0.15852943062782288,0.24078229069709778,0.0822528600692749,256,geography_capitals,2,25,8,C
0.25390625,-1.059359950342537,5.9375,0.9279248846845058,0.7032965687329766,1.0246696886624898,0.015384615384615385,0.4921875,1.0,0.99609375,0.9921875,0.98828125,0.984375,0.9765625,0.9952602249442511,0.9720086167693385,0.15852943062782288,0.24078229069709778,0.0822528600692749,256,geography_capitals,2,25,16,C
0.37890625,-0.04690811563747703,5.86328125,0.8379432458442116,0.6561547337487716,1.0239546322872102,0.0,0.2421875,1.0,0.9882352941176471,0.9803921568627451,0.9764705882352941,0.9725490196078431,0.9686274509803922,0.9952001887405004,0.9739291875786131,0.13988736271858215,0.16838140785694122,0.02849404513835907,256,geography_capitals,2,26,4,C
0.3203125,-0.0835854412299131,5.90625,0.657638949935227,0.42217532026580007,0.9901639398537583,0.0,0.359375,1.0,0.9921875,0.984375,0.98046875,0.9765625,0.97265625,0.9952382820213871,0.9739216617740921,0.13988736271858215,0.16838140785694122,0.02849404513835907,256,geography_capitals,2,26,8,C
0.3203125,1.208791076839218,5.90625,0.5823290244668131,0.32920264919415837,0.7407950562041881,0.0,0.359375,1.0,0.9921875,0.984375,0.98046875,0.9765625,0.97265625,0.9952382820213871,0.9739216617740921,0.13988736271858215,0.16838140785694122,0.02849404513835907,256,geography_capitals,2,26,16,C
0.38671875,0.24626760709676068,4.84375,-3.0688660997316934,-3.0744909096388993,0.854855856756019,0.0,0.2265625,1.0,0.9045643153526971,0.8672199170124482,0.8464730290456431,0.7925311203319502,0.7344398340248963,0.9505874201920489,0.9605331085264263,0.161734476685524,0.2379140555858612,0.07617957890033722,256,geography_capitals,2,27,4,C
0.3046875,-0.6806243071578614,5.94140625,0.8996156690446724,0.612344383448593,0.8732039491103862,0.0,0.390625,1.0,0.99609375,0.9921875,0.98828125,0.984375,0.98046875,0.9960551622400232,0.9999945318250933,0.161734476685524,0.2379140555858612,0.07617957890033722,256,geography_capitals,2,27,8,C
0.26953125,-0.5256773557115358,5.81640625,-0.4112590736590536,-0.04489127034465989,0.7549696605463516,0.0,0.4609375,1.0,0.98828125,0.96875,0.95703125,0.953125,0.94921875,0.9903551516301825,0.8865650411514611,0.161734476685524,0.2379140555858612,0.07617957890033722,256,geography_capitals,2,27,16,C
0.3125,-2.5389017588784974,5.65234375,0.029637864000920933,-0.11191936930163125,0.8539039758661391,0.0,0.375,1.0,0.9722222222222222,0.9603174603174603,0.9523809523809523,0.9365079365079365,0.9206349206349206,0.9866748170044343,0.9829064106361216,0.36158010363578796,0.8334290981292725,0.4718489646911621,256,geography_capitals,2,28,4,C
0.27734375,-1.725442322531771,5.94140625,0.8996156690446724,0.612344383448593,0.83449849956154,0.0,0.4453125,1.0,0.99609375,0.9921875,0.98828125,0.984375,0.98046875,0.9960551622400232,0.9999945318250933,0.36158010363578796,0.8334290981292725,0.4718489646911621,256,geography_capitals,2,28,8,C
0.26953125,-0.5256773557115358,5.94140625,0.9711243672117175,0.7032965687329766,0.6962872321834525,0.0,0.4609375,1.0,0.99609375,0.9921875,0.98828125,0.984375,0.98046875,0.9960551622400232,0.9999945318250933,0.36158010363578796,0.8334290981292725,0.4718489646911621,256,geography_capitals,2,28,16,C
0.37890625,-0.04690811563747703,5.52734375,-0.44935791783214024,-0.9897183442163774,1.0333116633319952,0.0,0.2421875,1.0,0.9556451612903226,0.9435483870967742,0.9395161290322581,0.9354838709677419,0.9314516129032258,0.9940310250469255,0.9265405213642617,0.20906448364257812,0.3348085880279541,0.1257440745830536,256,geography_capitals,2,29,4,C
0.30859375,-0.5313645906758744,5.5625,-1.7083556369126836,-2.050022501110508,1.0845802310140378,0.0,0.3828125,1.0,0.964,0.948,0.936,0.928,0.92,0.9885897939923488,0.9767084131310392,0.20906448364257812,0.3348085880279541,0.1257440745830536,256,geography_capitals,2,29,8,C
0.24609375,-1.3262012476580378,5.7265625,-1.4048471717849202,-1.1671730289611146,0.804460871835659,0.015873015873015872,0.5078125,1.0,0.984251968503937,0.968503937007874,0.9488188976377953,0.937007874015748,0.9330708661417323,0.9861111115087388,0.9556802015850281,0.20906448364257812,0.3348085880279541,0.1257440745830536,256,geography_capitals,2,29,16,C
0.3515625,-1.073023145207309,5.90625,1.0025980458493264,0.9853293493418014,0.920563927464726,0.0,0.296875,1.0,0.99609375,0.9921875,0.984375,0.97265625,0.9609375,0.9908674187692903,0.9638326938154764,0.32521092891693115,0.5933211445808411,0.2681102156639099,256,chemistry_periodic,0,0,4,C
0.3359375,0.5134534246980352,5.73828125,-0.49847204136545653,0.04183719390021423,0.8273197158451071,0.0,0.328125,1.0,0.9882352941176471,0.9764705882352941,0.9568627450980393,0.9294117647058824,0.9098039215686274,0.9787513829503991,0.9820796501316977,0.32521092891693115,0.5933211445808411,0.2681102156639099,256,chemistry_periodic,0,0,8,C
0.359375,2.542997563416721,5.33203125,-5.767994907033292,-4.534018304810479,0.8861561804419398,0.0,0.28125,1.0,0.9601593625498008,0.9203187250996016,0.8804780876494024,0.848605577689243,0.8286852589641435,0.9631324620022775,0.9884448135828648,0.32521092891693115,0.5933211445808411,0.2681102156639099,256,chemistry_periodic,0,0,16,C
0.37109375,-0.34008383837171474,5.90625,1.0025980458493264,0.9853293493418014,1.1979783053092699,0.0,0.2578125,1.0,0.99609375,0.9921875,0.984375,0.97265625,0.9609375,0.9908674187692903,0.9638326938154764,0.3519323170185089,0.5001866221427917,0.14825429022312164,256,chemistry_periodic,0,1,4,C
0.328125,0.21493399173406105,5.73828125,-0.49847204136545653,0.04183719390021423,0.9050780831882723,0.0,0.34375,1.0,0.9882352941176471,0.9764705882352941,0.9568627450980393,0.9294117647058824,0.9098039215686274,0.9787513829503991,0.9820796501316977,0.3519323170185089,0.5001866221427917,0.14825429022312164,256,chemistry_periodic,0,1,8,C
0.296875,0.40826718489271624,5.1953125,-7.279976795485697,-5.282206143888115,0.8007192426469365,0.0,0.40625,1.0,0.952191235059761,0.9043824701195219,0.852589641434263,0.8047808764940239,0.7848605577689243,0.9509248927863422,0.9853017640394899,0.3519323170185089,0.5001866221427917,0.14825429022312164,256,chemistry_periodic,0,1,16,C
0.36328125,-0.6332595611059524,5.83984375,0.7481315367505127,0.9853293493418014,0.8199363439532076,0.0,0.2734375,1.0,0.99609375,0.9921875,0.9765625,0.94921875,0.92578125,0.9811126804465767,0.9378562186556119,0.3510493040084839,0.6659817695617676,0.3149324655532837,256,chemistry_periodic,0,2,4,C
0.328125,0.21493399173406105,5.92578125,0.7920704605515856,0.612344383448593,0.9180183602187512,0.0,0.34375,1.0,0.99609375,0.9921875,0.98828125,0.98046875,0.96875,0.9932676717632941,0.9364511861910951,0.3510493040084839,0.6659817695617676,0.3149324655532837,256,chemistry_periodic,0,2,8,C
0.2578125,-0.9259393016847868,5.875,0.23673316424912033,0.7032965687329766,0.8933291010640214,0.015151515151515152,0.484375,1.0,0.99609375,0.98828125,0.97265625,0.9609375,0.95703125,0.9892513221477021,0.97001614097003,0.3510493040084839,0.6659817695617676,0.3149324655532837,256,chemistry_periodic,0,2,16,C
0.33984375,-1.5127867293086656,5.86328125,0.8379432458442116,0.9853293493418014,1.0547579410866048,0.0,0.3203125,1.0,0.99609375,0.9921875,0.98828125,0.9609375,0.92578125,0.982317253649893,0.8371786574342086,0.3585952818393707,0.5739038586616516,0.21530859172344208,256,chemistry_periodic,0,3,4,C
0.28125,-1.5761826060497839,5.8828125,0.49632113719559673,0.612344383448593,0.9290770260724792,0.0,0.4375,1.0,0.99609375,0.9921875,0.98828125,0.96875,0.9375,0.9855893651911545,0.8370916895311491,0.3585952818393707,0.5739038586616516,0.21530859172344208,256,chemistry_periodic,0,3,8,C
0.29296875,0.2748465362349659,5.875,0.23673316424912033,0.32920264919415837,1.0067797386602846,0.0,0.4140625,1.0,0.9921875,0.98046875,0.97265625,0.96875,0.9609375,0.9924258639190585,0.9717680527302323,0.3585952818393707,0.5739038586616516,0.21530859172344208,256,chemistry_periodic,0,3,16,C
0.375,-0.1934959770045959,5.54296875,-0.3894834451030076,0.3269801181557418,0.977037486007006,0.0,0.25,1.0,0.9803149606299213,0.9606299212598425,0.9251968503937008,0.8779527559055118,0.84251968503937,0.961467013694434,0.9797889001075852,0.3798471689224243,0.5685991048812866,0.1887519359588623,256,chemistry_periodic,0,4,4,C
0.3125,-0.3821048741938873,5.90625,0.657638949935227,0.612344383448593,0.8475377559921962,0.0,0.375,1.0,0.99609375,0.9921875,0.984375,0.97265625,0.9609375,0.9908674187692903,0.9638326938154764,0.3798471689224243,0.5685991048812866,0.1887519359588623,256,chemistry_periodic,0,4,8,C
0.24609375,-1.3262012476580378,5.875,0.23673316424912033,0.7032965687329766,0.8665862672117668,0.0,0.5078125,1.0,0.99609375,0.98828125,0.97265625,0.9609375,0.95703125,0.9892513221477021,0.97001614097003,0.3798471689224243,0.5685991048812866,0.1887519359588623,256,chemistry_periodic,0,4,16,C
0.3828125,0.09967974572964182,5.90625,1.0025980458493264,0.9853293493418014,0.9976779741630788,0.0,0.234375,1.0,0.99609375,0.9921875,0.984375,0.97265625,0.9609375,0.9908674187692903,0.9638326938154764,0.2853352129459381,0.5026999115943909,0.21736469864845276,256,chemistry_periodic,0,5,4,C
0.30859375,-0.5313645906758744,5.73828125,-0.49847204136545653,0.04183719390021423,0.9085274737783945,0.0,0.3828125,1.0,0.9882352941176471,0.9764705882352941,0.9568627450980393,0.9294117647058824,0.9098039215686274,0.9787513829503991,0.9820796501316977,0.2853352129459381,0.5026999115943909,0.21736469864845276,256,chemistry_periodic,0,5,8,C
0.28125,-0.125415409738285,5.42578125,-4.731207326380213,-3.411736546194024,0.9088144547830648,0.0,0.4375,1.0,0.9682539682539683,0.9325396825396826,0.8928571428571429,0.8650793650793651,0.8531746031746031,0.9677174889420496,0.9720695848852714,0.2853352129459381,0.5026999115943909,0.21736469864845276,256,chemistry_periodic,0,5,16,C
0.38671875,0.24626760709676068,5.90234375,0.9876294276670433,0.9853293493418014,1.0154291076391124,0.0,0.2265625,1.0,0.99609375,0.9921875,0.984375,0.97265625,0.95703125,0.9900605224065302,0.9446746649052585,0.35592156648635864,0.5463428497314453,0.19042128324508667,256,chemistry_periodic,0,6,4,C
0.28515625,-1.4269228895677968,5.73828125,-0.49847204136545653,0.04183719390021423,0.9850156344540816,0.0273972602739726,0.4296875,1.0,0.9882352941176471,0.9764705882352941,0.9568627450980393,0.9294117647058824,0.9098039215686274,0.9787513829503991,0.9820796501316977,0.35592156648635864,0.5463428497314453,0.19042128324508667,256,chemistry_periodic,0,6,8,C
0.3359375,1.7424736714702194,5.42578125,-4.731207326380213,-3.411736546194024,0.7994250340185807,0.0,0.328125,1.0,0.9682539682539683,0.9325396825396826,0.8928571428571429,0.8650793650793651,0.8531746031746031,0.9677174889420496,0.9720695848852714,0.35592156648635864,0.5463428497314453,0.19042128324508667,256,chemistry_periodic,0,6,16,C
0.37109375,-0.34008383837171474,5.90625,1.0025980458493264,0.9853293493418014,0.9372585413478302,0.0,0.2578125,1.0,0.99609375,0.9921875,0.984375,0.97265625,0.9609375,0.9908674187692903,0.9638326938154764,0.3350796103477478,0.5582100749015808,0.223130464553833,256,chemistry_periodic,0,7,4,C
0.32421875,0.06567427525207398,5.73828125,-0.49847204136545653,0.04183719390021423,0.9345973583432717,0.0,0.3515625,1.0,0.9882352941176471,0.9764705882352941,0.9568627450980393,0.9294117647058824,0.9098039215686274,0.9787513829503991,0.9820796501316977,0.3350796103477478,0.5582100749015808,0.223130464553833,256,chemistry_periodic,0,7,8,C
0.29296875,0.2748465362349659,5.25390625,-6.631984557577523,-4.534018304810479,0.8268300913730703,0.0,0.4140625,1.0,0.9563492063492064,0.9087301587301587,0.8611111111111112,0.8174603174603174,0.7936507936507936,0.9532476963592674,0.9908862029733667,0.3350796103477478,0.5582100749015808,0.223130464553833,256,chemistry_periodic,0,7,16,C
0.37109375,-0.34008383837171474,5.58203125,-0.23979726328017598,0.3269801181557418,0.8709959256739425,0.0,0.2578125,1.0,0.9803149606299213,0.9606299212598425,0.9330708661417323,0.8937007874015748,0.8582677165354331,0.966751895777753,0.98020259915939,0.3827114403247833,0.5308380126953125,0.1481265276670456,256,chemistry_periodic,0,8,4,C
0.26953125,-2.023961755495745,5.90625,0.657638949935227,0.612344383448593,0.7171719123263516,0.0,0.4609375,1.0,0.99609375,0.9921875,0.984375,0.97265625,0.9609375,0.9908674187692903,0.9638326938154764,0.3827114403247833,0.5308380126953125,0.1481265276670456,256,chemistry_periodic,0,8,8,C
0.25,-1.1927805990002873,5.875,0.23673316424912033,0.7032965687329766,0.6750877278052358,0.0,0.5,1.0,0.99609375,0.98828125,0.97265625,0.9609375,0.95703125,0.9892513221477021,0.97001614097003,0.3827114403247833,0.5308380126953125,0.1481265276670456,256,chemistry_periodic,0,8,16,C
0.375,-0.1934959770045959,5.42578125,-0.8385419905715025,0.3269801181557418,1.0051254509863392,0.0,0.25,1.0,0.9803149606299213,0.9606299212598425,0.9212598425196851,0.84251968503937,0.7637795275590551,0.9389076363021334,0.9292754750671197,0.3175436854362488,0.6458830237388611,0.3283393979072571,256,chemistry_periodic,0,9,4,C
0.3125,-0.3821048741938873,5.90625,0.657638949935227,0.612344383448593,1.099675952648082,0.0,0.375,1.0,0.99609375,0.9921875,0.984375,0.97265625,0.9609375,0.9908674187692903,0.9638326938154764,0.3175436854362488,0.6458830237388611,0.3283393979072571,256,chemistry_periodic,0,9,8,C
0.3046875,0.6751084822082168,5.875,0.23673316424912033,0.7032965687329766,0.7932189873940918,0.0,0.390625,1.0,0.99609375,0.98828125,0.97265625,0.9609375,0.95703125,0.9892513221477021,0.97001614097003,0.3175436854362488,0.6458830237388611,0.3283393979072571,256,chemistry_periodic,0,9,16,C
0.35546875,-0.9264352838401901,5.55078125,-0.3595462087384413,0.3269801181557418,0.8603231887202479,0.0,0.2890625,1.0,0.9803149606299213,0.9606299212598425,0.9291338582677166,0.8818897637795275,0.84251968503937,0.9618972972486929,0.9742815029746128,0.2402438521385193,0.44428175687789917,0.20403790473937988,256,chemistry_periodic,0,10,4,C
0.34375,0.8119728576620093,5.90625,0.657638949935227,0.612344383448593,0.7513797569596371,0.0,0.3125,1.0,0.99609375,0.9921875,0.984375,0.97265625,0.9609375,0.9908674187692903,0.9638326938154764,0.2402438521385193,0.44428175687789917,0.20403790473937988,256,chemistry_periodic,0,10,8,C
0.26171875,-0.7925186530270365,5.875,0.23673316424912033,0.7032965687329766,1.0093214856678572,0.014925373134328358,0.4765625,1.0,0.99609375,0.98828125,0.97265625,0.9609375,0.95703125,0.9892513221477021,0.97001614097003,0.2402438521385193,0.44428175687789917,0.20403790473937988,256,chemistry_periodic,0,10,16,C
0.39453125,0.5394433298309984,5.90625,1.0025980458493264,0.9853293493418014,0.8707541008104759,0.0,0.2109375,1.0,0.99609375,0.9921875,0.984375,0.97265625,0.9609375,0.9908674187692903,0.9638326938154764,0.27210626006126404,0.4695921540260315,0.19748586416244507,256,chemistry_periodic,0,11,4,C
0.2578125,-2.4717409049417065,5.73828125,-0.49847204136545653,0.04183719390021423,0.9892129835605303,0.015151515151515152,0.484375,1.0,0.9882352941176471,0.9764705882352941,0.9568627450980393,0.9294117647058824,0.9098039215686274,0.9787513829503991,0.9820796501316977,0.27210626006126404,0.4695921540260315,0.19748586416244507,256,chemistry_periodic,0,11,8,C
0.2421875,-1.459621896315788,5.42578125,-4.731207326380213,-3.411736546194024,0.8007274354994293,0.0,0.515625,1.0,0.9682539682539683,0.9325396825396826,0.8928571428571429,0.8650793650793651,0.8531746031746031,0.9677174889420496,0.9720695848852714,0.27210626006126404,0.4695921540260315,0.19748586416244507,256,chemistry_periodic,0,11,16,C
0.421875,1.5655583594008304,5.55078125,-0.3595462087384413,0.3269801181557418,0.8886126407403077,0.0,0.15625,1.0,0.9803149606299213,0.9606299212598425,0.9330708661417323,0.8858267716535433,0.8346456692913385,0.9605203533125608,0.9560661349593207,0.31964099407196045,0.4965885579586029,0.17694750428199768,256,chemistry_periodic,0,12,4,C
0.3046875,-0.6806243071578614,5.90625,0.657638949935227,0.612344383448593,1.0455918069911576,0.0,0.390625,1.0,0.99609375,0.9921875,0.984375,0.97265625,0.9609375,0.9908674187692903,0.9638326938154764,0.31964099407196045,0.4965885579586029,0.17694750428199768,256,chemistry_periodic,0,12,8,C
0.24609375,-1.3262012476580378,5.875,0.23673316424912033,0.7032965687329766,0.9473345408011463,0.0,0.5078125,1.0,0.99609375,0.98828125,0.97265625,0.9609375,0.95703125,0.9892513221477021,0.97001614097003,0.31964099407196045,0.4965885579586029,0.17694750428199768,256,chemistry_periodic,0,12,16,C
0.375,-0.1934959770045959,5.55078125,-0.3595462087384413,0.3269801181557418,1.0043694157327285,0.0,0.25,1.0,0.9803149606299213,0.9606299212598425,0.9291338582677166,0.8818897637795275,0.84251968503937,0.9618972972486929,0.9742815029746128,0.3881930112838745,0.5849506855010986,0.19675767421722412,256,chemistry_periodic,0,13,4,C
0.30859375,-0.5313645906758744,5.90625,0.657638949935227,0.612344383448593,0.777178478210609,0.0,0.3828125,1.0,0.99609375,0.9921875,0.984375,0.97265625,0.9609375,0.9908674187692903,0.9638326938154764,0.3881930112838745,0.5849506855010986,0.19675767421722412,256,chemistry_periodic,0,13,8,C
0.296875,0.40826718489271624,5.875,0.23673316424912033,0.7032965687329766,0.8302161770601502,0.013157894736842105,0.40625,1.0,0.99609375,0.98828125,0.97265625,0.9609375,0.95703125,0.9892513221477021,0.97001614097003,0.3881930112838745,0.5849506855010986,0.19675767421722412,256,chemistry_periodic,0,13,16,C
0.34375,-1.3661988679415467,4.99609375,-2.4850899906226505,-1.9772421909954667,1.160844050826878,0.0,0.3125,1.0,0.9306122448979591,0.8979591836734694,0.8612244897959184,0.7959183673469388,0.7346938775510204,0.9423857808868557,0.9671593724461331,0.21128664910793304,0.43034255504608154,0.2190559208393097,256,chemistry_periodic,0,14,4,C
0.30078125,-0.8298840236398485,5.84765625,0.2543444180861513,0.612344383448593,1.1098016622119877,0.0,0.3984375,1.0,0.99609375,0.984375,0.96875,0.95703125,0.94140625,0.9859886752134243,0.9970887574416133,0.21128664910793304,0.43034255504608154,0.2190559208393097,256,chemistry_periodic,0,14,8,C
0.28515625,0.008005238919465321,5.828125,-0.2816606260774188,0.7032965687329766,0.8780518530755131,0.0273972602739726,0.4296875,1.0,0.99609375,0.984375,0.96484375,0.94921875,0.93359375,0.983540204423793,0.9955456975612095,0.21128664910793304,0.43034255504608154,0.2190559208393097,256,chemistry_periodic,0,14,16,C
0.453125,2.7382612503377812,5.4921875,-0.5840754814726887,0.3269801181557418,0.779819994539436,0.0,0.09375,1.0,0.9803149606299213,0.9606299212598425,0.9212598425196851,0.8622047244094488,0.8110236220472441,0.9524430202002739,0.9638000990909188,0.3085951805114746,0.47447383403778076,0.16587865352630615,256,chemistry_periodic,0,15,4,C
0.32421875,0.06567427525207398,5.90625,0.657638949935227,0.612344383448593,0.837390401606941,0.0,0.3515625,1.0,0.99609375,0.9921875,0.984375,0.97265625,0.9609375,0.9908674187692903,0.9638326938154764,0.3085951805114746,0.47447383403778076,0.16587865352630615,256,chemistry_periodic,0,15,8,C
0.30078125,0.5416878335504666,5.875,0.23673316424912033,0.7032965687329766,0.967221365085531,0.012987012987012988,0.3984375,1.0,0.99609375,0.98828125,0.97265625,0.9609375,0.95703125,0.9892513221477021,0.97001614097003,0.3085951805114746,0.47447383403778076,0.16587865352630615,256,chemistry_periodic,0,15,16,C
0.375,-0.1934959770045959,5.86328125,0.8379432458442116,0.9853293493418014,0.8063592990148721,0.0,0.25,1.0,0.99609375,0.9921875,0.98828125,0.9609375,0.92578125,0.982317253649893,0.8371786574342086,0.301139235496521,0.5197647213935852,0.2186254858970642,256,chemistry_periodic,0,16,4,C
0.25390625,-2.6210006214236934,5.8828125,0.49632113719559673,0.612344383448593,0.864629814646443,0.015384615384615385,0.4921875,1.0,0.99609375,0.9921875,0.98828125,0.96875,0.9375,0.9855893651911545,0.8370916895311491,0.301139235496521,0.5197647213935852,0.2186254858970642,256,chemistry_periodic,0,16,8,C
0.2734375,-0.39225670705378557,5.875,0.23673316424912033,0.32920264919415837,0.8818099643931787,0.0,0.453125,1.0,0.9921875,0.98046875,0.97265625,0.96875,0.9609375,0.9924258639190585,0.9717680527302323,0.301139235496521,0.5197647213935852,0.2186254858970642,256,chemistry_periodic,0,16,16,C
0.34375,-1.3661988679415467,5.90625,1.0025980458493264,0.9853293493418014,1.2266693384299205,0.0,0.3125,1.0,0.99609375,0.9921875,0.984375,0.97265625,0.9609375,0.9908674187692903,0.9638326938154764,0.3444352149963379,0.5061910152435303,0.16175583004951477,256,chemistry_periodic,0,17,4,C
0.3359375,0.5134534246980352,5.73828125,-0.49847204136545653,0.04183719390021423,0.9256696496862801,0.0,0.328125,1.0,0.9882352941176471,0.9764705882352941,0.9568627450980393,0.9294117647058824,0.9098039215686274,0.9787513829503991,0.9820796501316977,0.3444352149963379,0.5061910152435303,0.16175583004951477,256,chemistry_periodic,0,17,8,C
0.265625,-0.6590980043692862,5.26953125,-6.459186627468677,-4.534018304810479,0.8769952722770255,0.058823529411764705,0.46875,1.0,0.9563492063492064,0.9087301587301587,0.8650793650793651,0.8253968253968254,0.7976190476190477,0.9551214274024967,0.995016388185613,0.3444352149963379,0.5061910152435303,0.16175583004951477,256,chemistry_periodic,0,17,16,C
0.3984375,0.6860311911981172,5.54296875,-0.3894834451030076,0.3269801181557418,0.8864585222928674,0.0,0.203125,1.0,0.9803149606299213,0.9606299212598425,0.9330708661417323,0.8818897637795275,0.8307086614173228,0.9591851376250788,0.9540691360226714,0.29457783699035645,0.5706361532211304,0.2760583460330963,256,chemistry_periodic,0,18,4,C
0.32421875,0.06567427525207398,5.90625,0.657638949935227,0.612344383448593,0.8825204115132249,0.012048192771084338,0.3515625,1.0,0.99609375,0.9921875,0.984375,0.97265625,0.9609375,0.9908674187692903,0.9638326938154764,0.29457783699035645,0.5706361532211304,0.2760583460330963,256,chemistry_periodic,0,18,8,C
0.24609375,-1.3262012476580378,5.875,0.23673316424912033,0.7032965687329766,0.7791366095159407,0.031746031746031744,0.5078125,1.0,0.99609375,0.98828125,0.97265625,0.9609375,0.95703125,0.9892513221477021,0.97001614097003,0.29457783699035645,0.5706361532211304,0.2760583460330963,256,chemistry_periodic,0,18,16,C
0.41015625,1.1257947752994737,5.53515625,-0.41942068146757394,0.3269801181557418,0.8301409797287813,0.0,0.1796875,1.0,0.9803149606299213,0.9606299212598425,0.9291338582677166,0.8818897637795275,0.8267716535433071,0.9582742289179843,0.9565345941452807,0.2747187614440918,0.5300899744033813,0.25537124276161194,256,chemistry_periodic,0,19,4,C
0.33203125,0.36419370821604813,5.90625,0.657638949935227,0.612344383448593,1.0072798357644317,0.0,0.3359375,1.0,0.99609375,0.9921875,0.984375,0.97265625,0.9609375,0.9908674187692903,0.9638326938154764,0.2747187614440918,0.5300899744033813,0.25537124276161194,256,chemistry_periodic,0,19,8,C
0.3203125,1.208791076839218,5.875,0.23673316424912033,0.7032965687329766,0.8265047136122753,0.0,0.359375,1.0,0.99609375,0.98828125,0.97265625,0.9609375,0.95703125,0.9892513221477021,0.97001614097003,0.2747187614440918,0.5300899744033813,0.25537124276161194,256,chemistry_periodic,0,19,16,C
0.43359375,2.005321943502187,5.90625,1.0025980458493264,0.9853293493418014,0.8745082511804891,0.0,0.1328125,1.0,0.99609375,0.9921875,0.984375,0.97265625,0.9609375,0.9908674187692903,0.9638326938154764,0.32182568311691284,0.5876673460006714,0.2658417224884033,256,chemistry_periodic,0,20,4,C
0.34765625,0.9612325741439964,5.73828125,-0.49847204136545653,0.04183719390021423,0.9086816787744048,0.0,0.3046875,1.0,0.9882352941176471,0.9764705882352941,0.9568627450980393,0.9294117647058824,0.9098039215686274,0.9787513829503991,0.9820796501316977,0.32182568311691284,0.5876673460006714,0.2658417224884033,256,chemistry_periodic,0,20,8,C
0.234375,-1.7264631936312886,5.4140625,-4.8608057739618475,-3.411736546194024,0.8555835109013475,0.05,0.53125,1.0,0.9644268774703557,0.924901185770751,0.8893280632411067,0.857707509881423,0.841897233201581,0.9658781532295609,0.9836519971582901,0.32182568311691284,0.5876673460006714,0.2658417224884033,256,chemistry_periodic,0,20,16,C
0.37109375,-0.34008383837171474,5.90625,1.0025980458493264,0.9853293493418014,0.9596376928509519,0.010526315789473684,0.2578125,1.0,0.99609375,0.9921875,0.984375,0.97265625,0.9609375,0.9908674187692903,0.9638326938154764,0.3422037959098816,0.4979023337364197,0.1556985080242157,256,chemistry_periodic,0,21,4,C
0.28515625,-1.4269228895677968,5.73828125,-0.49847204136545653,0.04183719390021423,0.9697859716916016,0.0136986301369863,0.4296875,1.0,0.9882352941176471,0.9764705882352941,0.9568627450980393,0.9294117647058824,0.9098039215686274,0.9787513829503991,0.9820796501316977,0.3422037959098816,0.4979023337364197,0.1556985080242157,256,chemistry_periodic,0,21,8,C
0.2734375,-0.39225670705378557,5.42578125,-4.731207326380213,-3.411736546194024,1.0900128439610242,0.0,0.453125,1.0,0.9682539682539683,0.9325396825396826,0.8928571428571429,0.8650793650793651,0.8531746031746031,0.9677174889420496,0.9720695848852714,0.3422037959098816,0.4979023337364197,0.1556985080242157,256,chemistry_periodic,0,21,16,C
0.41015625,1.1257947752994737,5.46484375,-0.6888558087486708,0.3269801181557418,0.782306485405523,0.0,0.1796875,1.0,0.9803149606299213,0.9566929133858267,0.9212598425196851,0.8582677165354331,0.7913385826771654,0.9477294234804091,0.9485448340886077,0.41886666417121887,0.6924536228179932,0.2735869288444519,256,chemistry_periodic,0,22,4,C
0.30078125,-0.8298840236398485,5.90625,0.657638949935227,0.612344383448593,0.9350015160602246,0.012987012987012988,0.3984375,1.0,0.99609375,0.9921875,0.984375,0.97265625,0.9609375,0.9908674187692903,0.9638326938154764,0.41886666417121887,0.6924536228179932,0.2735869288444519,256,chemistry_periodic,0,22,8,C
0.2734375,-0.39225670705378557,5.875,0.23673316424912033,0.7032965687329766,0.768650350342863,0.0,0.453125,1.0,0.99609375,0.98828125,0.97265625,0.9609375,0.95703125,0.9892513221477021,0.97001614097003,0.41886666417121887,0.6924536228179932,0.2735869288444519,256,chemistry_periodic,0,22,16,C
0.36328125,-0.6332595611059524,5.90625,1.0025980458493264,0.9853293493418014,0.9416725485387087,0.0,0.2734375,1.0,0.99609375,0.9921875,0.984375,0.97265625,0.9609375,0.9908674187692903,0.9638326938154764,0.41980159282684326,0.5749863386154175,0.15518471598625183,256,chemistry_periodic,0,23,4,C
0.24609375,-2.9195200543876676,5.73828125,-0.49847204136545653,0.04183719390021423,1.158767420789811,0.0,0.5078125,1.0,0.9882352941176471,0.9764705882352941,0.9568627450980393,0.9294117647058824,0.9098039215686274,0.9787513829503991,0.9820796501316977,0.41980159282684326,0.5749863386154175,0.15518471598625183,256,chemistry_periodic,0,23,8,C
0.2734375,-0.39225670705378557,5.26953125,-6.459186627468677,-4.534018304810479,1.0413616672560448,0.0,0.453125,1.0,0.9563492063492064,0.9087301587301587,0.8650793650793651,0.8253968253968254,0.7976190476190477,0.9551214274024967,0.995016388185613,0.41980159282684326,0.5749863386154175,0.15518471598625183,256,chemistry_periodic,0,23,16,C
0.40625,0.9792069139323549,5.23046875,-1.5869728996856605,-0.7702686004876909,0.8295090884273414,0.0,0.1875,1.0,0.956,0.924,0.88,0.82,0.776,0.9477525332194515,0.9858831640932318,0.3318622410297394,0.7167866230010986,0.38492435216903687,256,chemistry_periodic,0,24,4,C
0.31640625,-0.23284515771190017,5.90625,0.657638949935227,0.612344383448593,0.8370977713416141,0.0,0.3671875,1.0,0.99609375,0.9921875,0.984375,0.97265625,0.9609375,0.9908674187692903,0.9638326938154764,0.3318622410297394,0.7167866230010986,0.38492435216903687,256,chemistry_periodic,0,24,8,C
0.23046875,-1.859883842289039,5.875,0.23673316424912033,0.7032965687329766,0.8745450987206744,0.01694915254237288,0.5390625,1.0,0.99609375,0.98828125,0.97265625,0.9609375,0.95703125,0.9892513221477021,0.97001614097003,0.3318622410297394,0.7167866230010986,0.38492435216903687,256,chemistry_periodic,0,24,16,C
0.37109375,-0.34008383837171474,5.86328125,0.8379432458442116,0.9853293493418014,0.8382036996877834,0.0,0.2578125,1.0,0.99609375,0.9921875,0.98828125,0.9609375,0.92578125,0.982317253649893,0.8371786574342086,0.25669294595718384,0.48781079053878784,0.231117844581604,256,chemistry_periodic,0,25,4,C
0.31640625,-0.23284515771190017,5.8828125,0.49632113719559673,0.612344383448593,0.8977124127387606,0.0,0.3671875,1.0,0.99609375,0.9921875,0.98828125,0.96875,0.9375,0.9855893651911545,0.8370916895311491,0.25669294595718384,0.48781079053878784,0.231117844581604,256,chemistry_periodic,0,25,8,C
0.30859375,0.8085291308659671,5.875,0.23673316424912033,0.32920264919415837,0.9714310720627104,0.02531645569620253,0.3828125,1.0,0.9921875,0.98046875,0.97265625,0.96875,0.9609375,0.9924258639190585,0.9717680527302323,0.25669294595718384,0.48781079053878784,0.231117844581604,256,chemistry_periodic,0,25,16,C
0.41015625,1.1257947752994737,5.78125,0.5236022640162653,0.9853293493418014,0.834172413488697,0.0,0.1796875,1.0,0.99609375,0.9921875,0.97265625,0.9296875,0.890625,0.9715233819442209,0.9110674934923841,0.32867005467414856,0.5790056586265564,0.25033557415008545,256,chemistry_periodic,0,26,4,C
0.3203125,-0.0835854412299131,5.875,0.44254853294905333,0.612344383448593,0.7704251363622644,0.0,0.359375,1.0,0.99609375,0.9921875,0.98046875,0.96484375,0.94140625,0.986010854940546,0.9302129109747406,0.32867005467414856,0.5790056586265564,0.25033557415008545,256,chemistry_periodic,0,26,8,C
0.24609375,-1.3262012476580378,5.7734375,-0.8864533814583812,-0.4189851898834781,0.8176453999136791,0.0,0.5078125,1.0,0.9882352941176471,0.9764705882352941,0.9568627450980393,0.9411764705882353,0.9333333333333333,0.9850005493639932,0.984245486992481,0.32867005467414856,0.5790056586265564,0.25033557415008545,256,chemistry_periodic,0,26,16,C
0.3359375,-1.6593745906757844,5.90625,1.0025980458493264,0.9853293493418014,1.359210827400002,0.0,0.328125,1.0,0.99609375,0.9921875,0.984375,0.97265625,0.9609375,0.9908674187692903,0.9638326938154764,0.30438488721847534,0.5108082890510559,0.20642335712909698,256,chemistry_periodic,0,27,4,C
0.2734375,-1.874702039013758,5.73828125,-0.49847204136545653,0.04183719390021423,1.0098944380576325,0.014285714285714285,0.453125,1.0,0.9882352941176471,0.9764705882352941,0.9568627450980393,0.9294117647058824,0.9098039215686274,0.9787513829503991,0.9820796501316977,0.30438488721847534,0.5108082890510559,0.20642335712909698,256,chemistry_periodic,0,27,8,C
0.3125,0.9419497795237175,5.203125,-7.193577830431274,-4.534018304810479,1.1060065210460719,0.0125,0.375,1.0,0.9563492063492064,0.9047619047619048,0.8571428571428571,0.8055555555555556,0.7619047619047619,0.9445239100903718,0.9995173501147806,0.30438488721847534,0.5108082890510559,0.20642335712909698,256,chemistry_periodic,0,27,16,C
0.37109375,-0.34008383837171474,5.90625,1.0025980458493264,0.9853293493418014,0.9564727299951965,0.0,0.2578125,1.0,0.99609375,0.9921875,0.984375,0.97265625,0.9609375,0.9908674187692903,0.9638326938154764,0.4046838879585266,0.6827074289321899,0.27802354097366333,256,chemistry_periodic,0,28,4,C
0.35546875,1.2597520071079706,5.73828125,-0.49847204136545653,0.04183719390021423,0.8638646636261857,0.0,0.2890625,1.0,0.9882352941176471,0.9764705882352941,0.9568627450980393,0.9294117647058824,0.9098039215686274,0.9787513829503991,0.9820796501316977,0.4046838879585266,0.6827074289321899,0.27802354097366333,256,chemistry_periodic,0,28,8,C
0.3203125,1.208791076839218,5.359375,-5.46559852934281,-4.908112224349297,0.9136110571395029,0.0,0.359375,1.0,0.96,0.928,0.892,0.864,0.844,0.9676333304025638,0.9925915298685447,0.4046838879585266,0.6827074289321899,0.27802354097366333,256,chemistry_periodic,0,28,16,C
0.39453125,0.5394433298309984,5.90625,1.0025980458493264,0.9853293493418014,0.9409853667449125,0.0,0.2109375,1.0,0.99609375,0.9921875,0.984375,0.97265625,0.9609375,0.9908674187692903,0.9638326938154764,0.38063496351242065,0.6572181582450867,0.276583194732666,256,chemistry_periodic,0,29,4,C
0.3125,-0.3821048741938873,5.73828125,-0.49847204136545653,0.04183719390021423,0.9499159356670018,0.0125,0.375,1.0,0.9882352941176471,0.9764705882352941,0.9568627450980393,0.9294117647058824,0.9098039215686274,0.9787513829503991,0.9820796501316977,0.38063496351242065,0.6572181582450867,0.276583194732666,256,chemistry_periodic,0,29,8,C
0.28515625,0.008005238919465321,5.26953125,-6.459186627468677,-4.534018304810479,0.9083577968406267,0.0,0.4296875,1.0,0.9563492063492064,0.9087301587301587,0.8650793650793651,0.8253968253968254,0.7976190476190477,0.9551214274024967,0.995016388185613,0.38063496351242065,0.6572181582450867,0.276583194732666,256,chemistry_periodic,0,29,16,C
0.390625,0.39285546846387953,5.94140625,1.1373156094898749,0.9853293493418014,0.9142012070880245,0.01,0.21875,1.0,0.99609375,0.9921875,0.98828125,0.984375,0.98046875,0.9960551622400232,0.9999945318250933,0.36685413122177124,0.6537150144577026,0.28686094284057617,256,chemistry_periodic,1,0,4,C
0.3203125,-0.0835854412299131,5.94140625,0.8996156690446724,0.612344383448593,0.8087409035424449,0.0,0.359375,1.0,0.99609375,0.9921875,0.98828125,0.984375,0.98046875,0.9960551622400232,0.9999945318250933,0.36685413122177124,0.6537150144577026,0.28686094284057617,256,chemistry_periodic,1,0,8,C
0.3203125,1.208791076839218,5.89453125,0.4527305768851783,0.7032965687329766,0.8519358809476476,0.0,0.359375,1.0,0.99609375,0.98828125,0.9765625,0.96875,0.96484375,0.9916638242646785,0.976441337854549,0.36685413122177124,0.6537150144577026,0.28686094284057617,256,chemistry_periodic,1,0,16,C
0.4375,2.1519098048693057,5.49609375,-0.5691068632904056,0.6561547337487716,0.7382570469446462,0.0,0.125,1.0,0.9882352941176471,0.9725490196078431,0.9372549019607843,0.8509803921568627,0.7686274509803922,0.9383652392338551,0.9107606500633768,0.4359947443008423,0.6585927605628967,0.22259801626205444,256,chemistry_periodic,1,1,4,C
0.28515625,-1.4269228895677968,5.89453125,0.5769800435654119,0.612344383448593,0.9840504809750729,0.0136986301369863,0.4296875,1.0,0.99609375,0.98828125,0.9765625,0.96875,0.96484375,0.9916638242646785,0.976441337854549,0.4359947443008423,0.6585927605628967,0.22259801626205444,256,chemistry_periodic,1,1,8,C
0.28125,-0.125415409738285,5.89453125,0.4527305768851783,0.7032965687329766,0.89555514379137,0.013888888888888888,0.4375,1.0,0.99609375,0.98828125,0.9765625,0.96875,0.96484375,0.9916638242646785,0.976441337854549,0.4359947443008423,0.6585927605628967,0.22259801626205444,256,chemistry_periodic,1,1,16,C
0.4296875,1.858734082135068,5.94140625,1.1373156094898749,0.9853293493418014,0.88447194938223,0.0,0.140625,1.0,0.99609375,0.9921875,0.98828125,0.984375,0.98046875,0.9960551622400232,0.9999945318250933,0.3708398938179016,0.705917477607727,0.33507758378982544,256,chemistry_periodic,1,2,4,C
0.30078125,-0.8298840236398485,5.94140625,0.8996156690446724,0.612344383448593,1.1301967969274218,0.012987012987012988,0.3984375,1.0,0.99609375,0.9921875,0.98828125,0.984375,0.98046875,0.9960551622400232,0.9999945318250933,0.3708398938179016,0.705917477607727,0.33507758378982544,256,chemistry_periodic,1,2,8,C
0.23828125,-1.5930425449735384,5.94140625,0.9711243672117175,0.7032965687329766,0.990617093133506,0.03278688524590164,0.5234375,1.0,0.99609375,0.9921875,0.98828125,0.984375,0.98046875,0.9960551622400232,0.9999945318250933,0.3708398938179016,0.705917477607727,0.33507758378982544,256,chemistry_periodic,1,2,16,C
0.35546875,-0.9264352838401901,5.94140625,1.1373156094898749,0.9853293493418014,0.8759550877511474,0.0,0.2890625,1.0,0.99609375,0.9921875,0.98828125,0.984375,0.98046875,0.9960551622400232,0.9999945318250933,0.38403555750846863,0.7350630164146423,0.3510274887084961,256,chemistry_periodic,1,3,4,C
0.359375,1.4090117235899577,5.94140625,0.8996156690446724,0.612344383448593,0.7848629405149394,0.0,0.28125,1.0,0.99609375,0.9921875,0.98828125,0.984375,0.98046875,0.9960551622400232,0.9999945318250933,0.38403555750846863,0.7350630164146423,0.3510274887084961,256,chemistry_periodic,1,3,8,C
0.28515625,0.008005238919465321,5.77734375,-0.8432538989311695,0.7032965687329766,0.8158892040818406,0.0,0.4296875,1.0,0.99609375,0.98828125,0.96484375,0.9296875,0.8984375,0.9736058499478609,0.9536779243000376,0.38403555750846863,0.7350630164146423,0.3510274887084961,256,chemistry_periodic,1,3,16,C
0.4296875,1.858734082135068,5.41796875,-0.8684792269360688,-0.22164424116597453,0.807933140360264,0.0,0.140625,1.0,0.9721115537848606,0.9601593625498008,0.9282868525896414,0.8645418326693227,0.8007968127490039,0.9519310993504283,0.923076680419681,0.39484041929244995,0.583137035369873,0.18829667568206787,256,chemistry_periodic,1,4,4,C
0.2734375,-1.874702039013758,5.89453125,0.5769800435654119,0.612344383448593,0.763278407319716,0.014285714285714285,0.453125,1.0,0.99609375,0.98828125,0.9765625,0.96875,0.96484375,0.9916638242646785,0.976441337854549,0.39484041929244995,0.583137035369873,0.18829667568206787,256,chemistry_periodic,1,4,8,C
0.3359375,1.7424736714702194,5.89453125,0.4527305768851783,0.7032965687329766,0.9068627239003706,0.0,0.328125,1.0,0.99609375,0.98828125,0.9765625,0.96875,0.96484375,0.9916638242646785,0.976441337854549,0.39484041929244995,0.583137035369873,0.18829667568206787,256,chemistry_periodic,1,4,16,C
0.35546875,-0.9264352838401901,5.94140625,1.1373156094898749,0.9853293493418014,1.0262253392054799,0.0,0.2890625,1.0,0.99609375,0.9921875,0.98828125,0.984375,0.98046875,0.9960551622400232,0.9999945318250933,0.40311381220817566,0.6313565969467163,0.22824281454086304,256,chemistry_periodic,1,5,4,C
0.34375,0.8119728576620093,5.94140625,0.8996156690446724,0.612344383448593,0.7010681011718511,0.0,0.3125,1.0,0.99609375,0.9921875,0.98828125,0.984375,0.98046875,0.9960551622400232,0.9999945318250933,0.40311381220817566,0.6313565969467163,0.22824281454086304,256,chemistry_periodic,1,5,8,C
0.33203125,1.6090530228124689,5.77734375,-0.8432538989311695,0.7032965687329766,0.8107447359512051,0.0,0.3359375,1.0,0.99609375,0.98828125,0.96484375,0.9296875,0.8984375,0.9736058499478609,0.9536779243000376,0.40311381220817566,0.6313565969467163,0.22824281454086304,256,chemistry_periodic,1,5,16,C
0.421875,1.5655583594008304,5.63671875,-0.030236608728211715,0.9853293493418014,0.7141822522400616,0.0,0.15625,1.0,0.99609375,0.98828125,0.95703125,0.8828125,0.8125,0.9492998728483355,0.9019281786907934,0.3958236575126648,0.6037222146987915,0.2078985869884491,256,chemistry_periodic,1,6,4,C
0.28515625,-1.4269228895677968,5.89453125,0.5769800435654119,0.612344383448593,0.8928157704700338,0.0,0.4296875,1.0,0.99609375,0.98828125,0.9765625,0.96875,0.96484375,0.9916638242646785,0.976441337854549,0.3958236575126648,0.6037222146987915,0.2078985869884491,256,chemistry_periodic,1,6,8,C
0.2421875,-1.459621896315788,5.89453125,0.4527305768851783,0.7032965687329766,0.7528405125819466,0.016129032258064516,0.515625,1.0,0.99609375,0.98828125,0.9765625,0.96875,0.96484375,0.9916638242646785,0.976441337854549,0.3958236575126648,0.6037222146987915,0.2078985869884491,256,chemistry_periodic,1,6,16,C
0.375,-0.1934959770045959,5.94140625,1.1373156094898749,0.9853293493418014,0.9268181440497816,0.0,0.25,1.0,0.99609375,0.9921875,0.98828125,0.984375,0.98046875,0.9960551622400232,0.9999945318250933,0.32685545086860657,0.5173989534378052,0.19054345786571503,256,chemistry_periodic,1,7,4,C
0.27734375,-1.725442322531771,5.94140625,0.8996156690446724,0.612344383448593,0.9823592576472765,0.0,0.4453125,1.0,0.99609375,0.9921875,0.98828125,0.984375,0.98046875,0.9960551622400232,0.9999945318250933,0.32685545086860657,0.5173989534378052,0.19054345786571503,256,chemistry_periodic,1,7,8,C
0.28515625,0.008005238919465321,5.765625,-0.9728523465128044,0.7032965687329766,1.0182023374555766,0.0136986301369863,0.4296875,1.0,0.99609375,0.98828125,0.96484375,0.92578125,0.890625,0.9714975636409701,0.9449225787889127,0.32685545086860657,0.5173989534378052,0.19054345786571503,256,chemistry_periodic,1,7,16,C
0.35546875,-0.9264352838401901,5.94140625,1.1373156094898749,0.9853293493418014,0.9114478552480763,0.0,0.2890625,1.0,0.99609375,0.9921875,0.98828125,0.984375,0.98046875,0.9960551622400232,0.9999945318250933,0.3134329915046692,0.6601186990737915,0.3466857671737671,256,chemistry_periodic,1,8,4,C
0.3359375,0.5134534246980352,5.94140625,0.8996156690446724,0.612344383448593,0.9378042431686576,0.0,0.328125,1.0,0.99609375,0.9921875,0.98828125,0.984375,0.98046875,0.9960551622400232,0.9999945318250933,0.3134329915046692,0.6601186990737915,0.3466857671737671,256,chemistry_periodic,1,8,8,C
0.2890625,0.14142588757721564,5.92578125,0.7983264371028711,0.7032965687329766,0.8384175570680757,0.0,0.421875,1.0,0.99609375,0.9921875,0.98828125,0.98046875,0.96875,0.9932676717632941,0.9364511861910951,0.3134329915046692,0.6601186990737915,0.3466857671737671,256,chemistry_periodic,1,8,16,C
0.40234375,0.832619052565236,5.52734375,-0.44935791783214024,0.3269801181557418,0.9202279174013082,0.0,0.1953125,1.0,0.9803149606299213,0.9606299212598425,0.9330708661417323,0.8779527559055118,0.8188976377952756,0.9560141079822774,0.941982059141718,0.3632356524467468,0.7067447900772095,0.34350910782814026,256,chemistry_periodic,1,9,4,C
0.26953125,-2.023961755495745,5.89453125,0.5769800435654119,0.612344383448593,0.9222790550337939,0.014492753623188406,0.4609375,1.0,0.99609375,0.98828125,0.9765625,0.96875,0.96484375,0.9916638242646785,0.976441337854549,0.3632356524467468,0.7067447900772095,0.34350910782814026,256,chemistry_periodic,1,9,8,C
0.3125,0.9419497795237175,5.89453125,0.4527305768851783,0.7032965687329766,0.7945288003390174,0.0125,0.375,1.0,0.99609375,0.98828125,0.9765625,0.96875,0.96484375,0.9916638242646785,0.976441337854549,0.3632356524467468,0.7067447900772095,0.34350910782814026,256,chemistry_periodic,1,9,16,C
0.3671875,-0.48667169973883356,5.81640625,0.6583198276568137,0.9853293493418014,1.0130200775006166,0.0,0.265625,1.0,0.99609375,0.9921875,0.98046875,0.9453125,0.90234375,0.9756915074024118,0.8736519835007086,0.3766860365867615,0.6055595874786377,0.22887349128723145,256,chemistry_periodic,1,10,4,C
0.30859375,-0.5313645906758744,5.89453125,0.5769800435654119,0.612344383448593,1.1591997239475174,0.0,0.3828125,1.0,0.99609375,0.98828125,0.9765625,0.96875,0.96484375,0.9916638242646785,0.976441337854549,0.3766860365867615,0.6055595874786377,0.22887349128723145,256,chemistry_periodic,1,10,8,C
0.31640625,1.0753704281814678,5.89453125,0.4527305768851783,0.7032965687329766,0.8695405154753262,0.0,0.3671875,1.0,0.99609375,0.98828125,0.9765625,0.96875,0.96484375,0.9916638242646785,0.976441337854549,0.3766860365867615,0.6055595874786377,0.22887349128723145,256,chemistry_periodic,1,10,16,C
0.390625,0.39285546846387953,5.94140625,1.1373156094898749,0.9853293493418014,0.8706759638979888,0.0,0.21875,1.0,0.99609375,0.9921875,0.98828125,0.984375,0.98046875,0.9960551622400232,0.9999945318250933,0.3662891685962677,0.5472986698150635,0.18100948631763458,256,chemistry_periodic,1,11,4,C
0.31640625,-0.23284515771190017,5.94140625,0.8996156690446724,0.612344383448593,0.7960955880001152,0.0,0.3671875,1.0,0.99609375,0.9921875,0.98828125,0.984375,0.98046875,0.9960551622400232,0.9999945318250933,0.3662891685962677,0.5472986698150635,0.18100948631763458,256,chemistry_periodic,1,11,8,C
0.26953125,-0.5256773557115358,5.73828125,-1.2752487242032855,0.7032965687329766,0.8804508329852704,0.014492753623188406,0.4609375,1.0,0.99609375,0.98828125,0.9609375,0.91796875,0.875,0.9672445730487239,0.9391818875800685,0.3662891685962677,0.5472986698150635,0.18100948631763458,256,chemistry_periodic,1,11,16,C
0.3515625,-1.073023145207309,5.94140625,1.1373156094898749,0.9853293493418014,0.8774143211225633,0.0,0.296875,1.0,0.99609375,0.9921875,0.98828125,0.984375,0.98046875,0.9960551622400232,0.9999945318250933,0.39348816871643066,0.5934510231018066,0.19996285438537598,256,chemistry_periodic,1,12,4,C
0.296875,-0.9791437401218356,5.94140625,0.8996156690446724,0.612344383448593,0.7971431567543493,0.0,0.40625,1.0,0.99609375,0.9921875,0.98828125,0.984375,0.98046875,0.9960551622400232,0.9999945318250933,0.39348816871643066,0.5934510231018066,0.19996285438537598,256,chemistry_periodic,1,12,8,C
0.28125,-0.125415409738285,5.76171875,-1.016051829040016,0.7032965687329766,0.8984397727733456,0.0,0.4375,1.0,0.99609375,0.98828125,0.96484375,0.92578125,0.88671875,0.9706438737774937,0.9391510897962148,0.39348816871643066,0.5934510231018066,0.19996285438537598,256,chemistry_periodic,1,12,16,C
0.34765625,-1.219611006574428,5.94140625,1.1373156094898749,0.9853293493418014,0.9396370964535007,0.0,0.3046875,1.0,0.99609375,0.9921875,0.98828125,0.984375,0.98046875,0.9960551622400232,0.9999945318250933,0.348613440990448,0.611400306224823,0.262786865234375,256,chemistry_periodic,1,13,4,C
0.29296875,-1.1284034566038226,5.94140625,0.8996156690446724,0.612344383448593,0.9692042117002594,0.013333333333333334,0.4140625,1.0,0.99609375,0.9921875,0.98828125,0.984375,0.98046875,0.9960551622400232,0.9999945318250933,0.348613440990448,0.611400306224823,0.262786865234375,256,chemistry_periodic,1,13,8,C
0.25390625,-1.059359950342537,5.94140625,0.9711243672117175,0.7032965687329766,0.8537102987181059,0.015384615384615385,0.4921875,1.0,0.99609375,0.9921875,0.98828125,0.984375,0.98046875,0.9960551622400232,0.9999945318250933,0.348613440990448,0.611400306224823,0.262786865234375,256,chemistry_periodic,1,13,16,C
0.44921875,2.5916733889706625,5.94140625,1.1373156094898749,0.9853293493418014,0.886477163189573,0.0,0.1015625,1.0,0.99609375,0.9921875,0.98828125,0.984375,0.98046875,0.9960551622400232,0.9999945318250933,0.3102104663848877,0.735789954662323,0.4255794584751129,256,chemistry_periodic,1,14,4,C
0.296875,-0.9791437401218356,5.94140625,0.8996156690446724,0.612344383448593,0.9607022282399852,0.0,0.40625,1.0,0.99609375,0.9921875,0.98828125,0.984375,0.98046875,0.9960551622400232,0.9999945318250933,0.3102104663848877,0.735789954662323,0.4255794584751129,256,chemistry_periodic,1,14,8,C
0.26953125,-0.5256773557115358,5.94140625,0.9711243672117175,0.7032965687329766,0.812183363477754,0.0,0.4609375,1.0,0.99609375,0.9921875,0.98828125,0.984375,0.98046875,0.9960551622400232,0.9999945318250933,0.3102104663848877,0.735789954662323,0.4255794584751129,256,chemistry_periodic,1,14,16,C
0.40625,0.9792069139323549,5.94140625,1.1373156094898749,0.9853293493418014,0.7800388439880398,0.0,0.1875,1.0,0.99609375,0.9921875,0.98828125,0.984375,0.98046875,0.9960551622400232,0.9999945318250933,0.4835067391395569,0.6713990569114685,0.18789231777191162,256,chemistry_periodic,1,15,4,C
0.328125,0.21493399173406105,5.94140625,0.8996156690446724,0.612344383448593,0.9116418005380282,0.011904761904761904,0.34375,1.0,0.99609375,0.9921875,0.98828125,0.984375,0.98046875,0.9960551622400232,0.9999945318250933,0.4835067391395569,0.6713990569114685,0.18789231777191162,256,chemistry_periodic,1,15,8,C
0.30859375,0.8085291308659671,5.76171875,-1.016051829040016,0.7032965687329766,0.7862345648946395,0.0,0.3828125,1.0,0.99609375,0.98828125,0.96484375,0.92578125,0.88671875,0.9706438737774937,0.9391510897962148,0.4835067391395569,0.6713990569114685,0.18789231777191162,256,chemistry_periodic,1,15,16,C
0.375,-0.1934959770045959,5.94140625,1.1373156094898749,0.9853293493418014,0.8245054468799534,0.0,0.25,1.0,0.99609375,0.9921875,0.98828125,0.984375,0.98046875,0.9960551622400232,0.9999945318250933,0.4102846682071686,0.7544505596160889,0.3441658616065979,256,chemistry_periodic,1,16,4,C
0.32421875,0.06567427525207398,5.94140625,0.8996156690446724,0.612344383448593,1.0273561663686277,0.0,0.3515625,1.0,0.99609375,0.9921875,0.98828125,0.984375,0.98046875,0.9960551622400232,0.9999945318250933,0.4102846682071686,0.7544505596160889,0.3441658616065979,256,chemistry_periodic,1,16,8,C
0.28125,-0.125415409738285,5.796875,-0.6272564862951115,0.7032965687329766,0.7992867148184212,0.0,0.4375,1.0,0.99609375,0.98828125,0.96875,0.9375,0.90625,0.9761097098657509,0.9488832784535313,0.4102846682071686,0.7544505596160889,0.3441658616065979,256,chemistry_periodic,1,16,16,C
0.34765625,-1.219611006574428,5.94140625,1.1373156094898749,0.9853293493418014,0.9843443684401412,0.0,0.3046875,1.0,0.99609375,0.9921875,0.98828125,0.984375,0.98046875,0.9960551622400232,0.9999945318250933,0.40572264790534973,0.7056417465209961,0.29991912841796875,256,chemistry_periodic,1,17,4,C
0.3046875,-0.6806243071578614,5.94140625,0.8996156690446724,0.612344383448593,0.8424897834428557,0.0,0.390625,1.0,0.99609375,0.9921875,0.98828125,0.984375,0.98046875,0.9960551622400232,0.9999945318250933,0.40572264790534973,0.7056417465209961,0.29991912841796875,256,chemistry_periodic,1,17,8,C
0.328125,1.4756323741547186,5.78125,-0.8000544164039579,-0.04489127034465989,0.7551786558778176,0.0,0.34375,1.0,0.9921568627450981,0.984313725490196,0.9686274509803922,0.9450980392156862,0.9137254901960784,0.9796736160889256,0.9421980085509591,0.40572264790534973,0.7056417465209961,0.29991912841796875,256,chemistry_periodic,1,17,16,C
0.37890625,-0.04690811563747703,5.76953125,0.4786964094694158,0.9853293493418014,1.157400176318653,0.0,0.2421875,1.0,0.99609375,0.98828125,0.96875,0.9296875,0.88671875,0.9710526525914536,0.9222518890305945,0.3650174140930176,0.5727229118347168,0.20770549774169922,256,chemistry_periodic,1,18,4,C
0.31640625,-0.23284515771190017,5.89453125,0.5769800435654119,0.612344383448593,0.8398629388392004,0.0,0.3671875,1.0,0.99609375,0.98828125,0.9765625,0.96875,0.96484375,0.9916638242646785,0.976441337854549,0.3650174140930176,0.5727229118347168,0.20770549774169922,256,chemistry_periodic,1,18,8,C
0.2890625,0.14142588757721564,5.89453125,0.4527305768851783,0.7032965687329766,0.9794802688760534,0.0,0.421875,1.0,0.99609375,0.98828125,0.9765625,0.96875,0.96484375,0.9916638242646785,0.976441337854549,0.3650174140930176,0.5727229118347168,0.20770549774169922,256,chemistry_periodic,1,18,16,C
0.34765625,-1.219611006574428,5.94140625,1.1373156094898749,0.9853293493418014,0.8980055172313872,0.0,0.3046875,1.0,0.99609375,0.9921875,0.98828125,0.984375,0.98046875,0.9960551622400232,0.9999945318250933,0.337356835603714,0.5535496473312378,0.21619275212287903,256,chemistry_periodic,1,19,4,C
0.32421875,0.06567427525207398,5.94140625,0.8996156690446724,0.612344383448593,0.8486667233719979,0.0,0.3515625,1.0,0.99609375,0.9921875,0.98828125,0.984375,0.98046875,0.9960551622400232,0.9999945318250933,0.337356835603714,0.5535496473312378,0.21619275212287903,256,chemistry_periodic,1,19,8,C
0.30078125,0.5416878335504666,5.92578125,0.7983264371028711,0.7032965687329766,0.9550795212619612,0.0,0.3984375,1.0,0.99609375,0.9921875,0.98828125,0.98046875,0.96875,0.9932676717632941,0.9364511861910951,0.337356835603714,0.5535496473312378,0.21619275212287903,256,chemistry_periodic,1,19,16,C
0.359375,-0.7798474224730713,5.94140625,1.1373156094898749,0.9853293493418014,1.056371466884971,0.010869565217391304,0.28125,1.0,0.99609375,0.9921875,0.98828125,0.984375,0.98046875,0.9960551622400232,0.9999945318250933,0.3426058292388916,0.5617773532867432,0.21917149424552917,256,chemistry_periodic,1,20,4,C
0.3515625,1.1104922906259835,5.94140625,0.8996156690446724,0.612344383448593,0.766228180206563,0.0,0.296875,1.0,0.99609375,0.9921875,0.98828125,0.984375,0.98046875,0.9960551622400232,0.9999945318250933,0.3426058292388916,0.5617773532867432,0.21917149424552917,256,chemistry_periodic,1,20,8,C
0.25,-1.1927805990002873,5.89453125,0.4527305768851783,0.7032965687329766,0.8217639563767688,0.03125,0.5,1.0,0.99609375,0.98828125,0.9765625,0.96875,0.96484375,0.9916638242646785,0.976441337854549,0.3426058292388916,0.5617773532867432,0.21917149424552917,256,chemistry_periodic,1,20,16,C
0.4140625,1.2723826366665927,5.94140625,1.1373156094898749,0.9853293493418014,0.8884393618546198,0.0,0.171875,1.0,0.99609375,0.9921875,0.98828125,0.984375,0.98046875,0.9960551622400232,0.9999945318250933,0.5129690170288086,0.7488824725151062,0.23591348528862,256,chemistry_periodic,1,21,4,C
0.29296875,-1.1284034566038226,5.94140625,0.8996156690446724,0.612344383448593,0.943561359461254,0.0,0.4140625,1.0,0.99609375,0.9921875,0.98828125,0.984375,0.98046875,0.9960551622400232,0.9999945318250933,0.5129690170288086,0.7488824725151062,0.23591348528862,256,chemistry_periodic,1,21,8,C
0.2734375,-0.39225670705378557,5.76171875,-1.016051829040016,0.7032965687329766,0.8953424312725251,0.0,0.453125,1.0,0.99609375,0.98828125,0.96484375,0.92578125,0.88671875,0.9706438737774937,0.9391510897962148,0.5129690170288086,0.7488824725151062,0.23591348528862,256,chemistry_periodic,1,21,16,C
0.38671875,0.24626760709676068,5.94140625,1.1373156094898749,0.9853293493418014,0.7703868735637632,0.0,0.2265625,1.0,0.99609375,0.9921875,0.98828125,0.984375,0.98046875,0.9960551622400232,0.9999945318250933,0.2690790891647339,0.5836079716682434,0.3145288825035095,256,chemistry_periodic,1,22,4,C
0.32421875,0.06567427525207398,5.94140625,0.8996156690446724,0.612344383448593,0.7593333002874544,0.0,0.3515625,1.0,0.99609375,0.9921875,0.98828125,0.984375,0.98046875,0.9960551622400232,0.9999945318250933,0.2690790891647339,0.5836079716682434,0.3145288825035095,256,chemistry_periodic,1,22,8,C
0.25390625,-1.059359950342537,5.92578125,0.7983264371028711,0.7032965687329766,0.7453776312043371,0.0,0.4921875,1.0,0.99609375,0.9921875,0.98828125,0.98046875,0.96875,0.9932676717632941,0.9364511861910951,0.2690790891647339,0.5836079716682434,0.3145288825035095,256,chemistry_periodic,1,22,16,C
0.3046875,-2.8320774816127354,5.94140625,1.1373156094898749,0.9853293493418014,0.9721332243499425,0.0,0.390625,1.0,0.99609375,0.9921875,0.98828125,0.984375,0.98046875,0.9960551622400232,0.9999945318250933,0.331191748380661,0.553124189376831,0.22193247079849243,256,chemistry_periodic,1,23,4,C
0.25,-2.7702603379056807,5.94140625,0.8996156690446724,0.612344383448593,0.881935541527523,0.03125,0.5,1.0,0.99609375,0.9921875,0.98828125,0.984375,0.98046875,0.9960551622400232,0.9999945318250933,0.331191748380661,0.553124189376831,0.22193247079849243,256,chemistry_periodic,1,23,8,C
0.25390625,-1.059359950342537,5.89453125,0.4527305768851783,-0.04489127034465989,0.8341127022171524,0.03076923076923077,0.4921875,1.0,0.9921568627450981,0.9882352941176471,0.984313725490196,0.9803921568627451,0.9725490196078431,0.9952224833344671,0.9720008392667439,0.331191748380661,0.553124189376831,0.22193247079849243,256,chemistry_periodic,1,23,16,C
0.37890625,-0.04690811563747703,5.94140625,1.1373156094898749,0.9853293493418014,0.977041833310667,0.0,0.2421875,1.0,0.99609375,0.9921875,0.98828125,0.984375,0.98046875,0.9960551622400232,0.9999945318250933,0.38788533210754395,0.6700990796089172,0.28221380710601807,256,chemistry_periodic,1,24,4,C
0.31640625,-0.23284515771190017,5.94140625,0.8996156690446724,0.612344383448593,0.8303436356365463,0.0,0.3671875,1.0,0.99609375,0.9921875,0.98828125,0.984375,0.98046875,0.9960551622400232,0.9999945318250933,0.38788533210754395,0.6700990796089172,0.28221380710601807,256,chemistry_periodic,1,24,8,C
0.2890625,0.14142588757721564,5.94140625,0.9711243672117175,0.7032965687329766,1.0147762949437058,0.013513513513513514,0.421875,1.0,0.99609375,0.9921875,0.98828125,0.984375,0.98046875,0.9960551622400232,0.9999945318250933,0.38788533210754395,0.6700990796089172,0.28221380710601807,256,chemistry_periodic,1,24,16,C
0.375,-0.1934959770045959,5.94140625,1.1373156094898749,0.9853293493418014,0.9328972714159194,0.0,0.25,1.0,0.99609375,0.9921875,0.98828125,0.984375,0.98046875,0.9960551622400232,0.9999945318250933,0.3885027766227722,0.6006656885147095,0.21216291189193726,256,chemistry_periodic,1,25,4,C
0.2578125,-2.4717409049417065,5.94140625,0.8996156690446724,0.612344383448593,0.7124586591028804,0.015151515151515152,0.484375,1.0,0.99609375,0.9921875,0.98828125,0.984375,0.98046875,0.9960551622400232,0.9999945318250933,0.3885027766227722,0.6006656885147095,0.21216291189193726,256,chemistry_periodic,1,25,8,C
0.30078125,0.5416878335504666,5.76171875,-1.016051829040016,0.7032965687329766,0.7887610538052701,0.012987012987012988,0.3984375,1.0,0.99609375,0.98828125,0.96484375,0.92578125,0.88671875,0.9706438737774937,0.9391510897962148,0.3885027766227722,0.6006656885147095,0.21216291189193726,256,chemistry_periodic,1,25,16,C
0.41796875,1.4189704980337114,5.38671875,-0.9882281723943341,0.6561547337487716,0.8941384392371514,0.0,0.1640625,1.0,0.9882352941176471,0.9686274509803922,0.9176470588235294,0.8156862745098039,0.7176470588235294,0.9220336008728156,0.919807216691793,0.3939782381057739,0.5769128203392029,0.18293461203575134,256,chemistry_periodic,1,26,4,C
0.32421875,0.06567427525207398,5.89453125,0.5769800435654119,0.612344383448593,0.8088826872463996,0.0,0.3515625,1.0,0.99609375,0.98828125,0.9765625,0.96875,0.96484375,0.9916638242646785,0.976441337854549,0.3939782381057739,0.5769128203392029,0.18293461203575134,256,chemistry_periodic,1,26,8,C
0.265625,-0.6590980043692862,5.89453125,0.4527305768851783,0.7032965687329766,0.9577440541486143,0.014705882352941176,0.46875,1.0,0.99609375,0.98828125,0.9765625,0.96875,0.96484375,0.9916638242646785,0.976441337854549,0.3939782381057739,0.5769128203392029,0.18293461203575134,256,chemistry_periodic,1,26,16,C
0.3515625,-1.073023145207309,5.94140625,1.1373156094898749,0.9853293493418014,1.0866686754076793,0.0,0.296875,1.0,0.99609375,0.9921875,0.98828125,0.984375,0.98046875,0.9960551622400232,0.9999945318250933,0.3488050103187561,0.6846640110015869,0.33585894107818604,256,chemistry_periodic,1,27,4,C
0.265625,-2.1732214719777323,5.94140625,0.8996156690446724,0.612344383448593,0.9632091416182907,0.029411764705882353,0.46875,1.0,0.99609375,0.9921875,0.98828125,0.984375,0.98046875,0.9960551622400232,0.9999945318250933,0.3488050103187561,0.6846640110015869,0.33585894107818604,256,chemistry_periodic,1,27,8,C
0.23046875,-1.859883842289039,5.94140625,0.9711243672117175,0.7032965687329766,0.7796915076228689,0.05084745762711865,0.5390625,1.0,0.99609375,0.9921875,0.98828125,0.984375,0.98046875,0.9960551622400232,0.9999945318250933,0.3488050103187561,0.6846640110015869,0.33585894107818604,256,chemistry_periodic,1,27,16,C
0.4140625,1.2723826366665927,5.94140625,1.1373156094898749,0.9853293493418014,0.8702247708235039,0.0,0.171875,1.0,0.99609375,0.9921875,0.98828125,0.984375,0.98046875,0.9960551622400232,0.9999945318250933,0.3876839280128479,0.7024250626564026,0.3147411346435547,256,chemistry_periodic,1,28,4,C
0.3046875,-0.6806243071578614,5.94140625,0.8996156690446724,0.612344383448593,0.7978234205434563,0.0,0.390625,1.0,0.99609375,0.9921875,0.98828125,0.984375,0.98046875,0.9960551622400232,0.9999945318250933,0.3876839280128479,0.7024250626564026,0.3147411346435547,256,chemistry_periodic,1,28,8,C
0.32421875,1.3422117254969683,5.77734375,-0.8432538989311695,-0.04489127034465989,0.768653969066873,0.0,0.3515625,1.0,0.9921568627450981,0.9803921568627451,0.9607843137254902,0.9411764705882353,0.9254901960784314,0.9821671844452999,0.9931933866434811,0.3876839280128479,0.7024250626564026,0.3147411346435547,256,chemistry_periodic,1,28,16,C
0.38671875,0.24626760709676068,5.265625,-1.452255336045112,0.3269801181557418,1.0744229179889508,0.0,0.2265625,1.0,0.9803149606299213,0.952755905511811,0.889763779527559,0.7834645669291339,0.7007874015748031,0.9169547447347931,0.948934449990798,0.3740697205066681,0.5153501629829407,0.14128044247627258,256,chemistry_periodic,1,29,4,C
0.3046875,-0.6806243071578614,5.89453125,0.5769800435654119,0.612344383448593,0.9333769446229313,0.0,0.390625,1.0,0.99609375,0.98828125,0.9765625,0.96875,0.96484375,0.9916638242646785,0.976441337854549,0.3740697205066681,0.5153501629829407,0.14128044247627258,256,chemistry_periodic,1,29,8,C
0.2734375,-0.39225670705378557,5.89453125,0.4527305768851783,0.7032965687329766,0.8256925963691322,0.0,0.453125,1.0,0.99609375,0.98828125,0.9765625,0.96875,0.96484375,0.9916638242646785,0.976441337854549,0.3740697205066681,0.5153501629829407,0.14128044247627258,256,chemistry_periodic,1,29,16,C
0.34375,-1.3661988679415467,5.73828125,0.3589474640111505,0.3269801181557418,1.1165902832876389,0.0,0.3125,1.0,0.9803149606299213,0.9645669291338582,0.952755905511811,0.9448818897637795,0.9409448818897638,0.9897926545605524,0.949275276721125,0.30106794834136963,0.602180004119873,0.3011120557785034,256,chemistry_periodic,2,0,4,C
0.29296875,-1.1284034566038226,5.73828125,-0.49847204136545653,-0.5286699956481645,0.951966385961185,0.0,0.4140625,1.0,0.9803149606299213,0.9645669291338582,0.952755905511811,0.9448818897637795,0.9409448818897638,0.9897926545605524,0.949275276721125,0.30106794834136963,0.602180004119873,0.3011120557785034,256,chemistry_periodic,2,0,8,C
0.27734375,-0.2588360583960353,5.87890625,0.27993264677633195,0.7032965687329766,0.8924572818908476,0.028169014084507043,0.4453125,1.0,0.99609375,0.98828125,0.9765625,0.96484375,0.953125,0.9888435211067819,0.994216345740109,0.30106794834136963,0.602180004119873,0.3011120557785034,256,chemistry_periodic,2,0,16,C
0.33203125,-1.8059624520429032,5.92578125,1.0774411367607424,0.9853293493418014,0.9730733911930742,0.0,0.3359375,1.0,0.99609375,0.9921875,0.98828125,0.98046875,0.96875,0.9932676717632941,0.9364511861910951,0.4689807891845703,0.6145433187484741,0.1455625742673874,256,chemistry_periodic,2,1,4,C
0.32421875,0.06567427525207398,5.89453125,0.5769800435654119,0.612344383448593,0.933744211131196,0.0,0.3515625,1.0,0.99609375,0.98828125,0.9765625,0.96875,0.96484375,0.9916638242646785,0.976441337854549,0.4689807891845703,0.6145433187484741,0.1455625742673874,256,chemistry_periodic,2,1,8,C
0.328125,1.4756323741547186,5.89453125,0.4527305768851783,0.7032965687329766,0.8470754475974122,0.011904761904761904,0.34375,1.0,0.99609375,0.98828125,0.9765625,0.96875,0.96484375,0.9916638242646785,0.976441337854549,0.4689807891845703,0.6145433187484741,0.1455625742673874,256,chemistry_periodic,2,1,16,C
0.40625,0.9792069139323549,5.43359375,-0.8086047542069361,-0.7702686004876909,0.932032523066436,0.0,0.1875,1.0,0.956,0.928,0.908,0.892,0.88,0.9796854177590661,0.9776901781673991,0.3226443827152252,0.47814270853996277,0.15549832582473755,256,chemistry_periodic,2,2,4,C
0.3125,-0.3821048741938873,5.81640625,0.039254001099977676,0.04183719390021423,0.9122215776962419,0.0125,0.375,1.0,0.9882352941176471,0.9764705882352941,0.9647058823529412,0.9568627450980393,0.9529411764705882,0.9907411337785568,0.9668076196438378,0.3226443827152252,0.47814270853996277,0.15549832582473755,256,chemistry_periodic,2,2,8,C
0.2578125,-0.9259393016847868,5.89453125,0.4527305768851783,0.7032965687329766,0.8527584659500481,0.015151515151515152,0.484375,1.0,0.99609375,0.98828125,0.9765625,0.96875,0.96484375,0.9916638242646785,0.976441337854549,0.3226443827152252,0.47814270853996277,0.15549832582473755,256,chemistry_periodic,2,2,16,C
0.33203125,-1.8059624520429032,5.43359375,-0.8086047542069361,-0.7702686004876909,0.9885858321805617,0.0,0.3359375,1.0,0.956,0.928,0.908,0.892,0.88,0.9796854177590661,0.9776901781673991,0.2795441150665283,0.4183614253997803,0.13881731033325195,256,chemistry_periodic,2,3,4,C
0.25390625,-2.6210006214236934,5.81640625,0.039254001099977676,0.04183719390021423,1.0330870115878583,0.015384615384615385,0.4921875,1.0,0.9882352941176471,0.9764705882352941,0.9647058823529412,0.9568627450980393,0.9529411764705882,0.9907411337785568,0.9668076196438378,0.2795441150665283,0.4183614253997803,0.13881731033325195,256,chemistry_periodic,2,3,8,C
0.24609375,-1.3262012476580378,5.89453125,0.4527305768851783,0.7032965687329766,1.0021158172143134,0.015873015873015872,0.5078125,1.0,0.99609375,0.98828125,0.9765625,0.96875,0.96484375,0.9916638242646785,0.976441337854549,0.2795441150665283,0.4183614253997803,0.13881731033325195,256,chemistry_periodic,2,3,16,C
0.3984375,0.6860311911981172,5.43359375,-0.8086047542069361,-0.7702686004876909,0.9400533275969251,0.0,0.203125,1.0,0.956,0.928,0.908,0.892,0.88,0.9796854177590661,0.9776901781673991,0.41921043395996094,0.5493841171264648,0.1301737129688263,256,chemistry_periodic,2,4,4,C
0.3359375,0.5134534246980352,5.81640625,0.039254001099977676,0.04183719390021423,0.8670929352399722,0.0,0.328125,1.0,0.9882352941176471,0.9764705882352941,0.9647058823529412,0.9568627450980393,0.9529411764705882,0.9907411337785568,0.9668076196438378,0.41921043395996094,0.5493841171264648,0.1301737129688263,256,chemistry_periodic,2,4,8,C
0.23046875,-1.859883842289039,5.89453125,0.4527305768851783,0.7032965687329766,0.8938156796848532,0.0,0.5390625,1.0,0.99609375,0.98828125,0.9765625,0.96875,0.96484375,0.9916638242646785,0.976441337854549,0.41921043395996094,0.5493841171264648,0.1301737129688263,256,chemistry_periodic,2,4,16,C
0.31640625,-2.3923138975113787,5.43359375,-0.8086047542069361,-0.7702686004876909,1.2039455672125106,0.0,0.3671875,1.0,0.956,0.928,0.908,0.892,0.88,0.9796854177590661,0.9776901781673991,0.3725197911262512,0.47034889459609985,0.09782914817333221,256,chemistry_periodic,2,5,4,C
0.296875,-0.9791437401218356,5.81640625,0.039254001099977676,0.04183719390021423,0.8039554799861603,0.0,0.40625,1.0,0.9882352941176471,0.9764705882352941,0.9647058823529412,0.9568627450980393,0.9529411764705882,0.9907411337785568,0.9668076196438378,0.3725197911262512,0.47034889459609985,0.09782914817333221,256,chemistry_periodic,2,5,8,C
0.23828125,-1.5930425449735384,5.89453125,0.4527305768851783,0.7032965687329766,0.8483216860776505,0.0,0.5234375,1.0,0.99609375,0.98828125,0.9765625,0.96875,0.96484375,0.9916638242646785,0.976441337854549,0.3725197911262512,0.47034889459609985,0.09782914817333221,256,chemistry_periodic,2,5,16,C
0.37890625,-0.04690811563747703,5.921875,1.0624725185784591,0.9853293493418014,0.8913762958363991,0.010309278350515464,0.2421875,1.0,0.99609375,0.9921875,0.984375,0.9765625,0.97265625,0.9936706506001096,0.9846095996310225,0.3916184902191162,0.5476877689361572,0.1560693085193634,256,chemistry_periodic,2,6,4,C
0.36328125,1.5582714400719448,5.91796875,0.7382978563050421,0.612344383448593,0.9506712079118054,0.0,0.2734375,1.0,0.99609375,0.9921875,0.984375,0.9765625,0.96875,0.9928712363302906,0.9872068398854731,0.3916184902191162,0.5476877689361572,0.1560693085193634,256,chemistry_periodic,2,6,8,C
0.3203125,1.208791076839218,5.92578125,0.7983264371028711,0.7032965687329766,0.9055808870421608,0.0,0.359375,1.0,0.99609375,0.9921875,0.98828125,0.98046875,0.96875,0.9932676717632941,0.9364511861910951,0.3916184902191162,0.5476877689361572,0.1560693085193634,256,chemistry_periodic,2,6,16,C
0.41015625,1.1257947752994737,5.43359375,-0.8086047542069361,-0.7702686004876909,1.0175442317419778,0.0,0.1796875,1.0,0.956,0.928,0.908,0.892,0.88,0.9796854177590661,0.9776901781673991,0.3746238350868225,0.6269475221633911,0.2523236572742462,256,chemistry_periodic,2,7,4,C
0.328125,0.21493399173406105,5.81640625,0.039254001099977676,0.04183719390021423,1.0045372535295398,0.0,0.34375,1.0,0.9882352941176471,0.9764705882352941,0.9647058823529412,0.9568627450980393,0.9529411764705882,0.9907411337785568,0.9668076196438378,0.3746238350868225,0.6269475221633911,0.2523236572742462,256,chemistry_periodic,2,7,8,C
0.25,-1.1927805990002873,5.89453125,0.4527305768851783,0.7032965687329766,0.8825937697225029,0.03125,0.5,1.0,0.99609375,0.98828125,0.9765625,0.96875,0.96484375,0.9916638242646785,0.976441337854549,0.3746238350868225,0.6269475221633911,0.2523236572742462,256,chemistry_periodic,2,7,16,C
0.390625,0.39285546846387953,5.43359375,-0.8086047542069361,-0.7702686004876909,1.0017682498238487,0.0,0.21875,1.0,0.956,0.928,0.908,0.892,0.88,0.9796854177590661,0.9776901781673991,0.41676047444343567,0.5682211518287659,0.1514606773853302,256,chemistry_periodic,2,8,4,C
0.28125,-1.5761826060497839,5.81640625,0.039254001099977676,0.04183719390021423,0.9661635472320407,0.0,0.4375,1.0,0.9882352941176471,0.9764705882352941,0.9647058823529412,0.9568627450980393,0.9529411764705882,0.9907411337785568,0.9668076196438378,0.41676047444343567,0.5682211518287659,0.1514606773853302,256,chemistry_periodic,2,8,8,C
0.21875,-2.2601457882622897,5.89453125,0.4527305768851783,0.7032965687329766,0.8295287418659564,0.0,0.5625,1.0,0.99609375,0.98828125,0.9765625,0.96875,0.96484375,0.9916638242646785,0.976441337854549,0.41676047444343567,0.5682211518287659,0.1514606773853302,256,chemistry_periodic,2,8,16,C
0.390625,0.39285546846387953,5.92578125,1.0774411367607424,0.9853293493418014,0.8388865149652632,0.0,0.21875,1.0,0.99609375,0.9921875,0.98828125,0.98046875,0.96875,0.9932676717632941,0.9364511861910951,0.3311200737953186,0.6412466168403625,0.3101266026496887,256,chemistry_periodic,2,9,4,C
0.3359375,0.5134534246980352,5.89453125,0.5769800435654119,0.612344383448593,0.8142217444160119,0.0,0.328125,1.0,0.99609375,0.98828125,0.9765625,0.96875,0.96484375,0.9916638242646785,0.976441337854549,0.3311200737953186,0.6412466168403625,0.3101266026496887,256,chemistry_periodic,2,9,8,C
0.32421875,1.3422117254969683,5.89453125,0.4527305768851783,0.7032965687329766,0.8693752928323331,0.0,0.3515625,1.0,0.99609375,0.98828125,0.9765625,0.96875,0.96484375,0.9916638242646785,0.976441337854549,0.3311200737953186,0.6412466168403625,0.3101266026496887,256,chemistry_periodic,2,9,16,C
0.390625,0.39285546846387953,5.92578125,1.0774411367607424,0.9853293493418014,0.7987740473065617,0.0,0.21875,1.0,0.99609375,0.9921875,0.98828125,0.98046875,0.96875,0.9932676717632941,0.9364511861910951,0.3738500475883484,0.6113911271095276,0.2375410795211792,256,chemistry_periodic,2,10,4,C
0.28515625,-1.4269228895677968,5.89453125,0.5769800435654119,0.612344383448593,0.8327537963754745,0.0,0.4296875,1.0,0.99609375,0.98828125,0.9765625,0.96875,0.96484375,0.9916638242646785,0.976441337854549,0.3738500475883484,0.6113911271095276,0.2375410795211792,256,chemistry_periodic,2,10,8,C
0.29296875,0.2748465362349659,5.89453125,0.4527305768851783,0.7032965687329766,0.7420971269758384,0.0,0.4140625,1.0,0.99609375,0.98828125,0.9765625,0.96875,0.96484375,0.9916638242646785,0.976441337854549,0.3738500475883484,0.6113911271095276,0.2375410795211792,256,chemistry_periodic,2,10,16,C
0.37890625,-0.04690811563747703,5.3671875,-1.06307126330575,-0.7702686004876909,1.0288994071028847,0.0,0.2421875,1.0,0.956,0.928,0.904,0.872,0.836,0.9674900959439242,0.9909722856543361,0.3616942763328552,0.6403816938400269,0.2786874771118164,256,chemistry_periodic,2,11,4,C
0.3515625,1.1104922906259835,5.81640625,0.039254001099977676,0.04183719390021423,0.899155159024292,0.0,0.296875,1.0,0.9882352941176471,0.9764705882352941,0.9647058823529412,0.9568627450980393,0.9529411764705882,0.9907411337785568,0.9668076196438378,0.3616942763328552,0.6403816938400269,0.2786874771118164,256,chemistry_periodic,2,11,8,C
0.25390625,-1.059359950342537,5.89453125,0.4527305768851783,0.7032965687329766,0.8717635077021031,0.015384615384615385,0.4921875,1.0,0.99609375,0.98828125,0.9765625,0.96875,0.96484375,0.9916638242646785,0.976441337854549,0.3616942763328552,0.6403816938400269,0.2786874771118164,256,chemistry_periodic,2,11,16,C
0.37890625,-0.04690811563747703,5.15234375,-1.8863452633313238,-1.4286178316737506,1.0441882155871192,0.0,0.2421875,1.0,0.9395161290322581,0.8991935483870968,0.8669354838709677,0.8306451612903226,0.782258064516129,0.9564128390201687,0.9916815405262945,0.2908714711666107,0.4946087598800659,0.203737273812294,256,chemistry_periodic,2,12,4,C
0.2734375,-1.874702039013758,5.81640625,0.039254001099977676,0.04183719390021423,0.9445930340628179,0.0,0.453125,1.0,0.9882352941176471,0.9764705882352941,0.9647058823529412,0.9568627450980393,0.9529411764705882,0.9907411337785568,0.9668076196438378,0.2908714711666107,0.4946087598800659,0.203737273812294,256,chemistry_periodic,2,12,8,C
0.2265625,-1.9933044909467892,5.89453125,0.4527305768851783,0.7032965687329766,0.9235516348198358,0.017241379310344827,0.546875,1.0,0.99609375,0.98828125,0.9765625,0.96875,0.96484375,0.9916638242646785,0.976441337854549,0.2908714711666107,0.4946087598800659,0.203737273812294,256,chemistry_periodic,2,12,16,C
0.39453125,0.5394433298309984,5.73828125,0.3589474640111505,0.3269801181557418,1.0697711933792333,0.0,0.2109375,1.0,0.9803149606299213,0.9645669291338582,0.952755905511811,0.9448818897637795,0.9409448818897638,0.9897926545605524,0.949275276721125,0.3376530408859253,0.6066012382507324,0.2689482569694519,256,chemistry_periodic,2,13,4,C
0.296875,-0.9791437401218356,5.73828125,-0.49847204136545653,-0.5286699956481645,0.9058339542426238,0.013157894736842105,0.40625,1.0,0.9803149606299213,0.9645669291338582,0.952755905511811,0.9448818897637795,0.9409448818897638,0.9897926545605524,0.949275276721125,0.3376530408859253,0.6066012382507324,0.2689482569694519,256,chemistry_periodic,2,13,8,C
0.26953125,-0.5256773557115358,5.87890625,0.27993264677633195,0.7032965687329766,0.80374474739088,0.014492753623188406,0.4609375,1.0,0.99609375,0.98828125,0.9765625,0.96484375,0.953125,0.9888435211067819,0.994216345740109,0.3376530408859253,0.6066012382507324,0.2689482569694519,256,chemistry_periodic,2,13,16,C
0.34765625,-1.219611006574428,5.91015625,1.0175666640316097,0.9853293493418014,0.8884283492031035,0.0,0.3046875,1.0,0.99609375,0.9921875,0.984375,0.9765625,0.9609375,0.9912646401492174,0.9429664923510089,0.36403998732566833,0.6062371730804443,0.2421972006559372,256,chemistry_periodic,2,14,4,C
0.23046875,-3.516558920315616,5.921875,0.7651841584283138,0.612344383448593,0.8278688524590163,0.0,0.5390625,1.0,0.99609375,0.9921875,0.984375,0.9765625,0.97265625,0.9936706506001096,0.9846095996310225,0.36403998732566833,0.6062371730804443,0.2421972006559372,256,chemistry_periodic,2,14,8,C
0.25390625,-1.059359950342537,5.92578125,0.7983264371028711,0.7032965687329766,0.939029339470007,0.0,0.4921875,1.0,0.99609375,0.9921875,0.98828125,0.98046875,0.96875,0.9932676717632941,0.9364511861910951,0.36403998732566833,0.6062371730804443,0.2421972006559372,256,chemistry_periodic,2,14,16,C
0.37109375,-0.34008383837171474,4.87109375,-2.9640857724557117,-2.855041165910213,0.9176224332583999,0.0,0.2578125,1.0,0.9053497942386831,0.8518518518518519,0.823045267489712,0.7901234567901234,0.7613168724279835,0.9587003763095923,0.9889197254072417,0.3419681787490845,0.5568561553955078,0.21488796174526215,256,chemistry_periodic,2,15,4,C
0.29296875,-1.1284034566038226,5.81640625,0.039254001099977676,0.04183719390021423,0.7988940876571518,0.0,0.4140625,1.0,0.9882352941176471,0.9764705882352941,0.9647058823529412,0.9568627450980393,0.9529411764705882,0.9907411337785568,0.9668076196438378,0.3419681787490845,0.5568561553955078,0.21488796174526215,256,chemistry_periodic,2,15,8,C
0.25,-1.1927805990002873,5.89453125,0.4527305768851783,0.7032965687329766,0.8469057491099953,0.015625,0.5,1.0,0.99609375,0.98828125,0.9765625,0.96875,0.96484375,0.9916638242646785,0.976441337854549,0.3419681787490845,0.5568561553955078,0.21488796174526215,256,chemistry_periodic,2,15,16,C
0.3671875,-0.48667169973883356,5.43359375,-0.8086047542069361,-0.7702686004876909,0.8957678057986715,0.0,0.265625,1.0,0.956,0.928,0.908,0.892,0.88,0.9796854177590661,0.9776901781673991,0.45240306854248047,0.6458141803741455,0.19341108202934265,256,chemistry_periodic,2,16,4,C
0.265625,-2.1732214719777323,5.81640625,0.039254001099977676,0.04183719390021423,0.8017199902509293,0.0,0.46875,1.0,0.9882352941176471,0.9764705882352941,0.9647058823529412,0.9568627450980393,0.9529411764705882,0.9907411337785568,0.9668076196438378,0.45240306854248047,0.6458141803741455,0.19341108202934265,256,chemistry_periodic,2,16,8,C
0.234375,-1.7264631936312886,5.89453125,0.4527305768851783,0.7032965687329766,0.8213744578448978,0.0,0.53125,1.0,0.99609375,0.98828125,0.9765625,0.96875,0.96484375,0.9916638242646785,0.976441337854549,0.45240306854248047,0.6458141803741455,0.19341108202934265,256,chemistry_periodic,2,16,16,C
0.2890625,-3.4184289270812105,5.92578125,1.0774411367607424,0.9853293493418014,1.1285212022240843,0.0,0.421875,1.0,0.99609375,0.9921875,0.98828125,0.98046875,0.96875,0.9932676717632941,0.9364511861910951,0.4198567569255829,0.8072038292884827,0.38734710216522217,256,chemistry_periodic,2,17,4,C
0.25390625,-2.6210006214236934,5.89453125,0.5769800435654119,0.612344383448593,0.9085674622257516,0.015384615384615385,0.4921875,1.0,0.99609375,0.98828125,0.9765625,0.96875,0.96484375,0.9916638242646785,0.976441337854549,0.4198567569255829,0.8072038292884827,0.38734710216522217,256,chemistry_periodic,2,17,8,C
0.26171875,-0.7925186530270365,5.89453125,0.4527305768851783,0.7032965687329766,0.8580196986440565,0.014925373134328358,0.4765625,1.0,0.99609375,0.98828125,0.9765625,0.96875,0.96484375,0.9916638242646785,0.976441337854549,0.4198567569255829,0.8072038292884827,0.38734710216522217,256,chemistry_periodic,2,17,16,C
0.44140625,2.2984976662364245,5.28515625,-1.3774122451336963,-0.7702686004876909,0.7780153290625536,0.0,0.1171875,1.0,0.956,0.928,0.896,0.84,0.792,0.9535129348867473,0.9737260274178886,0.3274052143096924,0.6163003444671631,0.2888951003551483,256,chemistry_periodic,2,18,4,C
0.34765625,0.9612325741439964,5.81640625,0.039254001099977676,0.04183719390021423,0.8725771858737389,0.0,0.3046875,1.0,0.9882352941176471,0.9764705882352941,0.9647058823529412,0.9568627450980393,0.9529411764705882,0.9907411337785568,0.9668076196438378,0.3274052143096924,0.6163003444671631,0.2888951003551483,256,chemistry_periodic,2,18,8,C
0.25390625,-1.059359950342537,5.89453125,0.4527305768851783,0.7032965687329766,0.8689856155311203,0.03076923076923077,0.4921875,1.0,0.99609375,0.98828125,0.9765625,0.96875,0.96484375,0.9916638242646785,0.976441337854549,0.3274052143096924,0.6163003444671631,0.2888951003551483,256,chemistry_periodic,2,18,16,C
0.35546875,-0.9264352838401901,5.81640625,0.6583198276568137,0.6561547337487716,0.9890564795615354,0.0,0.2890625,1.0,0.9882352941176471,0.9764705882352941,0.9647058823529412,0.9568627450980393,0.9529411764705882,0.9907411337785568,0.9668076196438378,0.40654921531677246,0.6035850644111633,0.19703581929206848,256,chemistry_periodic,2,19,4,C
0.30859375,-0.5313645906758744,5.78125,-0.2027227180094677,0.04183719390021423,1.1292338529698036,0.0,0.3828125,1.0,0.9882352941176471,0.9764705882352941,0.9607843137254902,0.9450980392156862,0.9333333333333333,0.9854101987524764,0.9968700232691485,0.40654921531677246,0.6035850644111633,0.19703581929206848,256,chemistry_periodic,2,19,8,C
0.27734375,-0.2588360583960353,5.89453125,0.4527305768851783,0.7032965687329766,0.806209532280241,0.0,0.4453125,1.0,0.99609375,0.98828125,0.9765625,0.96875,0.96484375,0.9916638242646785,0.976441337854549,0.40654921531677246,0.6035850644111633,0.19703581929206848,256,chemistry_periodic,2,19,16,C
0.37109375,-0.34008383837171474,5.73828125,0.3589474640111505,0.3269801181557418,0.9308822701737288,0.0,0.2578125,1.0,0.9803149606299213,0.9645669291338582,0.952755905511811,0.9448818897637795,0.9409448818897638,0.9897926545605524,0.949275276721125,0.3397589325904846,0.6479973196983337,0.3082383871078491,256,chemistry_periodic,2,20,4,C
0.3359375,0.5134534246980352,5.73828125,-0.49847204136545653,-0.5286699956481645,0.8737188954001367,0.0,0.328125,1.0,0.9803149606299213,0.9645669291338582,0.952755905511811,0.9448818897637795,0.9409448818897638,0.9897926545605524,0.949275276721125,0.3397589325904846,0.6479973196983337,0.3082383871078491,256,chemistry_periodic,2,20,8,C
0.3359375,1.7424736714702194,5.87890625,0.27993264677633195,0.7032965687329766,0.8963035200198647,0.0,0.328125,1.0,0.99609375,0.98828125,0.9765625,0.96484375,0.953125,0.9888435211067819,0.994216345740109,0.3397589325904846,0.6479973196983337,0.3082383871078491,256,chemistry_periodic,2,20,16,C
0.33984375,-1.5127867293086656,5.921875,1.0624725185784591,0.9853293493418014,1.0998224958724285,0.011494252873563218,0.3203125,1.0,0.99609375,0.9921875,0.984375,0.9765625,0.97265625,0.9936706506001096,0.9846095996310225,0.3427189588546753,0.5880898237228394,0.24537082016468048,256,chemistry_periodic,2,21,4,C
0.3203125,-0.0835854412299131,5.91796875,0.7382978563050421,0.612344383448593,0.7497453311745726,0.0,0.359375,1.0,0.99609375,0.9921875,0.984375,0.9765625,0.96875,0.9928712363302906,0.9872068398854731,0.3427189588546753,0.5880898237228394,0.24537082016468048,256,chemistry_periodic,2,21,8,C
0.3046875,0.6751084822082168,5.92578125,0.7983264371028711,0.7032965687329766,0.8742428683459245,0.0,0.390625,1.0,0.99609375,0.9921875,0.98828125,0.98046875,0.96875,0.9932676717632941,0.9364511861910951,0.3427189588546753,0.5880898237228394,0.24537082016468048,256,chemistry_periodic,2,21,16,C
0.3515625,-1.073023145207309,5.91796875,1.047503900396176,0.9853293493418014,0.8743181975678216,0.0,0.296875,1.0,0.99609375,0.9921875,0.984375,0.9765625,0.96875,0.9928712363302906,0.9872068398854731,0.37700366973876953,0.6407076716423035,0.26370400190353394,256,chemistry_periodic,2,22,4,C
0.30078125,-0.8298840236398485,5.9140625,0.7114115541817704,0.612344383448593,0.9919878947549082,0.012987012987012988,0.3984375,1.0,0.99609375,0.9921875,0.984375,0.9765625,0.96484375,0.9920692391311882,0.9694201069828229,0.37700366973876953,0.6407076716423035,0.26370400190353394,256,chemistry_periodic,2,22,8,C
0.25390625,-1.059359950342537,5.875,0.23673316424912033,0.7032965687329766,0.8167136330405604,0.015384615384615385,0.4921875,1.0,0.99609375,0.98828125,0.97265625,0.9609375,0.95703125,0.9892513221477021,0.97001614097003,0.37700366973876953,0.6407076716423035,0.26370400190353394,256,chemistry_periodic,2,22,16,C
0.39453125,0.5394433298309984,5.43359375,-0.8086047542069361,-0.7702686004876909,0.9389355675444401,0.0,0.2109375,1.0,0.956,0.928,0.908,0.892,0.88,0.9796854177590661,0.9776901781673991,0.40184879302978516,0.5572349429130554,0.15538612008094788,256,chemistry_periodic,2,23,4,C
0.32421875,0.06567427525207398,5.81640625,0.039254001099977676,0.04183719390021423,0.8524036602455436,0.0,0.3515625,1.0,0.9882352941176471,0.9764705882352941,0.9647058823529412,0.9568627450980393,0.9529411764705882,0.9907411337785568,0.9668076196438378,0.40184879302978516,0.5572349429130554,0.15538612008094788,256,chemistry_periodic,2,23,8,C
0.2578125,-0.9259393016847868,5.89453125,0.4527305768851783,0.7032965687329766,0.7018893257577112,0.0,0.484375,1.0,0.99609375,0.98828125,0.9765625,0.96875,0.96484375,0.9916638242646785,0.976441337854549,0.40184879302978516,0.5572349429130554,0.15538612008094788,256,chemistry_periodic,2,23,16,C
0.35546875,-0.9264352838401901,5.92578125,1.0774411367607424,0.9853293493418014,0.8761791519703916,0.0,0.2890625,1.0,0.99609375,0.9921875,0.98828125,0.98046875,0.96875,0.9932676717632941,0.9364511861910951,0.23009777069091797,0.4253324270248413,0.19523462653160095,256,chemistry_periodic,2,24,4,C
0.296875,-0.9791437401218356,5.89453125,0.5769800435654119,0.612344383448593,0.8320525309931018,0.0,0.40625,1.0,0.99609375,0.98828125,0.9765625,0.96875,0.96484375,0.9916638242646785,0.976441337854549,0.23009777069091797,0.4253324270248413,0.19523462653160095,256,chemistry_periodic,2,24,8,C
0.23828125,-1.5930425449735384,5.89453125,0.4527305768851783,0.7032965687329766,1.2207538654454466,0.01639344262295082,0.5234375,1.0,0.99609375,0.98828125,0.9765625,0.96875,0.96484375,0.9916638242646785,0.976441337854549,0.23009777069091797,0.4253324270248413,0.19523462653160095,256,chemistry_periodic,2,24,16,C
0.43359375,2.005321943502187,5.43359375,-0.8086047542069361,-0.7702686004876909,0.8575313405351432,0.0,0.1328125,1.0,0.956,0.928,0.908,0.892,0.88,0.9796854177590661,0.9776901781673991,0.4009701907634735,0.5681871175765991,0.16721691191196442,256,chemistry_periodic,2,25,4,C
0.29296875,-1.1284034566038226,5.81640625,0.039254001099977676,0.04183719390021423,0.7928144605431424,0.0,0.4140625,1.0,0.9882352941176471,0.9764705882352941,0.9647058823529412,0.9568627450980393,0.9529411764705882,0.9907411337785568,0.9668076196438378,0.4009701907634735,0.5681871175765991,0.16721691191196442,256,chemistry_periodic,2,25,8,C
0.23046875,-1.859883842289039,5.89453125,0.4527305768851783,0.7032965687329766,0.9035396321815371,0.03389830508474576,0.5390625,1.0,0.99609375,0.98828125,0.9765625,0.96875,0.96484375,0.9916638242646785,0.976441337854549,0.4009701907634735,0.5681871175765991,0.16721691191196442,256,chemistry_periodic,2,25,16,C
0.375,-0.1934959770045959,5.92578125,1.0774411367607424,0.9853293493418014,0.8626859814589247,0.0,0.25,1.0,0.99609375,0.9921875,0.98828125,0.98046875,0.96875,0.9932676717632941,0.9364511861910951,0.38534221053123474,0.5905139446258545,0.20517177879810333,256,chemistry_periodic,2,26,4,C
0.2890625,-1.2776631730858097,5.89453125,0.5769800435654119,0.612344383448593,0.9176554752628663,0.0,0.421875,1.0,0.99609375,0.98828125,0.9765625,0.96875,0.96484375,0.9916638242646785,0.976441337854549,0.38534221053123474,0.5905139446258545,0.20517177879810333,256,chemistry_periodic,2,26,8,C
0.27734375,-0.2588360583960353,5.89453125,0.4527305768851783,0.7032965687329766,0.8266236230478339,0.0,0.4453125,1.0,0.99609375,0.98828125,0.9765625,0.96875,0.96484375,0.9916638242646785,0.976441337854549,0.38534221053123474,0.5905139446258545,0.20517177879810333,256,chemistry_periodic,2,26,16,C
0.328125,-1.9525503134100222,5.92578125,1.0774411367607424,0.9853293493418014,1.011314835971713,0.0,0.34375,1.0,0.99609375,0.9921875,0.98828125,0.98046875,0.96875,0.9932676717632941,0.9364511861910951,0.4116922616958618,0.6441495418548584,0.23245730996131897,256,chemistry_periodic,2,27,4,C
0.2734375,-1.874702039013758,5.89453125,0.5769800435654119,0.612344383448593,0.8966494459532107,0.0,0.453125,1.0,0.99609375,0.98828125,0.9765625,0.96875,0.96484375,0.9916638242646785,0.976441337854549,0.4116922616958618,0.6441495418548584,0.23245730996131897,256,chemistry_periodic,2,27,8,C
0.23828125,-1.5930425449735384,5.89453125,0.4527305768851783,0.7032965687329766,1.0163850163992356,0.01639344262295082,0.5234375,1.0,0.99609375,0.98828125,0.9765625,0.96875,0.96484375,0.9916638242646785,0.976441337854549,0.4116922616958618,0.6441495418548584,0.23245730996131897,256,chemistry_periodic,2,27,16,C
0.40625,0.9792069139323549,5.43359375,-0.8086047542069361,-0.7702686004876909,0.8960535698271618,0.0,0.1875,1.0,0.956,0.928,0.908,0.892,0.88,0.9796854177590661,0.9776901781673991,0.3687118589878082,0.5855004191398621,0.21678854525089264,256,chemistry_periodic,2,28,4,C
0.28125,-1.5761826060497839,5.81640625,0.039254001099977676,0.04183719390021423,0.9525791850916756,0.027777777777777776,0.4375,1.0,0.9882352941176471,0.9764705882352941,0.9647058823529412,0.9568627450980393,0.9529411764705882,0.9907411337785568,0.9668076196438378,0.3687118589878082,0.5855004191398621,0.21678854525089264,256,chemistry_periodic,2,28,8,C
0.25390625,-1.059359950342537,5.89453125,0.4527305768851783,0.7032965687329766,0.965020207042319,0.0,0.4921875,1.0,0.99609375,0.98828125,0.9765625,0.96875,0.96484375,0.9916638242646785,0.976441337854549,0.3687118589878082,0.5855004191398621,0.21678854525089264,256,chemistry_periodic,2,28,16,C
0.3359375,-1.6593745906757844,5.92578125,1.0774411367607424,0.9853293493418014,1.0258194811827592,0.0,0.328125,1.0,0.99609375,0.9921875,0.98828125,0.98046875,0.96875,0.9932676717632941,0.9364511861910951,0.4177890419960022,0.6357215642929077,0.21793252229690552,256,chemistry_periodic,2,29,4,C
0.31640625,-0.23284515771190017,5.875,0.44254853294905333,0.612344383448593,0.8840582689351719,0.0,0.3671875,1.0,0.99609375,0.98828125,0.97265625,0.9609375,0.95703125,0.9892513221477021,0.97001614097003,0.4177890419960022,0.6357215642929077,0.21793252229690552,256,chemistry_periodic,2,29,8,C
0.2734375,-0.39225670705378557,5.859375,0.06393523414027395,0.32920264919415837,0.8327880882913731,0.0,0.453125,1.0,0.9921875,0.98046875,0.96875,0.9609375,0.95703125,0.9908150897534144,0.9667958997054663,0.4177890419960022,0.6357215642929077,0.21793252229690552,256,chemistry_periodic,2,29,16,C
0.3046875,-2.8320774816127354,5.87109375,0.867880482208778,0.9853293493418014,0.9693481721216451,0.0,0.390625,1.0,0.99609375,0.9921875,0.98046875,0.9609375,0.94140625,0.9856109311143729,0.9419953113988291,0.28623709082603455,0.4907807409763336,0.20454362034797668,256,physics_motion,0,0,4,C
0.30078125,-0.8298840236398485,5.87890625,0.46943483507232503,0.612344383448593,1.0152438130813703,0.0,0.3984375,1.0,0.99609375,0.9921875,0.984375,0.96484375,0.94140625,0.986010854940546,0.9052576574619962,0.28623709082603455,0.4907807409763336,0.20454362034797668,256,physics_motion,0,0,8,C
0.2734375,-0.39225670705378557,5.94140625,0.9711243672117175,0.7032965687329766,0.8407439385845296,0.0,0.453125,1.0,0.99609375,0.9921875,0.98828125,0.984375,0.98046875,0.9960551622400232,0.9999945318250933,0.28623709082603455,0.4907807409763336,0.20454362034797668,256,physics_motion,0,0,16,C
0.36328125,-0.6332595611059524,5.87109375,0.867880482208778,0.9853293493418014,0.9745823124136938,0.0,0.2734375,1.0,0.99609375,0.9921875,0.98046875,0.9609375,0.94140625,0.9856109311143729,0.9419953113988291,0.2723727822303772,0.5761746168136597,0.3038018047809601,256,physics_motion,0,1,4,C
0.30859375,-0.5313645906758744,5.87890625,0.46943483507232503,0.612344383448593,0.9172419408254089,0.0,0.3828125,1.0,0.99609375,0.9921875,0.984375,0.96484375,0.94140625,0.986010854940546,0.9052576574619962,0.2723727822303772,0.5761746168136597,0.3038018047809601,256,physics_motion,0,1,8,C
0.2265625,-1.9933044909467892,5.94140625,0.9711243672117175,0.7032965687329766,0.7000636077309621,0.017241379310344827,0.546875,1.0,0.99609375,0.9921875,0.98828125,0.984375,0.98046875,0.9960551622400232,0.9999945318250933,0.2723727822303772,0.5761746168136597,0.3038018047809601,256,physics_motion,0,1,16,C
0.40625,0.9792069139323549,5.671875,0.10448095491233675,0.3269801181557418,0.8371799030850615,0.0,0.1875,1.0,0.9803149606299213,0.968503937007874,0.952755905511811,0.9212598425196851,0.8937007874015748,0.9767723943923159,0.9603974044150736,0.32773876190185547,0.6437361240386963,0.3159973621368408,256,physics_motion,0,2,4,C
0.33203125,0.36419370821604813,5.34375,-3.213988555815899,-3.000867817024473,1.0620282120784945,0.0,0.3359375,1.0,0.944,0.904,0.888,0.876,0.86,0.978450498761839,0.9402062716636882,0.32773876190185547,0.6437361240386963,0.3159973621368408,256,physics_motion,0,2,8,C
0.328125,1.4756323741547186,5.69140625,-1.7936425145298247,0.7032965687329766,0.9198498950070239,0.0,0.34375,1.0,0.99609375,0.98046875,0.9375,0.8984375,0.87890625,0.9667938497611451,0.9780860869558176,0.32773876190185547,0.6437361240386963,0.3159973621368408,256,physics_motion,0,2,16,C
0.32421875,-2.099138174777141,5.87109375,0.867880482208778,0.9853293493418014,0.9160314759125161,0.0,0.3515625,1.0,0.99609375,0.9921875,0.98046875,0.9609375,0.94140625,0.9856109311143729,0.9419953113988291,0.29030200839042664,0.5305271148681641,0.24022513628005981,256,physics_motion,0,3,4,C
0.3515625,1.1104922906259835,5.87890625,0.46943483507232503,0.612344383448593,0.7731287085602241,0.011111111111111112,0.296875,1.0,0.99609375,0.9921875,0.984375,0.96484375,0.94140625,0.986010854940546,0.9052576574619962,0.29030200839042664,0.5305271148681641,0.24022513628005981,256,physics_motion,0,3,8,C
0.2890625,0.14142588757721564,5.94140625,0.9711243672117175,0.7032965687329766,0.7981877549563462,0.013513513513513514,0.421875,1.0,0.99609375,0.9921875,0.98828125,0.984375,0.98046875,0.9960551622400232,0.9999945318250933,0.29030200839042664,0.5305271148681641,0.24022513628005981,256,physics_motion,0,3,16,C
0.328125,-1.9525503134100222,5.87109375,0.867880482208778,0.9853293493418014,1.2162985826026795,0.0,0.34375,1.0,0.99609375,0.9921875,0.98046875,0.9609375,0.94140625,0.9856109311143729,0.9419953113988291,0.27475228905677795,0.5188435912132263,0.24409133195877075,256,physics_motion,0,4,4,C
0.30859375,-0.5313645906758744,5.87890625,0.46943483507232503,0.612344383448593,0.8235071704800019,0.0,0.3828125,1.0,0.99609375,0.9921875,0.984375,0.96484375,0.94140625,0.986010854940546,0.9052576574619962,0.27475228905677795,0.5188435912132263,0.24409133195877075,256,physics_motion,0,4,8,C
0.2265625,-1.9933044909467892,5.94140625,0.9711243672117175,0.7032965687329766,0.9759295893285704,0.0,0.546875,1.0,0.99609375,0.9921875,0.98828125,0.984375,0.98046875,0.9960551622400232,0.9999945318250933,0.27475228905677795,0.5188435912132263,0.24409133195877075,256,physics_motion,0,4,16,C
0.35546875,-0.9264352838401901,5.87109375,0.867880482208778,0.9853293493418014,0.9628666927769584,0.0,0.2890625,1.0,0.99609375,0.9921875,0.9765625,0.9609375,0.9453125,0.9864275112996502,0.9684173811743539,0.4217230975627899,0.744901180267334,0.3231780529022217,256,physics_motion,0,5,4,C
0.34765625,0.9612325741439964,5.59375,-1.4932652199265097,-0.33850093246537166,0.9534456347735456,0.0,0.3046875,1.0,0.9803921568627451,0.9568627450980393,0.9372549019607843,0.8980392156862745,0.8431372549019608,0.9641492235661815,0.9449320904306657,0.4217230975627899,0.744901180267334,0.3231780529022217,256,physics_motion,0,5,8,C
0.25390625,-1.059359950342537,5.94140625,0.9711243672117175,0.7032965687329766,0.9711007557522304,0.0,0.4921875,1.0,0.99609375,0.9921875,0.98828125,0.984375,0.98046875,0.9960551622400232,0.9999945318250933,0.4217230975627899,0.744901180267334,0.3231780529022217,256,physics_motion,0,5,16,C
0.3359375,-1.6593745906757844,5.87890625,0.8978177185733444,0.9853293493418014,0.9420773439945913,0.0,0.328125,1.0,0.99609375,0.9921875,0.9765625,0.9609375,0.953125,0.9880526066232608,0.9696291109181423,0.24475088715553284,0.43265044689178467,0.18789952993392944,256,physics_motion,0,6,4,C
0.359375,1.4090117235899577,5.90234375,0.6307526478119553,0.612344383448593,0.7440144435396598,0.0,0.28125,1.0,0.99609375,0.9921875,0.984375,0.97265625,0.95703125,0.9900605224065302,0.9446746649052585,0.24475088715553284,0.43265044689178467,0.18789952993392944,256,physics_motion,0,6,8,C
0.27734375,-0.2588360583960353,5.94140625,0.9711243672117175,0.7032965687329766,0.9034692065322871,0.0,0.4453125,1.0,0.99609375,0.9921875,0.98828125,0.984375,0.98046875,0.9960551622400232,0.9999945318250933,0.24475088715553284,0.43265044689178467,0.18789952993392944,256,physics_motion,0,6,16,C
0.3359375,-1.6593745906757844,5.88671875,0.9277549549379107,0.9853293493418014,0.839004724968068,0.0,0.328125,1.0,0.99609375,0.9921875,0.98046875,0.96484375,0.953125,0.9884535211894723,0.9677317103484744,0.42743489146232605,0.719802737236023,0.2923678159713745,256,physics_motion,0,7,4,C
0.35546875,1.2597520071079706,5.8203125,0.06614030322324939,0.612344383448593,0.7901446955214263,0.01098901098901099,0.2890625,1.0,0.99609375,0.9921875,0.9765625,0.9453125,0.91015625,0.9773751956047454,0.9098243166235449,0.42743489146232605,0.719802737236023,0.2923678159713745,256,physics_motion,0,7,8,C
0.2734375,-0.39225670705378557,5.94140625,0.9711243672117175,0.7032965687329766,0.8746546866849322,0.02857142857142857,0.453125,1.0,0.99609375,0.9921875,0.98828125,0.984375,0.98046875,0.9960551622400232,0.9999945318250933,0.42743489146232605,0.719802737236023,0.2923678159713745,256,physics_motion,0,7,16,C
0.375,-0.1934959770045959,5.828125,0.7032256822036632,0.9853293493418014,0.880234683595682,0.0,0.25,1.0,0.99609375,0.9921875,0.97265625,0.9453125,0.921875,0.9798791785491568,0.9486799695465004,0.36652421951293945,0.6107675433158875,0.2442432940006256,256,physics_motion,0,8,4,C
0.24609375,-2.9195200543876676,5.90234375,0.6307526478119553,0.612344383448593,0.9788809937883155,0.031746031746031744,0.5078125,1.0,0.99609375,0.9921875,0.984375,0.97265625,0.95703125,0.9900605224065302,0.9446746649052585,0.36652421951293945,0.6107675433158875,0.2442432940006256,256,physics_motion,0,8,8,C
0.26953125,-0.5256773557115358,5.94140625,0.9711243672117175,0.7032965687329766,0.9359132153759984,0.0,0.4609375,1.0,0.99609375,0.9921875,0.98828125,0.984375,0.98046875,0.9960551622400232,0.9999945318250933,0.36652421951293945,0.6107675433158875,0.2442432940006256,256,physics_motion,0,8,16,C
0.36328125,-0.6332595611059524,5.75390625,0.4188219367402832,0.3269801181557418,0.9996406109497589,0.0,0.2734375,1.0,0.9803149606299213,0.968503937007874,0.9606299212598425,0.9488188976377953,0.9409448818897638,0.9898010366314859,0.9955864545471574,0.3269050121307373,0.4956423044204712,0.16873721778392792,256,physics_motion,0,9,4,C
0.296875,-0.9791437401218356,5.71484375,-0.6597898541050867,-0.9090081220137505,0.9964496232388176,0.039473684210526314,0.40625,1.0,0.9724409448818898,0.952755905511811,0.9488188976377953,0.9448818897637795,0.9409448818897638,0.9926125848661135,0.8382796102909406,0.3269050121307373,0.4956423044204712,0.16873721778392792,256,physics_motion,0,9,8,C
0.23046875,-1.859883842289039,5.82421875,-0.32486010860463044,0.7032965687329766,1.1182142538179112,0.03389830508474576,0.5390625,1.0,0.99609375,0.98828125,0.96875,0.9453125,0.92578125,0.981095124681968,0.9755585391295462,0.3269050121307373,0.4956423044204712,0.16873721778392792,256,physics_motion,0,9,16,C
0.40234375,0.832619052565236,5.30078125,-1.3175377724045636,-1.3188929598094072,0.8795421185458815,0.0,0.1953125,1.0,0.9397590361445783,0.9036144578313253,0.8875502008032129,0.8674698795180723,0.8514056224899599,0.9764525052460047,0.9759008966415762,0.30100780725479126,0.5505123138427734,0.24950450658798218,256,physics_motion,0,10,4,C
0.390625,2.603089455445854,5.68359375,-0.8748802710912604,-0.9090081220137505,0.8833622123375786,0.0,0.21875,1.0,0.9724409448818898,0.952755905511811,0.9488188976377953,0.937007874015748,0.9173228346456693,0.9867518576357914,0.9579190346693127,0.30100780725479126,0.5505123138427734,0.24950450658798218,256,physics_motion,0,10,8,C
0.3046875,0.6751084822082168,5.75390625,-1.102450794094439,0.7032965687329766,0.818994052430505,0.0,0.390625,1.0,0.99609375,0.984375,0.94921875,0.91796875,0.90625,0.9744426699018266,0.9702744480746887,0.30100780725479126,0.5505123138427734,0.24950450658798218,256,physics_motion,0,10,16,C
0.328125,-1.9525503134100222,5.75390625,0.4188219367402832,0.3269801181557418,0.9209256519596953,0.023809523809523808,0.34375,1.0,0.9803149606299213,0.968503937007874,0.9606299212598425,0.9488188976377953,0.9409448818897638,0.9898010366314859,0.9955864545471574,0.3480651378631592,0.6259332299232483,0.2778681516647339,256,physics_motion,0,11,4,C
0.296875,-0.9791437401218356,5.71484375,-0.6597898541050867,-0.9090081220137505,0.9382779463904192,0.0,0.40625,1.0,0.9724409448818898,0.952755905511811,0.9488188976377953,0.9448818897637795,0.9409448818897638,0.9926125848661135,0.8382796102909406,0.3480651378631592,0.6259332299232483,0.2778681516647339,256,physics_motion,0,11,8,C
0.28125,-0.125415409738285,5.82421875,-0.32486010860463044,0.7032965687329766,1.0361696017156745,0.013888888888888888,0.4375,1.0,0.99609375,0.98828125,0.96875,0.9453125,0.92578125,0.981095124681968,0.9755585391295462,0.3480651378631592,0.6259332299232483,0.2778681516647339,256,physics_motion,0,11,16,C
0.35546875,-0.9264352838401901,5.30078125,-1.3175377724045636,-1.3188929598094072,0.920908552657796,0.0,0.2890625,1.0,0.9397590361445783,0.9036144578313253,0.8875502008032129,0.8674698795180723,0.8514056224899599,0.9764525052460047,0.9759008966415762,0.4150276184082031,0.7014763951301575,0.28644871711730957,256,physics_motion,0,12,4,C
0.30078125,-0.8298840236398485,5.68359375,-0.8748802710912604,-0.9090081220137505,0.9552206342335303,0.0,0.3984375,1.0,0.9724409448818898,0.952755905511811,0.9488188976377953,0.937007874015748,0.9173228346456693,0.9867518576357914,0.9579190346693127,0.4150276184082031,0.7014763951301575,0.28644871711730957,256,physics_motion,0,12,8,C
0.27734375,-0.2588360583960353,5.75390625,-1.102450794094439,0.7032965687329766,1.0244998779892558,0.0,0.4453125,1.0,0.99609375,0.984375,0.94921875,0.91796875,0.90625,0.9744426699018266,0.9702744480746887,0.4150276184082031,0.7014763951301575,0.28644871711730957,256,physics_motion,0,12,16,C
0.421875,1.5655583594008304,5.85546875,0.8080060094796454,0.9853293493418014,0.7623628557682862,0.0,0.15625,1.0,0.99609375,0.9921875,0.98046875,0.95703125,0.9296875,0.9827444324769813,0.9150123953122226,0.2749648690223694,0.5368975400924683,0.2619326710700989,256,physics_motion,0,13,4,C
0.3046875,-0.6806243071578614,5.82421875,0.09302660534652109,0.612344383448593,0.8323268588721621,0.0,0.390625,1.0,0.99609375,0.9921875,0.984375,0.94921875,0.90234375,0.9760939379557209,0.8426539777636273,0.2749648690223694,0.5368975400924683,0.2619326710700989,256,physics_motion,0,13,8,C
0.3125,0.9419497795237175,5.94140625,0.9711243672117175,0.7032965687329766,0.8169212234815264,0.0125,0.375,1.0,0.99609375,0.9921875,0.98828125,0.984375,0.98046875,0.9960551622400232,0.9999945318250933,0.2749648690223694,0.5368975400924683,0.2619326710700989,256,physics_motion,0,13,16,C
0.38671875,0.24626760709676068,5.87890625,0.8978177185733444,0.9853293493418014,0.9629655971146268,0.0,0.2265625,1.0,0.99609375,0.9921875,0.9765625,0.9609375,0.953125,0.9880526066232608,0.9696291109181423,0.2607874274253845,0.46489620208740234,0.20410877466201782,256,physics_motion,0,14,4,C
0.2890625,-1.2776631730858097,5.90234375,0.6307526478119553,0.612344383448593,0.796994353806851,0.0,0.421875,1.0,0.99609375,0.9921875,0.984375,0.97265625,0.95703125,0.9900605224065302,0.9446746649052585,0.2607874274253845,0.46489620208740234,0.20410877466201782,256,physics_motion,0,14,8,C
0.25,-1.1927805990002873,5.94140625,0.9711243672117175,0.7032965687329766,0.9084798791947843,0.0,0.5,1.0,0.99609375,0.9921875,0.98828125,0.984375,0.98046875,0.9960551622400232,0.9999945318250933,0.2607874274253845,0.46489620208740234,0.20410877466201782,256,physics_motion,0,14,16,C
0.36328125,-0.6332595611059524,5.87890625,0.8978177185733444,0.9853293493418014,0.8972430870571686,0.0,0.2734375,1.0,0.99609375,0.9921875,0.9765625,0.9609375,0.953125,0.9880526066232608,0.9696291109181423,0.3392557203769684,0.5514736175537109,0.21221789717674255,256,physics_motion,0,15,4,C
0.28125,-1.5761826060497839,5.90234375,0.6307526478119553,0.612344383448593,0.8360495285598523,0.0,0.4375,1.0,0.99609375,0.9921875,0.984375,0.97265625,0.95703125,0.9900605224065302,0.9446746649052585,0.3392557203769684,0.5514736175537109,0.21221789717674255,256,physics_motion,0,15,8,C
0.21484375,-2.39356643692004,5.94140625,0.9711243672117175,0.7032965687329766,1.1157206455402686,0.0,0.5703125,1.0,0.99609375,0.9921875,0.98828125,0.984375,0.98046875,0.9960551622400232,0.9999945318250933,0.3392557203769684,0.5514736175537109,0.21221789717674255,256,physics_motion,0,15,16,C
0.375,-0.1934959770045959,5.87109375,0.867880482208778,0.9853293493418014,0.901021642359383,0.0,0.25,1.0,0.99609375,0.9921875,0.98046875,0.9609375,0.94140625,0.9856109311143729,0.9419953113988291,0.3265954852104187,0.5685381889343262,0.24194273352622986,256,physics_motion,0,16,4,C
0.3125,-0.3821048741938873,5.87890625,0.46943483507232503,0.612344383448593,1.0443447706576598,0.0125,0.375,1.0,0.99609375,0.9921875,0.984375,0.96484375,0.94140625,0.986010854940546,0.9052576574619962,0.3265954852104187,0.5685381889343262,0.24194273352622986,256,physics_motion,0,16,8,C
0.29296875,0.2748465362349659,5.94140625,0.9711243672117175,0.7032965687329766,0.9758646213732272,0.0,0.4140625,1.0,0.99609375,0.9921875,0.98828125,0.984375,0.98046875,0.9960551622400232,0.9999945318250933,0.3265954852104187,0.5685381889343262,0.24194273352622986,256,physics_motion,0,16,16,C
0.30078125,-2.978665342979854,5.87109375,0.867880482208778,0.9853293493418014,1.081752178087581,0.0,0.3984375,1.0,0.99609375,0.9921875,0.98046875,0.9609375,0.94140625,0.9856109311143729,0.9419953113988291,0.38558536767959595,0.65067458152771,0.265089213848114,256,physics_motion,0,17,4,C
0.26171875,-2.322481188459719,5.87890625,0.46943483507232503,0.612344383448593,0.9177790292186193,0.014925373134328358,0.4765625,1.0,0.99609375,0.9921875,0.984375,0.96484375,0.94140625,0.986010854940546,0.9052576574619962,0.38558536767959595,0.65067458152771,0.265089213848114,256,physics_motion,0,17,8,C
0.23046875,-1.859883842289039,5.94140625,0.9711243672117175,0.7032965687329766,0.9087469772850898,0.03389830508474576,0.5390625,1.0,0.99609375,0.9921875,0.98828125,0.984375,0.98046875,0.9960551622400232,0.9999945318250933,0.38558536767959595,0.65067458152771,0.265089213848114,256,physics_motion,0,17,16,C
0.39453125,0.5394433298309984,5.73828125,0.3589474640111505,0.3269801181557418,0.8719400752112919,0.0,0.2109375,1.0,0.9803149606299213,0.968503937007874,0.9606299212598425,0.9448818897637795,0.9291338582677166,0.9868931729033621,0.9829355998223959,0.3013559877872467,0.5787967443466187,0.27744072675704956,256,physics_motion,0,18,4,C
0.265625,-2.1732214719777323,5.67578125,-0.9286528753378038,-0.9090081220137505,1.0954603230835107,0.0,0.46875,1.0,0.9724409448818898,0.952755905511811,0.9448818897637795,0.9330708661417323,0.9173228346456693,0.9863364700118963,0.983479642109073,0.3013559877872467,0.5787967443466187,0.27744072675704956,256,physics_motion,0,18,8,C
0.25390625,-1.059359950342537,5.60546875,-2.7440311301284797,0.7032965687329766,1.0521219009652485,0.0,0.4921875,1.0,0.99609375,0.98046875,0.92578125,0.8671875,0.8359375,0.9537677729441535,0.9709329788955064,0.3013559877872467,0.5787967443466187,0.27744072675704956,256,physics_motion,0,18,16,C
0.41015625,1.1257947752994737,5.75390625,0.4188219367402832,0.3269801181557418,0.6912182118617919,0.0,0.1796875,1.0,0.9803149606299213,0.968503937007874,0.9606299212598425,0.9488188976377953,0.9409448818897638,0.9898010366314859,0.9955864545471574,0.2848109006881714,0.5510281324386597,0.2662171721458435,256,physics_motion,0,19,4,C
0.37109375,1.8567908730359188,5.71484375,-0.6597898541050867,-0.9090081220137505,0.7752152700644078,0.010526315789473684,0.2578125,1.0,0.9724409448818898,0.952755905511811,0.9488188976377953,0.9448818897637795,0.9409448818897638,0.9926125848661135,0.8382796102909406,0.2848109006881714,0.5510281324386597,0.2662171721458435,256,physics_motion,0,19,8,C
0.3203125,1.208791076839218,5.828125,-0.2816606260774188,0.7032965687329766,0.8206933188398267,0.012195121951219513,0.359375,1.0,0.99609375,0.98828125,0.96875,0.9453125,0.9296875,0.9819216592369316,0.9779886947207296,0.2848109006881714,0.5510281324386597,0.2662171721458435,256,physics_motion,0,19,16,C
0.35546875,-0.9264352838401901,5.859375,0.8229746276619285,0.9853293493418014,1.0467478306336133,0.0,0.2890625,1.0,0.99609375,0.9921875,0.9765625,0.95703125,0.9375,0.9843905797845507,0.9555801966706358,0.3052482604980469,0.5746883153915405,0.2694399952888489,256,physics_motion,0,20,4,C
0.34375,0.8119728576620093,5.90234375,0.6307526478119553,0.612344383448593,0.8935681283483649,0.0,0.3125,1.0,0.99609375,0.9921875,0.984375,0.97265625,0.95703125,0.9900605224065302,0.9446746649052585,0.3052482604980469,0.5746883153915405,0.2694399952888489,256,physics_motion,0,20,8,C
0.26953125,-0.5256773557115358,5.94140625,0.9711243672117175,0.7032965687329766,0.8324164525451574,0.0,0.4609375,1.0,0.99609375,0.9921875,0.98828125,0.984375,0.98046875,0.9960551622400232,0.9999945318250933,0.3052482604980469,0.5746883153915405,0.2694399952888489,256,physics_motion,0,20,16,C
0.36328125,-0.6332595611059524,5.734375,0.34397884582886734,0.3269801181557418,0.9967608336707783,0.0,0.2734375,1.0,0.9803149606299213,0.968503937007874,0.9566929133858267,0.9409448818897638,0.9330708661417323,0.9873157820166554,0.9929101344455773,0.36380892992019653,0.6217882633209229,0.2579793334007263,256,physics_motion,0,21,4,C
0.28125,-1.5761826060497839,5.7109375,-0.6866761562283585,-0.9090081220137505,1.0043881909468024,0.0,0.4375,1.0,0.9724409448818898,0.952755905511811,0.9488188976377953,0.9448818897637795,0.937007874015748,0.9917805530301462,0.8880635246276317,0.36380892992019653,0.6217882633209229,0.2579793334007263,256,physics_motion,0,21,8,C
0.234375,-1.7264631936312886,5.83203125,-0.23846114355020723,0.7032965687329766,1.0221076264268845,0.016666666666666666,0.53125,1.0,0.99609375,0.98828125,0.96875,0.94921875,0.9296875,0.9823266594584512,0.9800454751618873,0.36380892992019653,0.6217882633209229,0.2579793334007263,256,physics_motion,0,21,16,C
0.38671875,0.24626760709676068,5.75390625,0.4188219367402832,0.3269801181557418,0.8782978685332853,0.0,0.2265625,1.0,0.9803149606299213,0.968503937007874,0.9606299212598425,0.9488188976377953,0.9409448818897638,0.9898010366314859,0.9955864545471574,0.2691180109977722,0.46764102578163147,0.19852302968502045,256,physics_motion,0,22,4,C
0.33203125,0.36419370821604813,5.71484375,-0.6597898541050867,-0.9090081220137505,0.8954379490463964,0.0,0.3359375,1.0,0.9724409448818898,0.952755905511811,0.9488188976377953,0.9448818897637795,0.9409448818897638,0.9926125848661135,0.8382796102909406,0.2691180109977722,0.46764102578163147,0.19852302968502045,256,physics_motion,0,22,8,C
0.32421875,1.3422117254969683,5.82421875,-0.32486010860463044,0.7032965687329766,0.9897893019106595,0.0,0.3515625,1.0,0.99609375,0.98828125,0.96875,0.9453125,0.92578125,0.981095124681968,0.9755585391295462,0.2691180109977722,0.46764102578163147,0.19852302968502045,256,physics_motion,0,22,16,C
0.32421875,-2.099138174777141,5.671875,0.10448095491233675,0.3269801181557418,0.9071727486609562,0.0,0.3515625,1.0,0.9803149606299213,0.968503937007874,0.952755905511811,0.9212598425196851,0.8937007874015748,0.9767723943923159,0.9603974044150736,0.40840035676956177,0.6483477354049683,0.2399473488330841,256,physics_motion,0,23,4,C
0.3203125,-0.0835854412299131,5.34375,-3.213988555815899,-3.000867817024473,0.9226857693943213,0.0,0.359375,1.0,0.944,0.904,0.888,0.876,0.86,0.978450498761839,0.9402062716636882,0.40840035676956177,0.6483477354049683,0.2399473488330841,256,physics_motion,0,23,8,C
0.28125,-0.125415409738285,5.69140625,-1.7936425145298247,0.7032965687329766,0.9634517290958943,0.013888888888888888,0.4375,1.0,0.99609375,0.98046875,0.9375,0.8984375,0.87890625,0.9667938497611451,0.9780860869558176,0.40840035676956177,0.6483477354049683,0.2399473488330841,256,physics_motion,0,23,16,C
0.36328125,-0.6332595611059524,5.30078125,-1.3175377724045636,-1.3188929598094072,0.9894250629291899,0.0,0.2734375,1.0,0.9397590361445783,0.9036144578313253,0.8875502008032129,0.8674698795180723,0.8514056224899599,0.9764525052460047,0.9759008966415762,0.4255160093307495,0.8385785818099976,0.41306260228157043,256,physics_motion,0,24,4,C
0.265625,-2.1732214719777323,5.68359375,-0.8748802710912604,-0.9090081220137505,0.9567229507351757,0.029411764705882353,0.46875,1.0,0.9724409448818898,0.952755905511811,0.9488188976377953,0.937007874015748,0.9173228346456693,0.9867518576357914,0.9579190346693127,0.4255160093307495,0.8385785818099976,0.41306260228157043,256,physics_motion,0,24,8,C
0.2890625,0.14142588757721564,5.75390625,-1.102450794094439,0.7032965687329766,0.9775796670612196,0.0,0.421875,1.0,0.99609375,0.984375,0.94921875,0.91796875,0.90625,0.9744426699018266,0.9702744480746887,0.4255160093307495,0.8385785818099976,0.41306260228157043,256,physics_motion,0,24,16,C
0.37109375,-0.34008383837171474,5.87109375,0.867880482208778,0.9853293493418014,0.9321681017371517,0.0,0.2578125,1.0,0.99609375,0.9921875,0.98046875,0.9609375,0.94140625,0.9856109311143729,0.9419953113988291,0.25784069299697876,0.5404125452041626,0.28257185220718384,256,physics_motion,0,25,4,C
0.33203125,0.36419370821604813,5.859375,0.3350033244559665,0.612344383448593,0.9435139227232043,0.0,0.3359375,1.0,0.99609375,0.9921875,0.98046875,0.95703125,0.93359375,0.9835688836642346,0.9265088412634381,0.25784069299697876,0.5404125452041626,0.28257185220718384,256,physics_motion,0,25,8,C
0.32421875,1.3422117254969683,5.94140625,0.9711243672117175,0.7032965687329766,1.0252469980467454,0.012048192771084338,0.3515625,1.0,0.99609375,0.9921875,0.98828125,0.984375,0.98046875,0.9960551622400232,0.9999945318250933,0.25784069299697876,0.5404125452041626,0.28257185220718384,256,physics_motion,0,25,16,C
0.3359375,-1.6593745906757844,5.87890625,0.8978177185733444,0.9853293493418014,0.9174654277259129,0.0,0.328125,1.0,0.99609375,0.9921875,0.9765625,0.9609375,0.953125,0.9880526066232608,0.9696291109181423,0.280653178691864,0.5382416248321533,0.2575885057449341,256,physics_motion,0,26,4,C
0.32421875,0.06567427525207398,5.90234375,0.6307526478119553,0.612344383448593,0.8691697187546285,0.0,0.3515625,1.0,0.99609375,0.9921875,0.984375,0.97265625,0.95703125,0.9900605224065302,0.9446746649052585,0.280653178691864,0.5382416248321533,0.2575885057449341,256,physics_motion,0,26,8,C
0.28515625,0.008005238919465321,5.94140625,0.9711243672117175,0.7032965687329766,0.6885967786362637,0.0,0.4296875,1.0,0.99609375,0.9921875,0.98828125,0.984375,0.98046875,0.9960551622400232,0.9999945318250933,0.280653178691864,0.5382416248321533,0.2575885057449341,256,physics_motion,0,26,16,C
0.3359375,-1.6593745906757844,5.75390625,0.4188219367402832,0.3269801181557418,0.8483395811782406,0.0,0.328125,1.0,0.9803149606299213,0.968503937007874,0.9606299212598425,0.9488188976377953,0.9409448818897638,0.9898010366314859,0.9955864545471574,0.23411104083061218,0.5198200941085815,0.2857089936733246,256,physics_motion,0,27,4,C
0.328125,0.21493399173406105,5.71484375,-0.6597898541050867,-0.9090081220137505,0.7887727862935285,0.0,0.34375,1.0,0.9724409448818898,0.952755905511811,0.9488188976377953,0.9448818897637795,0.9409448818897638,0.9926125848661135,0.8382796102909406,0.23411104083061218,0.5198200941085815,0.2857089936733246,256,physics_motion,0,27,8,C
0.26953125,-0.5256773557115358,5.82421875,-0.32486010860463044,0.7032965687329766,0.760804930004565,0.0,0.4609375,1.0,0.99609375,0.98828125,0.96875,0.9453125,0.92578125,0.981095124681968,0.9755585391295462,0.23411104083061218,0.5198200941085815,0.2857089936733246,256,physics_motion,0,27,16,C
0.3984375,0.6860311911981172,5.74609375,0.3888847003757168,0.9853293493418014,0.8198076421247786,0.0,0.203125,1.0,0.99609375,0.9921875,0.97265625,0.921875,0.86328125,0.9646688328583799,0.8785070036393033,0.3479142189025879,0.5278753042221069,0.17996105551719666,256,physics_motion,0,28,4,C
0.28515625,-1.4269228895677968,5.8671875,0.3887759287025099,0.612344383448593,0.9157466898657075,0.0136986301369863,0.4296875,1.0,0.99609375,0.9921875,0.984375,0.9609375,0.93359375,0.9839696048825214,0.8908890597825632,0.3479142189025879,0.5278753042221069,0.17996105551719666,256,physics_motion,0,28,8,C
0.32421875,1.3422117254969683,5.94140625,0.9711243672117175,0.7032965687329766,0.8921165400382319,0.0,0.3515625,1.0,0.99609375,0.9921875,0.98828125,0.984375,0.98046875,0.9960551622400232,0.9999945318250933,0.3479142189025879,0.5278753042221069,0.17996105551719666,256,physics_motion,0,28,16,C
0.3828125,0.09967974572964182,5.859375,0.8229746276619285,0.9853293493418014,0.9010560358333796,0.0,0.234375,1.0,0.99609375,0.9921875,0.9765625,0.95703125,0.9375,0.9843905797845507,0.9555801966706358,0.34966814517974854,0.5850353240966797,0.23536722362041473,256,physics_motion,0,29,4,C
0.33203125,0.36419370821604813,5.90234375,0.6307526478119553,0.612344383448593,0.9361737808990239,0.0,0.3359375,1.0,0.99609375,0.9921875,0.984375,0.97265625,0.95703125,0.9900605224065302,0.9446746649052585,0.34966814517974854,0.5850353240966797,0.23536722362041473,256,physics_motion,0,29,8,C
0.2578125,-0.9259393016847868,5.94140625,0.9711243672117175,0.7032965687329766,0.8970464327103465,0.0,0.484375,1.0,0.99609375,0.9921875,0.98828125,0.984375,0.98046875,0.9960551622400232,0.9999945318250933,0.34966814517974854,0.5850353240966797,0.23536722362041473,256,physics_motion,0,29,16,C
0.28125,-3.7116046498154485,5.87890625,0.8978177185733444,0.9853293493418014,1.0300451939425284,0.0,0.4375,1.0,0.99609375,0.98828125,0.9765625,0.96484375,0.953125,0.9888435211067819,0.994216345740109,0.49850958585739136,0.7573505640029907,0.25884097814559937,256,physics_motion,1,0,4,C
0.31640625,-0.23284515771190017,5.921875,0.7651841584283138,0.612344383448593,0.8443919386491071,0.0,0.3671875,1.0,0.99609375,0.9921875,0.98828125,0.98046875,0.96484375,0.9924653543412915,0.8998881842421618,0.49850958585739136,0.7573505640029907,0.25884097814559937,256,physics_motion,1,0,8,C
0.24609375,-1.3262012476580378,5.94140625,0.9711243672117175,0.7032965687329766,0.9363134257196825,0.015873015873015872,0.5078125,1.0,0.99609375,0.9921875,0.98828125,0.984375,0.98046875,0.9960551622400232,0.9999945318250933,0.49850958585739136,0.7573505640029907,0.25884097814559937,256,physics_motion,1,0,16,C
0.32421875,-2.099138174777141,5.86328125,0.8379432458442116,0.9853293493418014,1.4509098956164834,0.0,0.3515625,1.0,0.99609375,0.9921875,0.98046875,0.95703125,0.9375,0.9843905797845507,0.9363392060434227,0.32914382219314575,0.6891237497329712,0.35997986793518066,256,physics_motion,1,1,4,C
0.3046875,-0.6806243071578614,5.703125,-0.7404487604749019,-0.7188390588309576,0.8925618559330588,0.0,0.390625,1.0,0.9802371541501976,0.9683794466403162,0.9565217391304348,0.9407114624505929,0.924901185770751,0.9855846310224308,0.9930356670804776,0.32914382219314575,0.6891237497329712,0.35997986793518066,256,physics_motion,1,1,8,C
0.27734375,-0.2588360583960353,5.89453125,0.4527305768851783,0.32920264919415837,1.0440053112638314,0.0,0.4453125,1.0,0.9921875,0.984375,0.98046875,0.97265625,0.96484375,0.9932361731669301,0.9893270465499124,0.32914382219314575,0.6891237497329712,0.35997986793518066,256,physics_motion,1,1,16,C
0.4375,2.1519098048693057,5.62890625,-0.06017384509277804,-0.3313691130303178,0.8587396942227968,0.0,0.125,1.0,0.9642857142857143,0.9444444444444444,0.9404761904761905,0.9365079365079365,0.9325396825396826,0.992489274822,0.8383336415352074,0.3103986978530884,0.6219085454940796,0.311509907245636,256,physics_motion,1,2,4,C
0.30078125,-0.8298840236398485,5.90625,0.657638949935227,0.42217532026580007,0.853313019410515,0.025974025974025976,0.3984375,1.0,0.9921875,0.984375,0.98046875,0.9765625,0.97265625,0.9952382820213871,0.9739216617740921,0.3103986978530884,0.6219085454940796,0.311509907245636,256,physics_motion,1,2,8,C
0.30078125,0.5416878335504666,5.93359375,0.8847254021572942,0.7032965687329766,0.8139045704069239,0.0,0.3984375,1.0,0.99609375,0.9921875,0.98828125,0.984375,0.97265625,0.9944627397651815,0.922639787895895,0.3103986978530884,0.6219085454940796,0.311509907245636,256,physics_motion,1,2,16,C
0.390625,0.39285546846387953,5.30078125,-1.3175377724045636,-0.6605437286233475,0.7526022981562128,0.0,0.21875,1.0,0.9561752988047809,0.9322709163346613,0.9043824701195219,0.8366533864541833,0.7768924302788844,0.9489973892595488,0.9436712096215453,0.24666248261928558,0.543015718460083,0.29635316133499146,256,physics_motion,1,3,4,C
0.3359375,0.5134534246980352,5.90625,0.657638949935227,0.42217532026580007,0.7419834953873972,0.011627906976744186,0.328125,1.0,0.9921875,0.984375,0.98046875,0.9765625,0.97265625,0.9952382820213871,0.9739216617740921,0.24666248261928558,0.543015718460083,0.29635316133499146,256,physics_motion,1,3,8,C
0.26953125,-0.5256773557115358,5.93359375,0.8847254021572942,0.7032965687329766,1.0772092706132403,0.014492753623188406,0.4609375,1.0,0.99609375,0.9921875,0.98828125,0.984375,0.97265625,0.9944627397651815,0.922639787895895,0.24666248261928558,0.543015718460083,0.29635316133499146,256,physics_motion,1,3,16,C
0.328125,-1.9525503134100222,5.83203125,0.7181943003859463,0.9853293493418014,0.9932131818284292,0.0,0.34375,1.0,0.99609375,0.984375,0.96484375,0.94921875,0.9375,0.9843618765848106,0.9931668998218526,0.336625874042511,0.5636494159698486,0.22702354192733765,256,physics_motion,1,4,4,C
0.27734375,-1.725442322531771,5.67578125,-0.9286528753378038,-0.5286699956481645,0.9223612171048938,0.014084507042253521,0.4453125,1.0,0.9764705882352941,0.9529411764705882,0.9372549019607843,0.9215686274509803,0.9098039215686274,0.9826613764572716,0.9868516799162512,0.336625874042511,0.5636494159698486,0.22702354192733765,256,physics_motion,1,4,8,C
0.28515625,0.008005238919465321,5.94140625,0.9711243672117175,0.7032965687329766,0.9252232555312516,0.0136986301369863,0.4296875,1.0,0.99609375,0.9921875,0.98828125,0.984375,0.98046875,0.9960551622400232,0.9999945318250933,0.336625874042511,0.5636494159698486,0.22702354192733765,256,physics_motion,1,4,16,C
0.35546875,-0.9264352838401901,5.83203125,0.7181943003859463,0.9853293493418014,0.9032931155530872,0.0,0.2890625,1.0,0.99609375,0.984375,0.96484375,0.94921875,0.9375,0.9843618765848106,0.9931668998218526,0.2544807195663452,0.44223982095718384,0.18775908648967743,256,physics_motion,1,5,4,C
0.2578125,-2.4717409049417065,5.67578125,-0.9286528753378038,-0.5286699956481645,1.0956865535934186,0.0,0.484375,1.0,0.9764705882352941,0.9529411764705882,0.9372549019607843,0.9215686274509803,0.9098039215686274,0.9826613764572716,0.9868516799162512,0.2544807195663452,0.44223982095718384,0.18775908648967743,256,physics_motion,1,5,8,C
0.28125,-0.125415409738285,5.94140625,0.9711243672117175,0.7032965687329766,0.9927547102241402,0.027777777777777776,0.4375,1.0,0.99609375,0.9921875,0.98828125,0.984375,0.98046875,0.9960551622400232,0.9999945318250933,0.2544807195663452,0.44223982095718384,0.18775908648967743,256,physics_motion,1,5,16,C
0.35546875,-0.9264352838401901,5.81640625,0.6583198276568137,0.9853293493418014,0.974415047980518,0.01098901098901099,0.2890625,1.0,0.99609375,0.98828125,0.97265625,0.9453125,0.9140625,0.9785986670595218,0.9405001226966823,0.37410375475883484,0.7009510397911072,0.3268473148345947,256,physics_motion,1,6,4,C
0.23828125,-3.218039487351642,5.921875,0.7651841584283138,0.612344383448593,0.851047324979308,0.0,0.5234375,1.0,0.99609375,0.9921875,0.98828125,0.98046875,0.96484375,0.9924653543412915,0.8998881842421618,0.37410375475883484,0.7009510397911072,0.3268473148345947,256,physics_motion,1,6,8,C
0.23828125,-1.5930425449735384,5.921875,0.7551269545756595,0.7032965687329766,0.8014460067845622,0.01639344262295082,0.5234375,1.0,0.99609375,0.9921875,0.98828125,0.98046875,0.96484375,0.9924653543412915,0.8998881842421618,0.37410375475883484,0.7009510397911072,0.3268473148345947,256,physics_motion,1,6,16,C
0.36328125,-0.6332595611059524,5.86328125,0.8379432458442116,0.9853293493418014,0.9558343486557628,0.0,0.2734375,1.0,0.99609375,0.9921875,0.98828125,0.9609375,0.92578125,0.982317253649893,0.8371786574342086,0.3584054410457611,0.654313862323761,0.29590848088264465,256,physics_motion,1,7,4,C
0.30078125,-0.8298840236398485,5.90234375,0.6307526478119553,0.612344383448593,0.8065830053399774,0.0,0.3984375,1.0,0.99609375,0.9921875,0.984375,0.97265625,0.95703125,0.9900605224065302,0.9446746649052585,0.3584054410457611,0.654313862323761,0.29590848088264465,256,physics_motion,1,7,8,C
0.26171875,-0.7925186530270365,5.94140625,0.9711243672117175,0.7032965687329766,0.885890779076993,0.0,0.4765625,1.0,0.99609375,0.9921875,0.98828125,0.984375,0.98046875,0.9960551622400232,0.9999945318250933,0.3584054410457611,0.654313862323761,0.29590848088264465,256,physics_motion,1,7,16,C
0.390625,0.39285546846387953,5.62890625,-0.06017384509277804,-0.3313691130303178,1.1282549284950938,0.0,0.21875,1.0,0.9642857142857143,0.9444444444444444,0.9404761904761905,0.9365079365079365,0.9325396825396826,0.992489274822,0.8383336415352074,0.3204140067100525,0.5153763890266418,0.19496241211891174,256,physics_motion,1,8,4,C
0.26171875,-2.322481188459719,5.90625,0.657638949935227,0.42217532026580007,0.9266125522894418,0.014925373134328358,0.4765625,1.0,0.9921875,0.984375,0.98046875,0.9765625,0.97265625,0.9952382820213871,0.9739216617740921,0.3204140067100525,0.5153763890266418,0.19496241211891174,256,physics_motion,1,8,8,C
0.265625,-0.6590980043692862,5.93359375,0.8847254021572942,0.7032965687329766,0.8844167728484879,0.014705882352941176,0.46875,1.0,0.99609375,0.9921875,0.98828125,0.984375,0.97265625,0.9944627397651815,0.922639787895895,0.3204140067100525,0.5153763890266418,0.19496241211891174,256,physics_motion,1,8,16,C
0.37890625,-0.04690811563747703,5.62890625,-0.06017384509277804,-0.3313691130303178,0.90057510809551,0.0,0.2421875,1.0,0.9642857142857143,0.9444444444444444,0.9404761904761905,0.9365079365079365,0.9325396825396826,0.992489274822,0.8383336415352074,0.345500648021698,0.5406767129898071,0.1951761245727539,256,physics_motion,1,9,4,C
0.3046875,-0.6806243071578614,5.90625,0.657638949935227,0.42217532026580007,0.7670748855689037,0.01282051282051282,0.390625,1.0,0.9921875,0.984375,0.98046875,0.9765625,0.97265625,0.9952382820213871,0.9739216617740921,0.345500648021698,0.5406767129898071,0.1951761245727539,256,physics_motion,1,9,8,C
0.35546875,2.4095769147589707,5.93359375,0.8847254021572942,0.7032965687329766,0.7502167567456601,0.0,0.2890625,1.0,0.99609375,0.9921875,0.98828125,0.984375,0.97265625,0.9944627397651815,0.922639787895895,0.345500648021698,0.5406767129898071,0.1951761245727539,256,physics_motion,1,9,16,C
0.390625,0.39285546846387953,5.62890625,-0.06017384509277804,-0.3313691130303178,0.9652850455227268,0.0,0.21875,1.0,0.9642857142857143,0.9444444444444444,0.9404761904761905,0.9365079365079365,0.9325396825396826,0.992489274822,0.8383336415352074,0.3257373571395874,0.5116636753082275,0.18592627346515656,256,physics_motion,1,10,4,C
0.2734375,-1.874702039013758,5.90625,0.657638949935227,0.42217532026580007,0.721984464705931,0.014285714285714285,0.453125,1.0,0.9921875,0.984375,0.98046875,0.9765625,0.97265625,0.9952382820213871,0.9739216617740921,0.3257373571395874,0.5116636753082275,0.18592627346515656,256,physics_motion,1,10,8,C
0.28515625,0.008005238919465321,5.93359375,0.8847254021572942,0.7032965687329766,0.7489830503797116,0.0,0.4296875,1.0,0.99609375,0.9921875,0.98828125,0.984375,0.97265625,0.9944627397651815,0.922639787895895,0.3257373571395874,0.5116636753082275,0.18592627346515656,256,physics_motion,1,10,16,C
0.41015625,1.1257947752994737,5.86328125,0.8379432458442116,0.6561547337487716,0.8488674808237151,0.0,0.1796875,1.0,0.9882352941176471,0.9803921568627451,0.9764705882352941,0.9725490196078431,0.9686274509803922,0.9952001887405004,0.9739291875786131,0.3430587649345398,0.5734354257583618,0.2303767055273056,256,physics_motion,1,11,4,C
0.35546875,1.2597520071079706,5.85546875,0.3081170223326948,0.04183719390021423,0.8548978589104361,0.0,0.2890625,1.0,0.9882352941176471,0.9803921568627451,0.9764705882352941,0.9725490196078431,0.9607843137254902,0.9935832830589516,0.9540289363131916,0.3430587649345398,0.5734354257583618,0.2303767055273056,256,physics_motion,1,11,8,C
0.28125,-0.125415409738285,5.94140625,0.9711243672117175,0.7032965687329766,0.9849376239565591,0.013888888888888888,0.4375,1.0,0.99609375,0.9921875,0.98828125,0.984375,0.98046875,0.9960551622400232,0.9999945318250933,0.3430587649345398,0.5734354257583618,0.2303767055273056,256,physics_motion,1,11,16,C
0.31640625,-2.3923138975113787,5.86328125,0.8379432458442116,0.6561547337487716,1.028828461708534,0.0,0.3671875,1.0,0.9882352941176471,0.9803921568627451,0.9764705882352941,0.9725490196078431,0.9686274509803922,0.9952001887405004,0.9739291875786131,0.32142582535743713,0.6109776496887207,0.28955182433128357,256,physics_motion,1,12,4,C
0.28515625,-1.4269228895677968,5.85546875,0.3081170223326948,0.04183719390021423,0.7645520094105508,0.0,0.4296875,1.0,0.9882352941176471,0.9803921568627451,0.9764705882352941,0.9725490196078431,0.9607843137254902,0.9935832830589516,0.9540289363131916,0.32142582535743713,0.6109776496887207,0.28955182433128357,256,physics_motion,1,12,8,C
0.27734375,-0.2588360583960353,5.94140625,0.9711243672117175,0.7032965687329766,0.9695373574285884,0.014084507042253521,0.4453125,1.0,0.99609375,0.9921875,0.98828125,0.984375,0.98046875,0.9960551622400232,0.9999945318250933,0.32142582535743713,0.6109776496887207,0.28955182433128357,256,physics_motion,1,12,16,C
0.38306451612903225,0.10913702710816535,5.826612903225806,0.697431378391165,0.9817898373461775,0.9008098208464056,0.0,0.23387096774193547,1.0,0.9959677419354839,0.9838709677419355,0.9637096774193549,0.9475806451612904,0.9354838709677419,0.9838434755879358,0.9931767284781248,0.4552466869354248,0.7326985001564026,0.27745184302330017,249,physics_motion,1,13,4,C
0.3387096774193548,0.6193796751046058,5.512096774193548,-2.05527566430974,-1.160522044287765,1.1060864234311993,0.011904761904761904,0.3225806451612903,1.0,0.967479674796748,0.9308943089430894,0.9105691056910569,0.8902439024390244,0.8577235772357723,0.9718560954673744,0.9882080109994199,0.4552466869354248,0.7326985001564026,0.27745184302330017,249,physics_motion,1,13,8,C
0.2708333333333333,-0.4812038061589531,5.9375,0.9279248846845058,0.6783569740970568,0.9574788535803325,0.046153846153846156,0.4583333333333333,1.0,0.9958333333333333,0.9916666666666667,0.9875,0.9833333333333333,0.9791666666666666,0.9957893951369886,0.999993768553125,0.4552466869354248,0.7326985001564026,0.27745184302330017,249,physics_motion,1,13,16,C
0.3359375,-1.6593745906757844,5.87890625,0.8978177185733444,0.9853293493418014,1.0231431109353315,0.0,0.328125,1.0,0.99609375,0.9921875,0.98828125,0.96484375,0.9375,0.9851912271615365,0.8584396609177395,0.4426562786102295,0.7161853909492493,0.27352914214134216,256,physics_motion,1,14,4,C
0.34375,0.8119728576620093,5.90234375,0.6307526478119553,0.612344383448593,0.8819628232745189,0.0,0.3125,1.0,0.99609375,0.9921875,0.984375,0.97265625,0.95703125,0.9900605224065302,0.9446746649052585,0.4426562786102295,0.7161853909492493,0.27352914214134216,256,physics_motion,1,14,8,C
0.265625,-0.6590980043692862,5.94140625,0.9711243672117175,0.7032965687329766,0.73656895056648,0.0,0.46875,1.0,0.99609375,0.9921875,0.98828125,0.984375,0.98046875,0.9960551622400232,0.9999945318250933,0.4426562786102295,0.7161853909492493,0.27352914214134216,256,physics_motion,1,14,16,C
0.39453125,0.5394433298309984,5.83203125,0.7181943003859463,0.9853293493418014,0.9306443648828284,0.0,0.2109375,1.0,0.99609375,0.984375,0.96484375,0.94921875,0.9375,0.9843618765848106,0.9931668998218526,0.3481025993824005,0.5853697657585144,0.23726721107959747,256,physics_motion,1,15,4,C
0.33203125,0.36419370821604813,5.67578125,-0.9286528753378038,-0.5286699956481645,0.7867694357702112,0.011764705882352941,0.3359375,1.0,0.9764705882352941,0.9529411764705882,0.9372549019607843,0.9215686274509803,0.9098039215686274,0.9826613764572716,0.9868516799162512,0.3481025993824005,0.5853697657585144,0.23726721107959747,256,physics_motion,1,15,8,C
0.28125,-0.125415409738285,5.94140625,0.9711243672117175,0.7032965687329766,0.8998061097220794,0.027777777777777776,0.4375,1.0,0.99609375,0.9921875,0.98828125,0.984375,0.98046875,0.9960551622400232,0.9999945318250933,0.3481025993824005,0.5853697657585144,0.23726721107959747,256,physics_motion,1,15,16,C
0.33984375,-1.5127867293086656,5.86328125,0.8379432458442116,0.6561547337487716,0.8623457252967198,0.0,0.3203125,1.0,0.9882352941176471,0.9803921568627451,0.9764705882352941,0.9725490196078431,0.9686274509803922,0.9952001887405004,0.9739291875786131,0.3673388957977295,0.6132637858390808,0.2459249198436737,256,physics_motion,1,16,4,C
0.3046875,-0.6806243071578614,5.85546875,0.3081170223326948,0.04183719390021423,0.8801688373849138,0.0,0.390625,1.0,0.9882352941176471,0.9803921568627451,0.9764705882352941,0.9725490196078431,0.9607843137254902,0.9935832830589516,0.9540289363131916,0.3673388957977295,0.6132637858390808,0.2459249198436737,256,physics_motion,1,16,8,C
0.26953125,-0.5256773557115358,5.94140625,0.9711243672117175,0.7032965687329766,0.7456354486089178,0.014492753623188406,0.4609375,1.0,0.99609375,0.9921875,0.98828125,0.984375,0.98046875,0.9960551622400232,0.9999945318250933,0.3673388957977295,0.6132637858390808,0.2459249198436737,256,physics_motion,1,16,16,C
0.33203125,-1.8059624520429032,5.73046875,0.32901022764658416,0.9853293493418014,0.9245238116555419,0.0,0.3359375,1.0,0.99609375,0.98046875,0.9453125,0.9140625,0.89453125,0.9718814075116439,0.9860063682879832,0.2993636727333069,0.5377113819122314,0.23834770917892456,256,physics_motion,1,17,4,C
0.30078125,-0.8298840236398485,5.1640625,-4.450758453486398,-4.3320512593040235,0.8613030091100579,0.0,0.3984375,1.0,0.9233870967741935,0.875,0.8588709677419355,0.842741935483871,0.8306451612903226,0.975382597649476,0.9177857539234651,0.2993636727333069,0.5377113819122314,0.23834770917892456,256,physics_motion,1,17,8,C
0.24609375,-1.3262012476580378,5.94140625,0.9711243672117175,0.7032965687329766,0.9013878188659973,0.015873015873015872,0.5078125,1.0,0.99609375,0.9921875,0.98828125,0.984375,0.98046875,0.9960551622400232,0.9999945318250933,0.2993636727333069,0.5377113819122314,0.23834770917892456,256,physics_motion,1,17,16,C
0.38671875,0.24626760709676068,5.62890625,-0.06017384509277804,-0.002194497437287988,0.8370288429621869,0.0,0.2265625,1.0,0.9723320158102767,0.9565217391304348,0.9367588932806324,0.9169960474308301,0.9130434782608695,0.9833375791646422,0.969484090834198,0.377250075340271,0.6193203926086426,0.24207031726837158,256,physics_motion,1,18,4,C
0.30078125,-0.8298840236398485,5.90625,0.657638949935227,0.42217532026580007,0.9236795981291349,0.0,0.3984375,1.0,0.9921875,0.984375,0.98046875,0.9765625,0.97265625,0.9952382820213871,0.9739216617740921,0.377250075340271,0.6193203926086426,0.24207031726837158,256,physics_motion,1,18,8,C
0.28515625,0.008005238919465321,5.90625,0.5823290244668131,0.7032965687329766,0.7903283860261795,0.0136986301369863,0.4296875,1.0,0.99609375,0.9921875,0.984375,0.97265625,0.9609375,0.9908674187692903,0.9638326938154764,0.377250075340271,0.6193203926086426,0.24207031726837158,256,physics_motion,1,18,16,C
0.33984375,-1.5127867293086656,5.47265625,-0.6589185723841046,-0.9897183442163774,1.0232723822943162,0.0,0.3203125,1.0,0.948,0.92,0.916,0.912,0.908,0.9905495461639512,0.7748157602409043,0.48410123586654663,0.7663934230804443,0.2822922170162201,256,physics_motion,1,19,4,C
0.36328125,1.5582714400719448,5.90625,0.657638949935227,0.42217532026580007,0.7360143130942027,0.010752688172043012,0.2734375,1.0,0.9921875,0.984375,0.98046875,0.9765625,0.97265625,0.9952382820213871,0.9739216617740921,0.48410123586654663,0.7663934230804443,0.2822922170162201,256,physics_motion,1,19,8,C
0.29296875,0.2748465362349659,5.93359375,0.8847254021572942,0.7032965687329766,0.7272727272727273,0.0,0.4140625,1.0,0.99609375,0.9921875,0.98828125,0.984375,0.97265625,0.9944627397651815,0.922639787895895,0.48410123586654663,0.7663934230804443,0.2822922170162201,256,physics_motion,1,19,16,C
0.3671875,-0.48667169973883356,5.83203125,0.7181943003859463,0.9853293493418014,0.9861380156940509,0.0,0.265625,1.0,0.99609375,0.984375,0.96484375,0.94921875,0.9375,0.9843618765848106,0.9931668998218526,0.33902791142463684,0.5299749374389648,0.19094708561897278,256,physics_motion,1,20,4,C
0.3046875,-0.6806243071578614,5.67578125,-0.9286528753378038,-0.5286699956481645,0.7735277551457601,0.01282051282051282,0.390625,1.0,0.9764705882352941,0.9529411764705882,0.9372549019607843,0.9215686274509803,0.9098039215686274,0.9826613764572716,0.9868516799162512,0.33902791142463684,0.5299749374389648,0.19094708561897278,256,physics_motion,1,20,8,C
0.27734375,-0.2588360583960353,5.94140625,0.9711243672117175,0.7032965687329766,0.9439132493096081,0.028169014084507043,0.4453125,1.0,0.99609375,0.9921875,0.98828125,0.984375,0.98046875,0.9960551622400232,0.9999945318250933,0.33902791142463684,0.5299749374389648,0.19094708561897278,256,physics_motion,1,20,16,C
0.359375,-0.7798474224730713,5.63671875,-0.030236608728211715,-0.002194497437287988,1.0277515681889,0.0,0.28125,1.0,0.9723320158102767,0.9525691699604744,0.9407114624505929,0.924901185770751,0.9130434782608695,0.9845896270599239,0.9933271201618722,0.39173275232315063,0.6353133320808411,0.24358050525188446,256,physics_motion,1,21,4,C
0.31640625,-0.23284515771190017,5.90625,0.657638949935227,0.42217532026580007,0.8999555544581077,0.0,0.3671875,1.0,0.9921875,0.984375,0.98046875,0.9765625,0.97265625,0.9952382820213871,0.9739216617740921,0.39173275232315063,0.6353133320808411,0.24358050525188446,256,physics_motion,1,21,8,C
0.21875,-2.2601457882622897,5.90625,0.5823290244668131,0.7032965687329766,0.7797033362530164,0.017857142857142856,0.5625,1.0,0.99609375,0.9921875,0.984375,0.97265625,0.9609375,0.9908674187692903,0.9638326938154764,0.39173275232315063,0.6353133320808411,0.24358050525188446,256,physics_motion,1,21,16,C
0.34765625,-1.219611006574428,5.62890625,-0.06017384509277804,-0.3313691130303178,0.8886943142793884,0.0,0.3046875,1.0,0.9642857142857143,0.9444444444444444,0.9404761904761905,0.9365079365079365,0.9325396825396826,0.992489274822,0.8383336415352074,0.3199700117111206,0.4991307854652405,0.17916074395179749,256,physics_motion,1,22,4,C
0.3125,-0.3821048741938873,5.90625,0.657638949935227,0.42217532026580007,0.8887204284813083,0.0125,0.375,1.0,0.9921875,0.984375,0.98046875,0.9765625,0.97265625,0.9952382820213871,0.9739216617740921,0.3199700117111206,0.4991307854652405,0.17916074395179749,256,physics_motion,1,22,8,C
0.2578125,-0.9259393016847868,5.93359375,0.8847254021572942,0.7032965687329766,0.8361937819554135,0.0,0.484375,1.0,0.99609375,0.9921875,0.98828125,0.984375,0.97265625,0.9944627397651815,0.922639787895895,0.3199700117111206,0.4991307854652405,0.17916074395179749,256,physics_motion,1,22,16,C
0.37890625,-0.04690811563747703,5.86328125,0.8379432458442116,0.6561547337487716,0.9051210796289987,0.0,0.2421875,1.0,0.9882352941176471,0.9803921568627451,0.9764705882352941,0.9725490196078431,0.9686274509803922,0.9952001887405004,0.9739291875786131,0.41637754440307617,0.759327232837677,0.34294962882995605,256,physics_motion,1,23,4,C
0.3359375,0.5134534246980352,5.85546875,0.3081170223326948,0.04183719390021423,0.8333900207476591,0.0,0.328125,1.0,0.9882352941176471,0.9803921568627451,0.9764705882352941,0.9725490196078431,0.9607843137254902,0.9935832830589516,0.9540289363131916,0.41637754440307617,0.759327232837677,0.34294962882995605,256,physics_motion,1,23,8,C
0.30859375,0.8085291308659671,5.94140625,0.9711243672117175,0.7032965687329766,0.88276586528175,0.012658227848101266,0.3828125,1.0,0.99609375,0.9921875,0.98828125,0.984375,0.98046875,0.9960551622400232,0.9999945318250933,0.41637754440307617,0.759327232837677,0.34294962882995605,256,physics_motion,1,23,16,C
0.3984375,0.6860311911981172,5.50390625,-0.5391696269258393,-0.6605437286233475,0.9804761916883946,0.0,0.203125,1.0,0.9561752988047809,0.9322709163346613,0.9243027888446215,0.9083665338645418,0.8924302788844621,0.9837375618513567,0.9822608991731507,0.29852354526519775,0.5410217046737671,0.24249818921089172,256,physics_motion,1,24,4,C
0.3203125,-0.0835854412299131,5.90625,0.657638949935227,0.42217532026580007,0.8660254037844386,0.012195121951219513,0.359375,1.0,0.9921875,0.984375,0.98046875,0.9765625,0.97265625,0.9952382820213871,0.9739216617740921,0.29852354526519775,0.5410217046737671,0.24249818921089172,256,physics_motion,1,24,8,C
0.25390625,-1.059359950342537,5.93359375,0.8847254021572942,0.7032965687329766,0.8127591706011,0.03076923076923077,0.4921875,1.0,0.99609375,0.9921875,0.98828125,0.984375,0.97265625,0.9944627397651815,0.922639787895895,0.29852354526519775,0.5410217046737671,0.24249818921089172,256,physics_motion,1,24,16,C
0.3515625,-1.073023145207309,5.83203125,0.7181943003859463,0.9853293493418014,1.0069515320415579,0.0,0.296875,1.0,0.99609375,0.984375,0.96484375,0.94921875,0.9375,0.9843618765848106,0.9931668998218526,0.3526816964149475,0.5847328901290894,0.23205119371414185,256,physics_motion,1,25,4,C
0.3203125,-0.0835854412299131,5.67578125,-0.9286528753378038,-0.5286699956481645,0.8411329964196174,0.0,0.359375,1.0,0.9764705882352941,0.9529411764705882,0.9372549019607843,0.9215686274509803,0.9098039215686274,0.9826613764572716,0.9868516799162512,0.3526816964149475,0.5847328901290894,0.23205119371414185,256,physics_motion,1,25,8,C
0.296875,0.40826718489271624,5.94140625,0.9711243672117175,0.7032965687329766,0.9167446032462703,0.013157894736842105,0.40625,1.0,0.99609375,0.9921875,0.98828125,0.984375,0.98046875,0.9960551622400232,0.9999945318250933,0.3526816964149475,0.5847328901290894,0.23205119371414185,256,physics_motion,1,25,16,C
0.3671875,-0.48667169973883356,5.83203125,0.7181943003859463,0.9853293493418014,0.9800348869005968,0.0,0.265625,1.0,0.99609375,0.984375,0.96484375,0.94921875,0.9375,0.9843618765848106,0.9931668998218526,0.3804146647453308,0.7088438868522644,0.3284291923046112,256,physics_motion,1,26,4,C
0.359375,1.4090117235899577,5.67578125,-0.9286528753378038,-0.5286699956481645,0.7445224241771223,0.0,0.28125,1.0,0.9764705882352941,0.9529411764705882,0.9372549019607843,0.9215686274509803,0.9098039215686274,0.9826613764572716,0.9868516799162512,0.3804146647453308,0.7088438868522644,0.3284291923046112,256,physics_motion,1,26,8,C
0.28125,-0.125415409738285,5.94140625,0.9711243672117175,0.7032965687329766,0.8334590609283077,0.041666666666666664,0.4375,1.0,0.99609375,0.9921875,0.98828125,0.984375,0.98046875,0.9960551622400232,0.9999945318250933,0.3804146647453308,0.7088438868522644,0.3284291923046112,256,physics_motion,1,26,16,C
0.375,-0.1934959770045959,5.62890625,-0.06017384509277804,-0.3313691130303178,1.0854172061764293,0.0,0.25,1.0,0.9642857142857143,0.9444444444444444,0.9404761904761905,0.9365079365079365,0.9325396825396826,0.992489274822,0.8383336415352074,0.33501774072647095,0.6413564682006836,0.30633872747421265,256,physics_motion,1,27,4,C
0.33203125,0.36419370821604813,5.90625,0.657638949935227,0.42217532026580007,0.8804159671043427,0.011764705882352941,0.3359375,1.0,0.9921875,0.984375,0.98046875,0.9765625,0.97265625,0.9952382820213871,0.9739216617740921,0.33501774072647095,0.6413564682006836,0.30633872747421265,256,physics_motion,1,27,8,C
0.32421875,1.3422117254969683,5.93359375,0.8847254021572942,0.7032965687329766,0.8335854437876234,0.012048192771084338,0.3515625,1.0,0.99609375,0.9921875,0.98828125,0.984375,0.97265625,0.9944627397651815,0.922639787895895,0.33501774072647095,0.6413564682006836,0.30633872747421265,256,physics_motion,1,27,16,C
0.34375,-1.3661988679415467,5.83203125,0.7181943003859463,0.9853293493418014,1.0484181136850974,0.0,0.3125,1.0,0.99609375,0.984375,0.96484375,0.94921875,0.9375,0.9843618765848106,0.9931668998218526,0.3122119903564453,0.5060296654701233,0.1938176304101944,256,physics_motion,1,28,4,C
0.296875,-0.9791437401218356,5.67578125,-0.9286528753378038,-0.5286699956481645,1.0219444714429031,0.0,0.40625,1.0,0.9764705882352941,0.9529411764705882,0.9372549019607843,0.9215686274509803,0.9098039215686274,0.9826613764572716,0.9868516799162512,0.3122119903564453,0.5060296654701233,0.1938176304101944,256,physics_motion,1,28,8,C
0.2734375,-0.39225670705378557,5.94140625,0.9711243672117175,0.7032965687329766,0.8486587103472158,0.014285714285714285,0.453125,1.0,0.99609375,0.9921875,0.98828125,0.984375,0.98046875,0.9960551622400232,0.9999945318250933,0.3122119903564453,0.5060296654701233,0.1938176304101944,256,physics_motion,1,28,16,C
0.40625,0.9792069139323549,5.421875,-0.8535106087537856,-0.22164424116597453,0.8976599884946834,0.0,0.1875,1.0,0.9721115537848606,0.952191235059761,0.9083665338645418,0.8605577689243028,0.8366533864541833,0.9606639170032979,0.9810912821450517,0.4435133934020996,0.7853561639785767,0.34184277057647705,256,physics_motion,1,29,4,C
0.2734375,-1.874702039013758,5.46875,-2.3536268878712043,-0.7188390588309576,1.0519942145996661,0.014285714285714285,0.453125,1.0,0.9725490196078431,0.9372549019607843,0.9019607843137255,0.8549019607843137,0.8235294117647058,0.9584277552990209,0.9956606550106861,0.4435133934020996,0.7853561639785767,0.34184277057647705,256,physics_motion,1,29,8,C
0.2578125,-0.9259393016847868,5.94140625,0.9711243672117175,0.7032965687329766,0.8908385565233892,0.015151515151515152,0.484375,1.0,0.99609375,0.9921875,0.98828125,0.984375,0.98046875,0.9960551622400232,0.9999945318250933,0.4435133934020996,0.7853561639785767,0.34184277057647705,256,physics_motion,1,29,16,C
0.328125,-1.9525503134100222,5.85546875,0.8080060094796454,0.9853293493418014,1.0878420233368524,0.0,0.34375,1.0,0.99609375,0.9921875,0.984375,0.95703125,0.92578125,0.9819172053509685,0.8791198547682064,0.3033410310745239,0.43822041153907776,0.13487939536571503,256,physics_motion,2,0,4,C
0.26171875,-2.322481188459719,5.90625,0.657638949935227,0.612344383448593,1.1215178525156853,0.014925373134328358,0.4765625,1.0,0.99609375,0.9921875,0.984375,0.97265625,0.9609375,0.9908674187692903,0.9638326938154764,0.3033410310745239,0.43822041153907776,0.13487939536571503,256,physics_motion,2,0,8,C
0.27734375,-0.2588360583960353,5.70703125,-1.6208445844209782,-0.04489127034465989,0.8975117535256724,0.0,0.4453125,1.0,0.98828125,0.96484375,0.94140625,0.91796875,0.89453125,0.975394007573545,0.9997827560014445,0.3033410310745239,0.43822041153907776,0.13487939536571503,256,physics_motion,2,0,16,C
0.37109375,-0.34008383837171474,5.82421875,0.6882570640213801,0.9853293493418014,1.4436226255429785,0.0,0.2578125,1.0,0.99609375,0.9921875,0.9765625,0.9453125,0.9140625,0.978212707712986,0.9185146231221899,0.39642825722694397,0.7613323330879211,0.36490398645401,256,physics_motion,2,1,4,C
0.34375,0.8119728576620093,5.87890625,0.46943483507232503,0.612344383448593,0.8158444506809939,0.0,0.3125,1.0,0.99609375,0.9921875,0.984375,0.96484375,0.94140625,0.986010854940546,0.9052576574619962,0.39642825722694397,0.7613323330879211,0.36490398645401,256,physics_motion,2,1,8,C
0.33203125,1.6090530228124689,5.734375,-1.318448206730497,-1.1671730289611146,0.8686574492798705,0.0,0.3359375,1.0,0.9803921568627451,0.9647058823529412,0.9529411764705882,0.9372549019607843,0.9215686274509803,0.9848539931087458,0.9973129754760518,0.39642825722694397,0.7613323330879211,0.36490398645401,256,physics_motion,2,1,16,C
0.32421875,-2.099138174777141,5.91015625,1.0175666640316097,0.9853293493418014,1.0815320577215888,0.0,0.3515625,1.0,0.99609375,0.9921875,0.984375,0.97265625,0.96484375,0.9916716953308852,0.9748654282796898,0.29477009177207947,0.5628764629364014,0.2681064009666443,256,physics_motion,2,2,4,C
0.3203125,-0.0835854412299131,5.91015625,0.6845252520584987,0.612344383448593,0.9749363047780197,0.0,0.359375,1.0,0.99609375,0.9921875,0.984375,0.97265625,0.96484375,0.9916716953308852,0.9748654282796898,0.29477009177207947,0.5628764629364014,0.2681064009666443,256,physics_motion,2,2,8,C
0.25,-1.1927805990002873,5.89453125,0.4527305768851783,0.32920264919415837,0.8994283107452536,0.015625,0.5,1.0,0.9921875,0.984375,0.98046875,0.97265625,0.96484375,0.9932361731669301,0.9893270465499124,0.29477009177207947,0.5628764629364014,0.2681064009666443,256,physics_motion,2,2,16,C
0.36328125,-0.6332595611059524,5.75390625,0.4188219367402832,0.9853293493418014,0.9042746361246826,0.0,0.2734375,1.0,0.99609375,0.9921875,0.97265625,0.921875,0.87109375,0.9664085535115009,0.8905863447881309,0.386105477809906,0.7146033048629761,0.32849782705307007,256,physics_motion,2,3,4,C
0.2890625,-1.2776631730858097,5.80078125,-0.06829120739310916,0.612344383448593,1.0017544443132522,0.02702702702702703,0.421875,1.0,0.99609375,0.9921875,0.97265625,0.93359375,0.90625,0.9753174158896505,0.9297807375820302,0.386105477809906,0.7146033048629761,0.32849782705307007,256,physics_motion,2,3,8,C
0.2578125,-0.9259393016847868,5.85546875,0.02073575161306235,0.7032965687329766,0.8014563032601214,0.0,0.484375,1.0,0.99609375,0.9921875,0.98046875,0.95703125,0.9296875,0.9827444324769813,0.9150123953122226,0.386105477809906,0.7146033048629761,0.32849782705307007,256,physics_motion,2,3,16,C
0.37109375,-0.34008383837171474,5.82421875,0.6882570640213801,0.9853293493418014,0.9244728281105579,0.0,0.2578125,1.0,0.99609375,0.9921875,0.98046875,0.9453125,0.91015625,0.9773751956047454,0.8912191538066678,0.35224610567092896,0.6514120101928711,0.2991659641265869,256,physics_motion,2,4,4,C
0.30859375,-0.5313645906758744,5.859375,0.3350033244559665,0.612344383448593,0.8765796200344644,0.0,0.3828125,1.0,0.99609375,0.9921875,0.98046875,0.95703125,0.93359375,0.9835688836642346,0.9265088412634381,0.35224610567092896,0.6514120101928711,0.2991659641265869,256,physics_motion,2,4,8,C
0.26171875,-0.7925186530270365,5.86328125,0.10713471666748554,0.7032965687329766,0.9214307857830791,0.0,0.4765625,1.0,0.99609375,0.9921875,0.98046875,0.95703125,0.9375,0.9843905797845507,0.9363392060434227,0.35224610567092896,0.6514120101928711,0.2991659641265869,256,physics_motion,2,4,16,C
0.3828125,0.09967974572964182,5.8515625,0.7930373912973622,0.9853293493418014,0.9130700266431384,0.0,0.234375,1.0,0.99609375,0.9921875,0.9765625,0.953125,0.93359375,0.9831666876958156,0.9502234770172049,0.3493230938911438,0.5519727468490601,0.20264969766139984,256,physics_motion,2,5,4,C
0.26953125,-2.023961755495745,5.91796875,0.7382978563050421,0.612344383448593,0.8249491517770597,0.028985507246376812,0.4609375,1.0,0.99609375,0.9921875,0.984375,0.9765625,0.96875,0.9928712363302906,0.9872068398854731,0.3493230938911438,0.5519727468490601,0.20264969766139984,256,physics_motion,2,5,8,C
0.234375,-1.7264631936312886,5.62109375,-2.571233200019633,-0.7930791094222963,0.8261876839914227,0.0,0.53125,1.0,0.984313725490196,0.9647058823529412,0.9333333333333333,0.8941176470588236,0.8666666666666667,0.9674837614785049,0.9874476614347365,0.3493230938911438,0.5519727468490601,0.20264969766139984,256,physics_motion,2,5,16,C
0.3671875,-0.48667169973883356,5.94140625,1.1373156094898749,0.9853293493418014,0.9075186889327307,0.0,0.265625,1.0,0.99609375,0.9921875,0.98828125,0.984375,0.98046875,0.9960551622400232,0.9999945318250933,0.32009661197662354,0.5262117385864258,0.20611506700515747,256,physics_motion,2,6,4,C
0.28515625,-1.4269228895677968,5.9140625,0.7114115541817704,0.612344383448593,1.1321710788055082,0.0,0.4296875,1.0,0.99609375,0.9921875,0.984375,0.9765625,0.96484375,0.9920692391311882,0.9694201069828229,0.32009661197662354,0.5262117385864258,0.20611506700515747,256,physics_motion,2,6,8,C
0.3046875,0.6751084822082168,5.890625,0.4095310943579667,0.32920264919415837,1.0977331389447595,0.01282051282051282,0.390625,1.0,0.9921875,0.984375,0.98046875,0.97265625,0.9609375,0.9924306277651933,0.9690396955645754,0.32009661197662354,0.5262117385864258,0.20611506700515747,256,physics_motion,2,6,16,C
0.3515625,-1.073023145207309,5.86328125,0.8379432458442116,0.9853293493418014,0.9130788896524986,0.0,0.296875,1.0,0.99609375,0.9921875,0.984375,0.9609375,0.9296875,0.9831448178010672,0.8773747569675738,0.422904372215271,0.6498898267745972,0.22698542475700378,256,physics_motion,2,7,4,C
0.26171875,-2.322481188459719,5.91796875,0.7382978563050421,0.612344383448593,0.9349656291048876,0.0,0.4765625,1.0,0.99609375,0.9921875,0.984375,0.9765625,0.96875,0.9928712363302906,0.9872068398854731,0.422904372215271,0.6498898267745972,0.22698542475700378,256,physics_motion,2,7,8,C
0.29296875,0.2748465362349659,5.91796875,0.7119274720484479,0.7032965687329766,0.8413918198514836,0.013333333333333334,0.4140625,1.0,0.99609375,0.9921875,0.984375,0.9765625,0.96875,0.9928712363302906,0.9872068398854731,0.422904372215271,0.6498898267745972,0.22698542475700378,256,physics_motion,2,7,16,C
0.36328125,-0.6332595611059524,5.82421875,0.6882570640213801,0.9853293493418014,1.0701272348895712,0.0,0.2734375,1.0,0.99609375,0.9921875,0.9765625,0.9453125,0.9140625,0.978212707712986,0.9185146231221899,0.33149075508117676,0.5144667029380798,0.18297594785690308,256,physics_motion,2,8,4,C
0.26953125,-2.023961755495745,5.87890625,0.46943483507232503,0.612344383448593,0.984512262243885,0.0,0.4609375,1.0,0.99609375,0.9921875,0.984375,0.96484375,0.94140625,0.986010854940546,0.9052576574619962,0.33149075508117676,0.5144667029380798,0.18297594785690308,256,physics_motion,2,8,8,C
0.2734375,-0.39225670705378557,5.734375,-1.318448206730497,-1.1671730289611146,0.8939449766467782,0.014285714285714285,0.453125,1.0,0.9803921568627451,0.9647058823529412,0.9529411764705882,0.9372549019607843,0.9215686274509803,0.9848539931087458,0.9973129754760518,0.33149075508117676,0.5144667029380798,0.18297594785690308,256,physics_motion,2,8,16,C
0.34375,-1.3661988679415467,5.94140625,1.1373156094898749,0.9853293493418014,0.85318032482393,0.0,0.3125,1.0,0.99609375,0.9921875,0.98828125,0.984375,0.98046875,0.9960551622400232,0.9999945318250933,0.4458005130290985,0.7061043381690979,0.260303795337677,256,physics_motion,2,9,4,C
0.3359375,0.5134534246980352,5.921875,0.7651841584283138,0.612344383448593,0.8145827294356733,0.0,0.328125,1.0,0.99609375,0.9921875,0.984375,0.9765625,0.97265625,0.9936706506001096,0.9846095996310225,0.4458005130290985,0.7061043381690979,0.260303795337677,256,physics_motion,2,9,8,C
0.2734375,-0.39225670705378557,5.71484375,-1.534445619366555,-0.7930791094222963,0.8223433908856066,0.0,0.453125,1.0,0.984313725490196,0.9607843137254902,0.9411764705882353,0.9294117647058824,0.9215686274509803,0.983641977699437,0.9603292098471092,0.4458005130290985,0.7061043381690979,0.260303795337677,256,physics_motion,2,9,16,C
0.390625,0.39285546846387953,5.85546875,0.8080060094796454,0.9853293493418014,0.8722244646558083,0.0,0.21875,1.0,0.99609375,0.9921875,0.984375,0.95703125,0.92578125,0.9819172053509685,0.8791198547682064,0.3522932529449463,0.5342879295349121,0.18199467658996582,256,physics_motion,2,10,4,C
0.31640625,-0.23284515771190017,5.90625,0.657638949935227,0.612344383448593,0.9481895778515528,0.012345679012345678,0.3671875,1.0,0.99609375,0.9921875,0.984375,0.97265625,0.9609375,0.9908674187692903,0.9638326938154764,0.3522932529449463,0.5342879295349121,0.18199467658996582,256,physics_motion,2,10,8,C
0.2734375,-0.39225670705378557,5.7890625,-0.7136554513495348,-0.04489127034465989,0.9180313486299209,0.014285714285714285,0.453125,1.0,0.98828125,0.96875,0.953125,0.9453125,0.93359375,0.9862609646578683,0.9755113051131449,0.3522932529449463,0.5342879295349121,0.18199467658996582,256,physics_motion,2,10,16,C
0.3828125,0.09967974572964182,5.80078125,0.5984453549276811,0.9853293493418014,1.0107279981148414,0.0,0.234375,1.0,0.99609375,0.9921875,0.98046875,0.9375,0.89453125,0.9731881517361032,0.8747242110328527,0.3804081082344055,0.6332460641860962,0.2528378963470459,256,physics_motion,2,11,4,C
0.3203125,-0.0835854412299131,5.76171875,-0.3371542286258263,0.612344383448593,0.8673819910564375,0.0,0.359375,1.0,0.99609375,0.9921875,0.96875,0.921875,0.8828125,0.9689948756652392,0.9195162766563179,0.3804081082344055,0.6332460641860962,0.2528378963470459,256,physics_motion,2,11,8,C
0.28125,-0.125415409738285,5.51171875,-3.780818710781558,-4.15992438527166,0.8630188365773568,0.0,0.4375,1.0,0.9603174603174603,0.9325396825396826,0.9206349206349206,0.9007936507936508,0.8849206349206349,0.9803783203825321,0.9871575329865464,0.3804081082344055,0.6332460641860962,0.2528378963470459,256,physics_motion,2,11,16,C
0.41015625,1.1257947752994737,5.63671875,-0.030236608728211715,0.9853293493418014,0.9092195636012483,0.0,0.1796875,1.0,0.99609375,0.9921875,0.9609375,0.87890625,0.80859375,0.9475909692610317,0.890230118428577,0.5424813032150269,0.7896115779876709,0.24713028967380524,256,physics_motion,2,12,4,C
0.38671875,2.4538297389638672,5.671875,-0.9555391774610755,0.612344383448593,0.8998941711119719,0.0,0.2265625,1.0,0.99609375,0.9921875,0.9609375,0.88671875,0.8359375,0.9547593775007649,0.908659222332122,0.5424813032150269,0.7896115779876709,0.24713028967380524,256,physics_motion,2,12,8,C
0.3203125,1.208791076839218,5.81640625,-0.4112590736590536,0.7032965687329766,0.7526022981562129,0.0,0.359375,1.0,0.99609375,0.9921875,0.9765625,0.9453125,0.90625,0.9765348029637795,0.9005268297498782,0.5424813032150269,0.7896115779876709,0.24713028967380524,256,physics_motion,2,12,16,C
0.39453125,0.5394433298309984,5.73828125,0.3589474640111505,0.9853293493418014,0.7953776702103741,0.0,0.2109375,1.0,0.99609375,0.9921875,0.97265625,0.92578125,0.8515625,0.9624423515935439,0.8503010309070522,0.2771398723125458,0.49055472016334534,0.21341484785079956,256,physics_motion,2,13,4,C
0.26953125,-2.023961755495745,5.90625,0.657638949935227,0.612344383448593,1.1772536339406352,0.0,0.4609375,1.0,0.99609375,0.9921875,0.984375,0.97265625,0.9609375,0.9908674187692903,0.9638326938154764,0.2771398723125458,0.49055472016334534,0.21341484785079956,256,physics_motion,2,13,8,C
0.265625,-0.6590980043692862,5.796875,-0.6272564862951115,-0.04489127034465989,0.8277584188638615,0.0,0.46875,1.0,0.98828125,0.96875,0.953125,0.9453125,0.94140625,0.9879061130290291,0.92885436448527,0.2771398723125458,0.49055472016334534,0.21341484785079956,256,physics_motion,2,13,16,C
0.35546875,-0.9264352838401901,5.48046875,-0.6289813360195382,-0.9897183442163774,0.9643491927541734,0.0,0.2890625,1.0,0.9556451612903226,0.9395161290322581,0.9274193548387096,0.9193548387096774,0.9153225806451613,0.9892667100819698,0.9493932882864241,0.3388330042362213,0.6505793929100037,0.31174635887145996,256,physics_motion,2,14,4,C
0.328125,0.21493399173406105,5.79296875,-0.12206381163965259,-0.33850093246537166,0.8443524110695473,0.0,0.34375,1.0,0.9803921568627451,0.9647058823529412,0.9607843137254902,0.9568627450980393,0.9529411764705882,0.9935248288906151,0.8793554674677556,0.3388330042362213,0.6505793929100037,0.31174635887145996,256,physics_motion,2,14,8,C
0.3515625,2.2761562661012205,5.87109375,0.19353368172190874,-0.04489127034465989,0.9313145437279247,0.0,0.296875,1.0,0.98828125,0.9765625,0.97265625,0.96875,0.96484375,0.9944122224404172,0.926412410386198,0.3388330042362213,0.6505793929100037,0.31174635887145996,256,physics_motion,2,14,16,C
0.37109375,-0.34008383837171474,5.87890625,0.8978177185733444,0.9853293493418014,0.9104196834427517,0.0,0.2578125,1.0,0.99609375,0.9921875,0.984375,0.96484375,0.94140625,0.986010854940546,0.9052576574619962,0.3708949089050293,0.661518394947052,0.2906234860420227,256,physics_motion,2,15,4,C
0.31640625,-0.23284515771190017,5.90234375,0.6307526478119553,0.612344383448593,0.6991204862656192,0.0,0.3671875,1.0,0.99609375,0.9921875,0.984375,0.97265625,0.95703125,0.9900605224065302,0.9446746649052585,0.3708949089050293,0.661518394947052,0.2906234860420227,256,physics_motion,2,15,8,C
0.27734375,-0.2588360583960353,5.75390625,-1.102450794094439,-0.7930791094222963,0.8568026535743289,0.014084507042253521,0.4453125,1.0,0.984313725490196,0.9647058823529412,0.9490196078431372,0.9411764705882353,0.9372549019607843,0.9878077959227306,0.9288780738655886,0.3708949089050293,0.661518394947052,0.2906234860420227,256,physics_motion,2,15,16,C
0.38671875,0.24626760709676068,5.75390625,0.4188219367402832,0.9853293493418014,0.7967562359214444,0.0,0.2265625,1.0,0.99609375,0.9921875,0.97265625,0.921875,0.87109375,0.9664085535115009,0.8905863447881309,0.36393001675605774,0.5860190391540527,0.2220890372991562,256,physics_motion,2,16,4,C
0.3671875,1.7075311565539317,5.80078125,-0.06829120739310916,0.612344383448593,0.7533091783256775,0.0,0.265625,1.0,0.99609375,0.9921875,0.97265625,0.93359375,0.90625,0.9753174158896505,0.9297807375820302,0.36393001675605774,0.5860190391540527,0.2220890372991562,256,physics_motion,2,16,8,C
0.3125,0.9419497795237175,5.85546875,0.02073575161306235,0.7032965687329766,0.7609498088990699,0.0,0.375,1.0,0.99609375,0.9921875,0.98046875,0.95703125,0.9296875,0.9827444324769813,0.9150123953122226,0.36393001675605774,0.5860190391540527,0.2220890372991562,256,physics_motion,2,16,16,C
0.359375,-0.7798474224730713,5.94140625,1.1373156094898749,0.9853293493418014,0.9891540102414165,0.0,0.28125,1.0,0.99609375,0.9921875,0.98828125,0.984375,0.98046875,0.9960551622400232,0.9999945318250933,0.3634988069534302,0.7061656713485718,0.3426668047904968,256,physics_motion,2,17,4,C
0.359375,1.4090117235899577,5.921875,0.7651841584283138,0.612344383448593,0.808617732368638,0.0,0.28125,1.0,0.99609375,0.9921875,0.984375,0.9765625,0.97265625,0.9936706506001096,0.9846095996310225,0.3634988069534302,0.7061656713485718,0.3426668047904968,256,physics_motion,2,17,8,C
0.33984375,1.8758943201279696,5.703125,-1.66404406694819,-0.04489127034465989,0.7580087463052246,0.011494252873563218,0.3203125,1.0,0.98828125,0.96875,0.94140625,0.91015625,0.89453125,0.9741670056859209,0.9902121340946508,0.3634988069534302,0.7061656713485718,0.3426668047904968,256,physics_motion,2,17,16,C
0.3359375,-1.6593745906757844,5.77734375,0.5086336458339821,0.9853293493418014,0.972302344356501,0.0,0.328125,1.0,0.99609375,0.9921875,0.97265625,0.92578125,0.890625,0.9711144049698565,0.9135100237123999,0.32086437940597534,0.4977988600730896,0.17693449556827545,256,physics_motion,2,18,4,C
0.33203125,0.36419370821604813,5.72265625,-0.6060172498585433,0.612344383448593,0.7864356698798759,0.0,0.3359375,1.0,0.99609375,0.9921875,0.96875,0.91015625,0.85546875,0.961685365778222,0.894768640569094,0.32086437940597534,0.4977988600730896,0.17693449556827545,256,physics_motion,2,18,8,C
0.25390625,-1.059359950342537,5.79296875,-0.6704559688223232,0.7032965687329766,0.8777077396868865,0.0,0.4921875,1.0,0.99609375,0.9921875,0.9765625,0.93359375,0.89453125,0.9727818943571999,0.8976998034158351,0.32086437940597534,0.4977988600730896,0.17693449556827545,256,physics_motion,2,18,16,C
0.3125,-2.5389017588784974,5.85546875,0.8080060094796454,0.9853293493418014,1.1078220845748654,0.0,0.375,1.0,0.99609375,0.9921875,0.984375,0.95703125,0.92578125,0.9819172053509685,0.8791198547682064,0.3962346315383911,0.6305724382400513,0.23433779180049896,256,physics_motion,2,19,4,C
0.3203125,-0.0835854412299131,5.90625,0.657638949935227,0.612344383448593,0.796457536435586,0.012195121951219513,0.359375,1.0,0.99609375,0.9921875,0.984375,0.97265625,0.9609375,0.9908674187692903,0.9638326938154764,0.3962346315383911,0.6305724382400513,0.23433779180049896,256,physics_motion,2,19,8,C
0.2578125,-0.9259393016847868,5.70703125,-1.6208445844209782,-0.04489127034465989,1.0415301013970304,0.030303030303030304,0.484375,1.0,0.98828125,0.96484375,0.94140625,0.91796875,0.89453125,0.975394007573545,0.9997827560014445,0.3962346315383911,0.6305724382400513,0.23433779180049896,256,physics_motion,2,19,16,C
0.41015625,1.1257947752994737,5.88671875,0.9277549549379107,0.9853293493418014,0.8291258109115928,0.0,0.1796875,1.0,0.99609375,0.9921875,0.984375,0.96875,0.9453125,0.9872265658554515,0.9041172134907293,0.4776742160320282,0.7136020660400391,0.23592783510684967,256,physics_motion,2,20,4,C
0.27734375,-1.725442322531771,5.921875,0.7651841584283138,0.612344383448593,0.8702207071107232,0.014084507042253521,0.4453125,1.0,0.99609375,0.9921875,0.984375,0.9765625,0.97265625,0.9936706506001096,0.9846095996310225,0.4776742160320282,0.7136020660400391,0.23592783510684967,256,physics_motion,2,20,8,C
0.29296875,0.2748465362349659,5.65234375,-2.2256373398019407,-1.5412669484999328,0.831114913835626,0.0,0.4140625,1.0,0.9803149606299213,0.9606299212598425,0.9330708661417323,0.9133858267716536,0.9094488188976378,0.9801495444797371,0.9571103127148223,0.4776742160320282,0.7136020660400391,0.23592783510684967,256,physics_motion,2,20,16,C
0.3828125,0.09967974572964182,5.79296875,0.5685081185631148,0.9853293493418014,1.0684731352547892,0.0,0.234375,1.0,0.99609375,0.9921875,0.96875,0.9296875,0.90625,0.9749085628902111,0.9415545165109765,0.4512052536010742,0.7453025579452515,0.29409730434417725,256,physics_motion,2,21,4,C
0.3515625,1.1104922906259835,5.91015625,0.6845252520584987,0.612344383448593,0.807366087967534,0.0,0.296875,1.0,0.99609375,0.9921875,0.984375,0.97265625,0.96484375,0.9916716953308852,0.9748654282796898,0.4512052536010742,0.7453025579452515,0.29409730434417725,256,physics_motion,2,21,8,C
0.35546875,2.4095769147589707,5.91796875,0.7119274720484479,0.7032965687329766,0.866625640054574,0.01098901098901099,0.2890625,1.0,0.99609375,0.9921875,0.984375,0.9765625,0.96875,0.9928712363302906,0.9872068398854731,0.4512052536010742,0.7453025579452515,0.29409730434417725,256,physics_motion,2,21,16,C
0.33984375,-1.5127867293086656,5.85546875,0.8080060094796454,0.9853293493418014,1.09692693512892,0.0,0.3203125,1.0,0.99609375,0.9921875,0.984375,0.95703125,0.92578125,0.9819172053509685,0.8791198547682064,0.3046382963657379,0.4946916103363037,0.1900533139705658,256,physics_motion,2,22,4,C
0.2578125,-2.4717409049417065,5.90625,0.657638949935227,0.612344383448593,0.9837806764457031,0.015151515151515152,0.484375,1.0,0.99609375,0.9921875,0.984375,0.97265625,0.9609375,0.9908674187692903,0.9638326938154764,0.3046382963657379,0.4946916103363037,0.1900533139705658,256,physics_motion,2,22,8,C
0.265625,-0.6590980043692862,5.7890625,-0.7136554513495348,-0.04489127034465989,0.9056798551364603,0.0,0.46875,1.0,0.98828125,0.96875,0.953125,0.9453125,0.93359375,0.9862609646578683,0.9755113051131449,0.3046382963657379,0.4946916103363037,0.1900533139705658,256,physics_motion,2,22,16,C
0.3448275862068966,-1.325760837219582,5.857758620689655,0.8167807166899479,0.9739785005282492,1.0729776287209052,0.0,0.3103448275862069,1.0,0.9956896551724138,0.9913793103448276,0.978448275862069,0.9568965517241379,0.9353448275862069,0.9840837595079319,0.9417111898748494,0.4722149074077606,0.6960476040840149,0.2238326370716095,234,physics_motion,2,23,4,C
0.2801724137931034,-1.6173577002517123,5.913793103448276,0.7095573264491306,0.5926717217400291,0.8952549812659417,0.015384615384615385,0.4396551724137931,1.0,0.9956896551724138,0.9913793103448276,0.9827586206896551,0.9741379310344828,0.9698275862068966,0.9930066752746767,0.9846083175020199,0.4722149074077606,0.6960476040840149,0.2238326370716095,234,physics_motion,2,23,8,C
0.29017857142857145,0.17954607290800223,5.535714285714286,-3.5154504609715453,-2.3428967760831134,0.8603285937687986,0.0,0.41964285714285715,1.0,0.972972972972973,0.9504504504504504,0.9234234234234234,0.8828828828828829,0.8558558558558559,0.967514163867246,0.9881530952012721,0.4722149074077606,0.6960476040840149,0.2238326370716095,234,physics_motion,2,23,16,C
0.40234375,0.832619052565236,5.91015625,1.0175666640316097,0.9853293493418014,0.7690894275974028,0.0,0.1953125,1.0,0.99609375,0.9921875,0.984375,0.97265625,0.96484375,0.9916716953308852,0.9748654282796898,0.33664488792419434,0.6801106929779053,0.34346577525138855,256,physics_motion,2,24,4,C
0.328125,0.21493399173406105,5.91015625,0.6845252520584987,0.612344383448593,0.718590812624264,0.0,0.34375,1.0,0.99609375,0.9921875,0.984375,0.97265625,0.96484375,0.9916716953308852,0.9748654282796898,0.33664488792419434,0.6801106929779053,0.34346577525138855,256,physics_motion,2,24,8,C
0.29296875,0.2748465362349659,5.91015625,0.6255285069940247,0.7032965687329766,0.9052245233069134,0.0,0.4140625,1.0,0.99609375,0.9921875,0.984375,0.97265625,0.96484375,0.9916716953308852,0.9748654282796898,0.33664488792419434,0.6801106929779053,0.34346577525138855,256,physics_motion,2,24,16,C
0.34375,-1.3661988679415467,5.85546875,0.8080060094796454,0.9853293493418014,1.11899110563868,0.011363636363636364,0.3125,1.0,0.99609375,0.9921875,0.984375,0.95703125,0.92578125,0.9819172053509685,0.8791198547682064,0.2865746319293976,0.5066208243370056,0.22004619240760803,256,physics_motion,2,25,4,C
0.29296875,-1.1284034566038226,5.90625,0.657638949935227,0.612344383448593,1.0865439395704235,0.0,0.4140625,1.0,0.99609375,0.9921875,0.984375,0.97265625,0.9609375,0.9908674187692903,0.9638326938154764,0.2865746319293976,0.5066208243370056,0.22004619240760803,256,physics_motion,2,25,8,C
0.296875,0.40826718489271624,5.70703125,-1.6208445844209782,-0.04489127034465989,0.7889233169326407,0.0,0.40625,1.0,0.98828125,0.96484375,0.94140625,0.91796875,0.89453125,0.975394007573545,0.9997827560014445,0.2865746319293976,0.5066208243370056,0.22004619240760803,256,physics_motion,2,25,16,C
0.38671875,0.24626760709676068,5.75390625,0.4188219367402832,0.9853293493418014,0.8930131600692,0.0,0.2265625,1.0,0.99609375,0.9921875,0.9765625,0.921875,0.8671875,0.9655402605065685,0.8713202394637498,0.36246052384376526,0.6231856942176819,0.2607251703739166,256,physics_motion,2,26,4,C
0.3125,-0.3821048741938873,5.92578125,0.7920704605515856,0.612344383448593,0.8583110130930696,0.0,0.375,1.0,0.99609375,0.9921875,0.98828125,0.98046875,0.96875,0.9932676717632941,0.9364511861910951,0.36246052384376526,0.6231856942176819,0.2607251703739166,256,physics_motion,2,26,8,C
0.2578125,-0.9259393016847868,5.92578125,0.7983264371028711,0.7032965687329766,0.7604428591188408,0.0,0.484375,1.0,0.99609375,0.9921875,0.98828125,0.98046875,0.96875,0.9932676717632941,0.9364511861910951,0.36246052384376526,0.6231856942176819,0.2607251703739166,256,physics_motion,2,26,16,C
0.3671875,-0.48667169973883356,5.85546875,0.8080060094796454,0.9853293493418014,0.8821710755015792,0.0,0.265625,1.0,0.99609375,0.9921875,0.984375,0.95703125,0.92578125,0.9819172053509685,0.8791198547682064,0.35155433416366577,0.5154383182525635,0.1638840287923813,256,physics_motion,2,27,4,C
0.33203125,0.36419370821604813,5.90625,0.657638949935227,0.612344383448593,0.8914117928271194,0.0,0.3359375,1.0,0.99609375,0.9921875,0.984375,0.97265625,0.9609375,0.9908674187692903,0.9638326938154764,0.35155433416366577,0.5154383182525635,0.1638840287923813,256,physics_motion,2,27,8,C
0.2890625,0.14142588757721564,5.70703125,-1.6208445844209782,-0.04489127034465989,0.9761639206608693,0.013513513513513514,0.421875,1.0,0.98828125,0.96484375,0.94140625,0.91796875,0.89453125,0.975394007573545,0.9997827560014445,0.35155433416366577,0.5154383182525635,0.1638840287923813,256,physics_motion,2,27,16,C
0.2734375,-4.004780372549686,5.94140625,1.1373156094898749,0.9853293493418014,1.2305588085163301,0.0,0.453125,1.0,0.99609375,0.9921875,0.98828125,0.984375,0.98046875,0.9960551622400232,0.9999945318250933,0.3334551453590393,0.5458070635795593,0.21235188841819763,256,physics_motion,2,28,4,C
0.328125,0.21493399173406105,5.91796875,0.7382978563050421,0.612344383448593,0.8774690731295742,0.0,0.34375,1.0,0.99609375,0.9921875,0.984375,0.9765625,0.96875,0.9928712363302906,0.9872068398854731,0.3334551453590393,0.5458070635795593,0.21235188841819763,256,physics_motion,2,28,8,C
0.26953125,-0.5256773557115358,5.9140625,0.6687279895212362,0.7032965687329766,0.8571566799227588,0.0,0.4609375,1.0,0.99609375,0.9921875,0.984375,0.9765625,0.96484375,0.9920692391311882,0.9694201069828229,0.3334551453590393,0.5458070635795593,0.21235188841819763,256,physics_motion,2,28,16,C
0.34765625,-1.219611006574428,5.85546875,0.8080060094796454,0.9853293493418014,1.0870471901705183,0.0,0.3046875,1.0,0.99609375,0.9921875,0.984375,0.95703125,0.92578125,0.9819172053509685,0.8791198547682064,0.34633535146713257,0.5234612226486206,0.17712588608264923,256,physics_motion,2,29,4,C
0.296875,-0.9791437401218356,5.90625,0.657638949935227,0.612344383448593,0.8445407785174595,0.0,0.40625,1.0,0.99609375,0.9921875,0.984375,0.97265625,0.9609375,0.9908674187692903,0.9638326938154764,0.34633535146713257,0.5234612226486206,0.17712588608264923,256,physics_motion,2,29,8,C
0.32421875,1.3422117254969683,5.70703125,-1.6208445844209782,-0.04489127034465989,0.8038499590563171,0.0,0.3515625,1.0,0.98828125,0.96484375,0.94140625,0.91796875,0.89453125,0.975394007573545,0.9997827560014445,0.34633535146713257,0.5234612226486206,0.17712588608264923,256,physics_motion,2,29,16,C
0.3828125,0.09967974572964182,5.83203125,0.7181943003859463,0.9853293493418014,0.8700151600817727,0.0,0.234375,1.0,0.99609375,0.9921875,0.98046875,0.94921875,0.9140625,0.9786161781523944,0.8918735054652174,0.34203627705574036,0.4541639983654022,0.11212770640850067,256,math_pythag,0,0,4,C
0.3046875,-0.6806243071578614,5.828125,0.1199129074697928,0.612344383448593,0.9462842882635006,0.0,0.390625,1.0,0.99609375,0.9921875,0.98046875,0.94921875,0.91015625,0.9777783206066273,0.8819403798419382,0.34203627705574036,0.4541639983654022,0.11212770640850067,256,math_pythag,0,0,8,C
0.29296875,0.2748465362349659,5.8515625,-0.022463730914149244,0.7032965687329766,0.9630599105243168,0.02666666666666667,0.4140625,1.0,0.99609375,0.98828125,0.97265625,0.953125,0.94140625,0.9851952356422184,0.9826489635963597,0.34203627705574036,0.4541639983654022,0.11212770640850067,256,math_pythag,0,0,16,C
0.41015625,1.1257947752994737,5.83203125,0.7181943003859463,0.9853293493418014,0.8977367774242415,0.0,0.1796875,1.0,0.99609375,0.9921875,0.98046875,0.94921875,0.9140625,0.9786161781523944,0.8918735054652174,0.3463694155216217,0.5246956944465637,0.1783262938261032,256,math_pythag,0,1,4,C
0.3359375,0.5134534246980352,5.828125,0.1199129074697928,0.612344383448593,1.011770725016295,0.011627906976744186,0.328125,1.0,0.99609375,0.9921875,0.98046875,0.94921875,0.91015625,0.9777783206066273,0.8819403798419382,0.3463694155216217,0.5246956944465637,0.1783262938261032,256,math_pythag,0,1,8,C
0.27734375,-0.2588360583960353,5.8515625,-0.022463730914149244,0.7032965687329766,0.749186225180362,0.014084507042253521,0.4453125,1.0,0.99609375,0.98828125,0.97265625,0.953125,0.94140625,0.9851952356422184,0.9826489635963597,0.3463694155216217,0.5246956944465637,0.1783262938261032,256,math_pythag,0,1,16,C
0.390625,0.39285546846387953,5.89453125,0.957692191302477,0.9853293493418014,0.9087462088675515,0.0,0.21875,1.0,0.99609375,0.9921875,0.984375,0.96875,0.953125,0.9888529775857997,0.9400957142937522,0.3618474304676056,0.5716594457626343,0.2098119854927063,256,math_pythag,0,2,4,C
0.3828125,2.30457002248188,5.9296875,0.8189567626748573,0.612344383448593,0.8788537989904807,0.01020408163265306,0.234375,1.0,0.99609375,0.9921875,0.98828125,0.98046875,0.97265625,0.9940674052246967,0.9687840401147957,0.3618474304676056,0.5716594457626343,0.2098119854927063,256,math_pythag,0,2,8,C
0.23828125,-1.5930425449735384,5.921875,0.7551269545756595,0.7032965687329766,0.7541077243587714,0.01639344262295082,0.5234375,1.0,0.99609375,0.9921875,0.984375,0.9765625,0.97265625,0.9936706506001096,0.9846095996310225,0.3618474304676056,0.5716594457626343,0.2098119854927063,256,math_pythag,0,2,16,C
0.3359375,-1.6593745906757844,5.83203125,0.7181943003859463,0.9853293493418014,0.83746255242686,0.0,0.328125,1.0,0.99609375,0.9921875,0.98046875,0.94921875,0.9140625,0.9786161781523944,0.8918735054652174,0.4272187352180481,0.5824718475341797,0.1552530974149704,256,math_pythag,0,3,4,C
0.296875,-0.9791437401218356,5.84375,0.22745811596287965,0.612344383448593,0.9901082928672031,0.0,0.40625,1.0,0.99609375,0.9921875,0.98046875,0.953125,0.921875,0.9806860000040692,0.9025762475045835,0.4272187352180481,0.5824718475341797,0.1552530974149704,256,math_pythag,0,3,8,C
0.2265625,-1.9933044909467892,5.8515625,-0.022463730914149244,0.7032965687329766,0.9780915653957081,0.05172413793103448,0.546875,1.0,0.99609375,0.98828125,0.97265625,0.953125,0.94140625,0.9851952356422184,0.9826489635963597,0.4272187352180481,0.5824718475341797,0.1552530974149704,256,math_pythag,0,3,16,C
0.39453125,0.5394433298309984,5.79296875,0.5685081185631148,0.9853293493418014,0.8660091077170007,0.0,0.2109375,1.0,0.99609375,0.9921875,0.98046875,0.9375,0.88671875,0.971482289970553,0.8600245891383596,0.2718656063079834,0.3494407832622528,0.07757516205310822,256,math_pythag,0,4,4,C
0.3671875,1.7075311565539317,5.8359375,0.17368551171633623,0.612344383448593,0.8838834764831844,0.0,0.265625,1.0,0.99609375,0.9921875,0.98046875,0.953125,0.9140625,0.9790181570146227,0.8800827590509988,0.2718656063079834,0.3494407832622528,0.07757516205310822,256,math_pythag,0,4,8,C
0.30859375,0.8085291308659671,5.8515625,-0.022463730914149244,0.7032965687329766,1.0033862665992592,0.012658227848101266,0.3828125,1.0,0.99609375,0.98828125,0.97265625,0.953125,0.94140625,0.9851952356422184,0.9826489635963597,0.2718656063079834,0.3494407832622528,0.07757516205310822,256,math_pythag,0,4,16,C
0.3671875,-0.48667169973883356,5.83203125,0.7181943003859463,0.9853293493418014,0.943462223802276,0.0,0.265625,1.0,0.99609375,0.9921875,0.98046875,0.94921875,0.9140625,0.9786161781523944,0.8918735054652174,0.43587666749954224,0.649772584438324,0.21389593183994293,256,math_pythag,0,5,4,C
0.34375,0.8119728576620093,5.84375,0.22745811596287965,0.612344383448593,0.7998599877478558,0.0,0.3125,1.0,0.99609375,0.9921875,0.98046875,0.953125,0.921875,0.9806860000040692,0.9025762475045835,0.43587666749954224,0.649772584438324,0.21389593183994293,256,math_pythag,0,5,8,C
0.34375,2.00931496878572,5.8515625,-0.022463730914149244,0.7032965687329766,0.7643868136175991,0.0,0.3125,1.0,0.99609375,0.98828125,0.97265625,0.953125,0.94140625,0.9851952356422184,0.9826489635963597,0.43587666749954224,0.649772584438324,0.21389593183994293,256,math_pythag,0,5,16,C
0.38671875,0.24626760709676068,5.83203125,0.7181943003859463,0.9853293493418014,0.9086339834474333,0.0,0.2265625,1.0,0.99609375,0.9921875,0.98046875,0.94921875,0.9140625,0.9786161781523944,0.8918735054652174,0.2733745574951172,0.38576215505599976,0.11238759756088257,256,math_pythag,0,6,4,C
0.296875,-0.9791437401218356,5.8671875,0.3887759287025099,0.612344383448593,1.2425779653607252,0.0,0.40625,1.0,0.99609375,0.9921875,0.98046875,0.9609375,0.9375,0.9847916357745814,0.9294485735052378,0.2733745574951172,0.38576215505599976,0.11238759756088257,256,math_pythag,0,6,8,C
0.24609375,-1.3262012476580378,5.84375,-0.10886269596857244,0.7032965687329766,0.8255008255012383,0.031746031746031744,0.5078125,1.0,0.99609375,0.98828125,0.97265625,0.953125,0.93359375,0.9835546016631224,0.9751165950469018,0.2733745574951172,0.38576215505599976,0.11238759756088257,256,math_pythag,0,6,16,C
0.35546875,-0.9264352838401901,5.83203125,0.7181943003859463,0.9853293493418014,0.9134412953222556,0.01098901098901099,0.2890625,1.0,0.99609375,0.9921875,0.98046875,0.94921875,0.9140625,0.9786161781523944,0.8918735054652174,0.3225448429584503,0.4472602903842926,0.12471545487642288,256,math_pythag,0,7,4,C
0.328125,0.21493399173406105,5.828125,0.1199129074697928,0.612344383448593,0.9477387499648533,0.011904761904761904,0.34375,1.0,0.99609375,0.9921875,0.98046875,0.94921875,0.91015625,0.9777783206066273,0.8819403798419382,0.3225448429584503,0.4472602903842926,0.12471545487642288,256,math_pythag,0,7,8,C
0.26171875,-0.7925186530270365,5.8515625,-0.022463730914149244,0.7032965687329766,0.9452209386967787,0.0,0.4765625,1.0,0.99609375,0.98828125,0.97265625,0.953125,0.94140625,0.9851952356422184,0.9826489635963597,0.3225448429584503,0.4472602903842926,0.12471545487642288,256,math_pythag,0,7,16,C
0.43359375,2.005321943502187,5.51171875,-0.5092323905612729,0.21725524629139856,0.8092036181498589,0.0,0.1328125,1.0,0.9802371541501976,0.9683794466403162,0.9407114624505929,0.8774703557312253,0.8102766798418972,0.9531892265035768,0.9108637092771794,0.3913523256778717,0.5741872191429138,0.1828349232673645,256,math_pythag,0,8,4,C
0.33984375,0.6627131411800223,5.84375,0.22745811596287965,0.612344383448593,0.9698026028187684,0.0,0.3203125,1.0,0.99609375,0.9921875,0.98046875,0.953125,0.921875,0.9806860000040692,0.9025762475045835,0.3913523256778717,0.5741872191429138,0.1828349232673645,256,math_pythag,0,8,8,C
0.25390625,-1.059359950342537,5.8515625,-0.022463730914149244,0.7032965687329766,0.874857702715133,0.015384615384615385,0.4921875,1.0,0.99609375,0.98828125,0.97265625,0.953125,0.94140625,0.9851952356422184,0.9826489635963597,0.3913523256778717,0.5741872191429138,0.1828349232673645,256,math_pythag,0,8,16,C
0.375,-0.1934959770045959,5.83203125,0.7181943003859463,0.9853293493418014,0.9607758728120612,0.0,0.25,1.0,0.99609375,0.9921875,0.98046875,0.94921875,0.9140625,0.9786161781523944,0.8918735054652174,0.28644970059394836,0.4460848271846771,0.15963512659072876,256,math_pythag,0,9,4,C
0.2578125,-2.4717409049417065,5.8671875,0.3887759287025099,0.612344383448593,0.9323325825320575,0.0,0.484375,1.0,0.99609375,0.9921875,0.98046875,0.9609375,0.9375,0.9847916357745814,0.9294485735052378,0.28644970059394836,0.4460848271846771,0.15963512659072876,256,math_pythag,0,9,8,C
0.29296875,0.2748465362349659,5.84375,-0.10886269596857244,0.7032965687329766,0.7413867484005049,0.0,0.4140625,1.0,0.99609375,0.98828125,0.97265625,0.953125,0.93359375,0.9835546016631224,0.9751165950469018,0.28644970059394836,0.4460848271846771,0.15963512659072876,256,math_pythag,0,9,16,C
0.38671875,0.24626760709676068,5.83203125,0.7181943003859463,0.9853293493418014,0.907105721976701,0.0,0.2265625,1.0,0.99609375,0.9921875,0.98046875,0.94921875,0.9140625,0.9786161781523944,0.8918735054652174,0.3886036276817322,0.5549366474151611,0.16633300483226776,256,math_pythag,0,10,4,C
0.3671875,1.7075311565539317,5.84375,0.22745811596287965,0.612344383448593,0.8625172462043876,0.0,0.265625,1.0,0.99609375,0.9921875,0.98046875,0.953125,0.921875,0.9806860000040692,0.9025762475045835,0.3886036276817322,0.5549366474151611,0.16633300483226776,256,math_pythag,0,10,8,C
0.2890625,0.14142588757721564,5.8515625,-0.022463730914149244,0.7032965687329766,0.8799672433204241,0.0,0.421875,1.0,0.99609375,0.98828125,0.97265625,0.953125,0.94140625,0.9851952356422184,0.9826489635963597,0.3886036276817322,0.5549366474151611,0.16633300483226776,256,math_pythag,0,10,16,C
0.3671875,-0.48667169973883356,5.83203125,0.7181943003859463,0.9853293493418014,0.9441766214154752,0.0,0.265625,1.0,0.99609375,0.9921875,0.98046875,0.94921875,0.9140625,0.9786161781523944,0.8918735054652174,0.4613174498081207,0.6934881210327148,0.2321706861257553,256,math_pythag,0,11,4,C
0.32421875,0.06567427525207398,5.84375,0.22745811596287965,0.612344383448593,1.0670180764364996,0.024096385542168676,0.3515625,1.0,0.99609375,0.9921875,0.98046875,0.953125,0.921875,0.9806860000040692,0.9025762475045835,0.4613174498081207,0.6934881210327148,0.2321706861257553,256,math_pythag,0,11,8,C
0.2421875,-1.459621896315788,5.8515625,-0.022463730914149244,0.7032965687329766,0.9664473868291255,0.0,0.515625,1.0,0.99609375,0.98828125,0.97265625,0.953125,0.94140625,0.9851952356422184,0.9826489635963597,0.4613174498081207,0.6934881210327148,0.2321706861257553,256,math_pythag,0,11,16,C
0.375,-0.1934959770045959,5.820833333333334,0.6752842615967363,0.9780143578841789,0.9288309818911612,0.0,0.25,1.0,0.9958333333333333,0.9916666666666667,0.9791666666666666,0.9458333333333333,0.9083333333333333,0.9771395876022987,0.891518897425652,0.5146848559379578,0.6484325528144836,0.13374768197536469,243,math_pythag,0,12,4,C
0.2833333333333333,-1.4965774239260576,5.8625,0.35651236615458265,0.5996664459030743,0.8850572141716034,0.0,0.43333333333333335,1.0,0.9958333333333333,0.9916666666666667,0.9791666666666666,0.9583333333333334,0.9375,0.9846276137283438,0.9418125272020066,0.5146848559379578,0.6484325528144836,0.13374768197536469,243,math_pythag,0,12,8,C
0.32083333333333336,1.2265804966602523,5.841666666666667,-0.13190241998308397,0.6783569740970568,0.7889878300353749,0.0,0.35833333333333334,1.0,0.9958333333333333,0.9875,0.9708333333333333,0.95,0.9375,0.9841823528486736,0.9825893091428556,0.5146848559379578,0.6484325528144836,0.13374768197536469,243,math_pythag,0,12,16,C
0.37109375,-0.34008383837171474,5.83203125,0.7181943003859463,0.9853293493418014,1.0967679577862224,0.0,0.2578125,1.0,0.99609375,0.9921875,0.98046875,0.94921875,0.9140625,0.9786161781523944,0.8918735054652174,0.3938736915588379,0.5446641445159912,0.1507904827594757,256,math_pythag,0,13,4,C
0.36328125,1.5582714400719448,5.84375,0.22745811596287965,0.612344383448593,0.9650202070423188,0.0,0.2734375,1.0,0.99609375,0.9921875,0.98046875,0.953125,0.921875,0.9806860000040692,0.9025762475045835,0.3938736915588379,0.5446641445159912,0.1507904827594757,256,math_pythag,0,13,8,C
0.2578125,-0.9259393016847868,5.8515625,-0.022463730914149244,0.7032965687329766,0.8704022058795576,0.0,0.484375,1.0,0.99609375,0.98828125,0.97265625,0.953125,0.94140625,0.9851952356422184,0.9826489635963597,0.3938736915588379,0.5446641445159912,0.1507904827594757,256,math_pythag,0,13,16,C
0.390625,0.39285546846387953,5.83203125,0.7181943003859463,0.9853293493418014,1.0130517113049595,0.0,0.21875,1.0,0.99609375,0.9921875,0.98046875,0.94921875,0.9140625,0.9786161781523944,0.8918735054652174,0.3262503147125244,0.49035942554473877,0.16410908102989197,256,math_pythag,0,14,4,C
0.3125,-0.3821048741938873,5.87109375,0.41566223082578163,0.612344383448593,1.0905264783580453,0.0,0.375,1.0,0.99609375,0.9921875,0.98046875,0.9609375,0.94140625,0.9856109311143729,0.9419953113988291,0.3262503147125244,0.49035942554473877,0.16410908102989197,256,math_pythag,0,14,8,C
0.2890625,0.14142588757721564,5.8515625,-0.022463730914149244,0.7032965687329766,0.8522347094550891,0.0,0.421875,1.0,0.99609375,0.98828125,0.97265625,0.953125,0.94140625,0.9851952356422184,0.9826489635963597,0.3262503147125244,0.49035942554473877,0.16410908102989197,256,math_pythag,0,14,16,C
0.390625,0.39285546846387953,5.83203125,0.7181943003859463,0.9853293493418014,0.8669677261448683,0.0,0.21875,1.0,0.99609375,0.9921875,0.98046875,0.94921875,0.9140625,0.9786161781523944,0.8918735054652174,0.39232656359672546,0.542448878288269,0.1501222401857376,256,math_pythag,0,15,4,C
0.2890625,-1.2776631730858097,5.87109375,0.41566223082578163,0.612344383448593,0.8576992479884776,0.013513513513513514,0.421875,1.0,0.99609375,0.9921875,0.98046875,0.9609375,0.94140625,0.9856109311143729,0.9419953113988291,0.39232656359672546,0.542448878288269,0.1501222401857376,256,math_pythag,0,15,8,C
0.24609375,-1.3262012476580378,5.8515625,-0.022463730914149244,0.7032965687329766,0.9374689328185762,0.0,0.5078125,1.0,0.99609375,0.98828125,0.97265625,0.953125,0.94140625,0.9851952356422184,0.9826489635963597,0.39232656359672546,0.542448878288269,0.1501222401857376,256,math_pythag,0,15,16,C
0.3828125,0.09967974572964182,5.83203125,0.7181943003859463,0.9853293493418014,0.8181147751347518,0.0,0.234375,1.0,0.99609375,0.9921875,0.98046875,0.94921875,0.9140625,0.9786161781523944,0.8918735054652174,0.36493009328842163,0.542504072189331,0.1775740087032318,256,math_pythag,0,16,4,C
0.35546875,1.2597520071079706,5.84375,0.22745811596287965,0.612344383448593,0.789655301909924,0.0,0.2890625,1.0,0.99609375,0.9921875,0.98046875,0.953125,0.921875,0.9806860000040692,0.9025762475045835,0.36493009328842163,0.542504072189331,0.1775740087032318,256,math_pythag,0,16,8,C
0.28515625,0.008005238919465321,5.8515625,-0.022463730914149244,0.7032965687329766,0.9504336588806327,0.0,0.4296875,1.0,0.99609375,0.98828125,0.97265625,0.953125,0.94140625,0.9851952356422184,0.9826489635963597,0.36493009328842163,0.542504072189331,0.1775740087032318,256,math_pythag,0,16,16,C
0.37109375,-0.34008383837171474,5.83203125,0.7181943003859463,0.9853293493418014,0.923356770877817,0.0,0.2578125,1.0,0.99609375,0.9921875,0.98046875,0.94921875,0.9140625,0.9786161781523944,0.8918735054652174,0.3431129455566406,0.5245512127876282,0.18143822252750397,256,math_pythag,0,17,4,C
0.30078125,-0.8298840236398485,5.84375,0.22745811596287965,0.612344383448593,0.958955185759284,0.012987012987012988,0.3984375,1.0,0.99609375,0.9921875,0.98046875,0.953125,0.921875,0.9806860000040692,0.9025762475045835,0.3431129455566406,0.5245512127876282,0.18143822252750397,256,math_pythag,0,17,8,C
0.27734375,-0.2588360583960353,5.8515625,-0.022463730914149244,0.7032965687329766,0.786051608365517,0.014084507042253521,0.4453125,1.0,0.99609375,0.98828125,0.97265625,0.953125,0.94140625,0.9851952356422184,0.9826489635963597,0.3431129455566406,0.5245512127876282,0.18143822252750397,256,math_pythag,0,17,16,C
0.34765625,-1.219611006574428,5.83203125,0.7181943003859463,0.9853293493418014,0.9636432467844604,0.0,0.3046875,1.0,0.99609375,0.9921875,0.98046875,0.94921875,0.9140625,0.9786161781523944,0.8918735054652174,0.41853928565979004,0.5359177589416504,0.11737851798534393,256,math_pythag,0,18,4,C
0.28515625,-1.4269228895677968,5.84375,0.22745811596287965,0.612344383448593,0.759515075660078,0.0,0.4296875,1.0,0.99609375,0.9921875,0.98046875,0.953125,0.921875,0.9806860000040692,0.9025762475045835,0.41853928565979004,0.5359177589416504,0.11737851798534393,256,math_pythag,0,18,8,C
0.23828125,-1.5930425449735384,5.8515625,-0.022463730914149244,0.7032965687329766,0.8846082852995136,0.01639344262295082,0.5234375,1.0,0.99609375,0.98828125,0.97265625,0.953125,0.94140625,0.9851952356422184,0.9826489635963597,0.41853928565979004,0.5359177589416504,0.11737851798534393,256,math_pythag,0,18,16,C
0.40625,0.9792069139323549,5.875,0.8828491003910611,0.9853293493418014,0.8410540579315826,0.0,0.1875,1.0,0.99609375,0.9921875,0.98046875,0.9609375,0.9453125,0.9864275112996502,0.9518953996653203,0.4168299436569214,0.5481195449829102,0.13128963112831116,256,math_pythag,0,19,4,C
0.33203125,0.36419370821604813,5.9296875,0.8189567626748573,0.612344383448593,0.8475975309423966,0.0,0.3359375,1.0,0.99609375,0.9921875,0.98828125,0.98046875,0.97265625,0.9940674052246967,0.9687840401147957,0.4168299436569214,0.5481195449829102,0.13128963112831116,256,math_pythag,0,19,8,C
0.28515625,0.008005238919465321,5.9296875,0.8415259196300827,0.7032965687329766,0.9109682632674683,0.0,0.4296875,1.0,0.99609375,0.9921875,0.98828125,0.98046875,0.97265625,0.9940674052246967,0.9687840401147957,0.4168299436569214,0.5481195449829102,0.13128963112831116,256,math_pythag,0,19,16,C
0.390625,0.39285546846387953,5.83203125,0.7181943003859463,0.9853293493418014,0.7631367528729212,0.0,0.21875,1.0,0.99609375,0.9921875,0.98046875,0.94921875,0.9140625,0.9786161781523944,0.8918735054652174,0.3673800230026245,0.5001876354217529,0.1328076422214508,256,math_pythag,0,20,4,C
0.390625,2.603089455445854,5.8125,0.012367698976705964,0.612344383448593,0.9922580542163034,0.0,0.21875,1.0,0.99609375,0.9921875,0.98046875,0.9453125,0.8984375,0.9748452862611275,0.8644940501205011,0.3673800230026245,0.5001876354217529,0.1328076422214508,256,math_pythag,0,20,8,C
0.3125,0.9419497795237175,5.8515625,-0.022463730914149244,0.7032965687329766,0.9347230381028925,0.0125,0.375,1.0,0.99609375,0.98828125,0.97265625,0.953125,0.94140625,0.9851952356422184,0.9826489635963597,0.3673800230026245,0.5001876354217529,0.1328076422214508,256,math_pythag,0,20,16,C
0.3515625,-1.073023145207309,5.79296875,0.5685081185631148,0.9853293493418014,0.9436640112352206,0.0,0.296875,1.0,0.99609375,0.9921875,0.98046875,0.9375,0.88671875,0.971482289970553,0.8600245891383596,0.34040918946266174,0.4241708517074585,0.08376167714595795,256,math_pythag,0,21,4,C
0.328125,0.21493399173406105,5.8359375,0.17368551171633623,0.612344383448593,0.934670187865588,0.0,0.34375,1.0,0.99609375,0.9921875,0.98046875,0.953125,0.9140625,0.9790181570146227,0.8800827590509988,0.34040918946266174,0.4241708517074585,0.08376167714595795,256,math_pythag,0,21,8,C
0.25390625,-1.059359950342537,5.8515625,-0.022463730914149244,0.7032965687329766,0.8719708679206495,0.03076923076923077,0.4921875,1.0,0.99609375,0.98828125,0.97265625,0.953125,0.94140625,0.9851952356422184,0.9826489635963597,0.34040918946266174,0.4241708517074585,0.08376167714595795,256,math_pythag,0,21,16,C
0.39453125,0.5394433298309984,5.83203125,0.7181943003859463,0.9853293493418014,0.8114362082648559,0.0,0.2109375,1.0,0.99609375,0.9921875,0.98046875,0.94921875,0.9140625,0.9786161781523944,0.8918735054652174,0.4001404047012329,0.5445482730865479,0.14440788328647614,256,math_pythag,0,22,4,C
0.33203125,0.36419370821604813,5.84375,0.22745811596287965,0.612344383448593,0.8869799465237459,0.0,0.3359375,1.0,0.99609375,0.9921875,0.98046875,0.953125,0.921875,0.9806860000040692,0.9025762475045835,0.4001404047012329,0.5445482730865479,0.14440788328647614,256,math_pythag,0,22,8,C
0.30078125,0.5416878335504666,5.8515625,-0.022463730914149244,0.7032965687329766,1.0145316009643766,0.0,0.3984375,1.0,0.99609375,0.98828125,0.97265625,0.953125,0.94140625,0.9851952356422184,0.9826489635963597,0.4001404047012329,0.5445482730865479,0.14440788328647614,256,math_pythag,0,22,16,C
0.453125,2.7382612503377812,5.78125,0.5236022640162653,0.9853293493418014,0.7869231707377317,0.0,0.09375,1.0,0.99609375,0.9921875,0.9765625,0.93359375,0.8828125,0.9702196588622026,0.8768414209697359,0.4017389416694641,0.5752264261245728,0.17348745465278625,256,math_pythag,0,23,4,C
0.3125,-0.3821048741938873,5.84375,0.22745811596287965,0.612344383448593,0.8408361400479063,0.0125,0.375,1.0,0.99609375,0.9921875,0.98046875,0.953125,0.921875,0.9806860000040692,0.9025762475045835,0.4017389416694641,0.5752264261245728,0.17348745465278625,256,math_pythag,0,23,8,C
0.30078125,0.5416878335504666,5.8515625,-0.022463730914149244,0.7032965687329766,0.9445083377080375,0.0,0.3984375,1.0,0.99609375,0.98828125,0.97265625,0.953125,0.94140625,0.9851952356422184,0.9826489635963597,0.4017389416694641,0.5752264261245728,0.17348745465278625,256,math_pythag,0,23,16,C
0.390625,0.39285546846387953,5.875,0.8828491003910611,0.9853293493418014,0.840787774571947,0.0,0.21875,1.0,0.99609375,0.9921875,0.98046875,0.9609375,0.9453125,0.9864275112996502,0.9518953996653203,0.3501715064048767,0.4961795210838318,0.14600804448127747,256,math_pythag,0,24,4,C
0.30859375,-0.5313645906758744,5.9296875,0.8189567626748573,0.612344383448593,0.9781942547367573,0.0,0.3828125,1.0,0.99609375,0.9921875,0.98828125,0.98046875,0.97265625,0.9940674052246967,0.9687840401147957,0.3501715064048767,0.4961795210838318,0.14600804448127747,256,math_pythag,0,24,8,C
0.2578125,-0.9259393016847868,5.9296875,0.8415259196300827,0.7032965687329766,0.9653342124604746,0.0,0.484375,1.0,0.99609375,0.9921875,0.98828125,0.98046875,0.97265625,0.9940674052246967,0.9687840401147957,0.3501715064048767,0.4961795210838318,0.14600804448127747,256,math_pythag,0,24,16,C
0.421875,1.5655583594008304,5.83203125,0.7181943003859463,0.9853293493418014,0.822028610570328,0.0,0.15625,1.0,0.99609375,0.9921875,0.98046875,0.94921875,0.9140625,0.9786161781523944,0.8918735054652174,0.3857309818267822,0.5583251714706421,0.17259420454502106,256,math_pythag,0,25,4,C
0.30859375,-0.5313645906758744,5.84375,0.22745811596287965,0.612344383448593,0.827887523119602,0.0,0.3828125,1.0,0.99609375,0.9921875,0.98046875,0.953125,0.921875,0.9806860000040692,0.9025762475045835,0.3857309818267822,0.5583251714706421,0.17259420454502106,256,math_pythag,0,25,8,C
0.23046875,-1.859883842289039,5.8515625,-0.022463730914149244,0.7032965687329766,0.9207833040694631,0.01694915254237288,0.5390625,1.0,0.99609375,0.98828125,0.97265625,0.953125,0.94140625,0.9851952356422184,0.9826489635963597,0.3857309818267822,0.5583251714706421,0.17259420454502106,256,math_pythag,0,25,16,C
0.375,-0.1934959770045959,5.83203125,0.7181943003859463,0.9853293493418014,0.8912043840269216,0.0,0.25,1.0,0.99609375,0.9921875,0.98046875,0.94921875,0.9140625,0.9786161781523944,0.8918735054652174,0.38647496700286865,0.6000442504882812,0.2135692536830902,256,math_pythag,0,26,4,C
0.30078125,-0.8298840236398485,5.87109375,0.41566223082578163,0.612344383448593,0.9509237614025638,0.012987012987012988,0.3984375,1.0,0.99609375,0.9921875,0.98046875,0.9609375,0.94140625,0.9856109311143729,0.9419953113988291,0.38647496700286865,0.6000442504882812,0.2135692536830902,256,math_pythag,0,26,8,C
0.203125,-2.7938283828932913,5.8515625,-0.022463730914149244,0.7032965687329766,0.8908243373415434,0.019230769230769232,0.59375,1.0,0.99609375,0.98828125,0.97265625,0.953125,0.94140625,0.9851952356422184,0.9826489635963597,0.38647496700286865,0.6000442504882812,0.2135692536830902,256,math_pythag,0,26,16,C
0.40234375,0.832619052565236,5.83203125,0.7181943003859463,0.9853293493418014,0.8204279656016009,0.0,0.1953125,1.0,0.99609375,0.9921875,0.98046875,0.94921875,0.9140625,0.9786161781523944,0.8918735054652174,0.3225540518760681,0.46365416049957275,0.14110009372234344,256,math_pythag,0,27,4,C
0.33203125,0.36419370821604813,5.84375,0.22745811596287965,0.612344383448593,0.8972430870571687,0.0,0.3359375,1.0,0.99609375,0.9921875,0.98046875,0.953125,0.921875,0.9806860000040692,0.9025762475045835,0.3225540518760681,0.46365416049957275,0.14110009372234344,256,math_pythag,0,27,8,C
0.2265625,-1.9933044909467892,5.8515625,-0.022463730914149244,0.7032965687329766,0.8332728482428284,0.017241379310344827,0.546875,1.0,0.99609375,0.98828125,0.97265625,0.953125,0.94140625,0.9851952356422184,0.9826489635963597,0.3225540518760681,0.46365416049957275,0.14110009372234344,256,math_pythag,0,27,16,C
0.359375,-0.7798474224730713,5.776041666666667,0.5036441064398889,0.948754392053686,0.9394702316239548,0.0,0.28125,1.0,0.9947916666666666,0.9895833333333334,0.9739583333333334,0.9322916666666666,0.8854166666666666,0.9711650702990489,0.8900711896531501,0.41008999943733215,0.5513372421264648,0.14124718308448792,195,math_pythag,0,28,4,C
0.2916666666666667,-1.1781566954311509,5.822916666666667,0.0840645046387659,0.5489546957209935,0.9127496606419819,0.0,0.4166666666666667,1.0,0.9947916666666666,0.9895833333333334,0.9739583333333334,0.9479166666666666,0.9166666666666666,0.9795523228469225,0.928252994650224,0.41008999943733215,0.5513372421264648,0.14124718308448792,195,math_pythag,0,28,8,C
0.2604166666666667,-0.8369922025796193,5.791666666666667,-0.6848557963313905,0.578598595553367,0.6680743763252956,0.02,0.4791666666666667,1.0,0.9947916666666666,0.984375,0.9635416666666666,0.9375,0.9114583333333334,0.977871989846565,0.9743136640775437,0.41008999943733215,0.5513372421264648,0.14124718308448792,195,math_pythag,0,28,16,C
0.375,-0.1934959770045959,5.79296875,0.5685081185631148,0.9853293493418014,0.9199680364259152,0.0,0.25,1.0,0.99609375,0.9921875,0.98046875,0.9375,0.88671875,0.971482289970553,0.8600245891383596,0.27765941619873047,0.42011749744415283,0.14245808124542236,256,math_pythag,0,29,4,C
0.3125,-0.3821048741938873,5.8359375,0.17368551171633623,0.612344383448593,0.905626854725499,0.0125,0.375,1.0,0.99609375,0.9921875,0.98046875,0.953125,0.9140625,0.9790181570146227,0.8800827590509988,0.27765941619873047,0.42011749744415283,0.14245808124542236,256,math_pythag,0,29,8,C
0.27734375,-0.2588360583960353,5.8515625,-0.022463730914149244,0.7032965687329766,0.8526664060463505,0.028169014084507043,0.4453125,1.0,0.99609375,0.98828125,0.97265625,0.953125,0.94140625,0.9851952356422184,0.9826489635963597,0.27765941619873047,0.42011749744415283,0.14245808124542236,256,math_pythag,0,29,16,C
0.39453125,0.5394433298309984,5.83984375,0.7481315367505127,0.6561547337487716,0.8318350615306956,0.0,0.2109375,1.0,0.9882352941176471,0.9803921568627451,0.9764705882352941,0.9647058823529412,0.9529411764705882,0.991152900920653,0.966482927175066,0.33845260739326477,0.5450053215026855,0.2065526843070984,256,math_pythag,1,0,4,C
0.2890625,-1.2776631730858097,5.94140625,0.8996156690446724,0.612344383448593,0.8699008355162667,0.0,0.421875,1.0,0.99609375,0.9921875,0.98828125,0.984375,0.98046875,0.9960551622400232,0.9999945318250933,0.33845260739326477,0.5450053215026855,0.2065526843070984,256,math_pythag,1,0,8,C
0.265625,-0.6590980043692862,5.9375,0.9279248846845058,0.7032965687329766,0.8845485084456683,0.04411764705882353,0.46875,1.0,0.99609375,0.9921875,0.98828125,0.984375,0.9765625,0.9952602249442511,0.9720086167693385,0.33845260739326477,0.5450053215026855,0.2065526843070984,256,math_pythag,1,0,16,C
0.41015625,1.1257947752994737,5.83984375,0.7481315367505127,0.6561547337487716,0.8860498880604992,0.0,0.1796875,1.0,0.9882352941176471,0.9803921568627451,0.9764705882352941,0.9647058823529412,0.9529411764705882,0.991152900920653,0.966482927175066,0.2440629005432129,0.43956229090690613,0.19549936056137085,256,math_pythag,1,1,4,C
0.32421875,0.06567427525207398,5.94140625,0.8996156690446724,0.612344383448593,0.9357626898659221,0.0,0.3515625,1.0,0.99609375,0.9921875,0.98828125,0.984375,0.98046875,0.9960551622400232,0.9999945318250933,0.2440629005432129,0.43956229090690613,0.19549936056137085,256,math_pythag,1,1,8,C
0.21875,-2.2601457882622897,5.9375,0.9279248846845058,0.7032965687329766,0.9123258022364081,0.05357142857142857,0.5625,1.0,0.99609375,0.9921875,0.98828125,0.984375,0.9765625,0.9952602249442511,0.9720086167693385,0.2440629005432129,0.43956229090690613,0.19549936056137085,256,math_pythag,1,1,16,C
0.40625,0.9792069139323549,5.83984375,0.7481315367505127,0.6561547337487716,0.8821050551808991,0.0,0.1875,1.0,0.9882352941176471,0.9803921568627451,0.9764705882352941,0.9647058823529412,0.9529411764705882,0.991152900920653,0.966482927175066,0.2640358805656433,0.4379328191280365,0.1738969087600708,256,math_pythag,1,2,4,C
0.32421875,0.06567427525207398,5.94140625,0.8996156690446724,0.612344383448593,0.9083333333333332,0.012048192771084338,0.3515625,1.0,0.99609375,0.9921875,0.98828125,0.984375,0.98046875,0.9960551622400232,0.9999945318250933,0.2640358805656433,0.4379328191280365,0.1738969087600708,256,math_pythag,1,2,8,C
0.26953125,-0.5256773557115358,5.9375,0.9279248846845058,0.7032965687329766,0.9797468410350632,0.014492753623188406,0.4609375,1.0,0.99609375,0.9921875,0.98828125,0.984375,0.9765625,0.9952602249442511,0.9720086167693385,0.2640358805656433,0.4379328191280365,0.1738969087600708,256,math_pythag,1,2,16,C
0.33984375,-1.5127867293086656,5.83984375,0.7481315367505127,0.6561547337487716,0.9296180216389341,0.0,0.3203125,1.0,0.9882352941176471,0.9803921568627451,0.9764705882352941,0.9647058823529412,0.9529411764705882,0.991152900920653,0.966482927175066,0.32778844237327576,0.5780678987503052,0.2502794563770294,256,math_pythag,1,3,4,C
0.33203125,0.36419370821604813,5.94140625,0.8996156690446724,0.612344383448593,0.6737154886220946,0.0,0.3359375,1.0,0.99609375,0.9921875,0.98828125,0.984375,0.98046875,0.9960551622400232,0.9999945318250933,0.32778844237327576,0.5780678987503052,0.2502794563770294,256,math_pythag,1,3,8,C
0.23828125,-1.5930425449735384,5.9375,0.9279248846845058,0.7032965687329766,0.8898634882276781,0.04918032786885246,0.5234375,1.0,0.99609375,0.9921875,0.98828125,0.984375,0.9765625,0.9952602249442511,0.9720086167693385,0.32778844237327576,0.5780678987503052,0.2502794563770294,256,math_pythag,1,3,16,C
0.38671875,0.24626760709676068,5.28515625,-1.3774122451336963,-0.9897183442163774,0.7634141507742249,0.0,0.2265625,1.0,0.9556451612903226,0.9435483870967742,0.9153225806451613,0.8467741935483871,0.7943548387096774,0.9533314484930914,0.9261439965478019,0.30966663360595703,0.42743974924087524,0.11777309328317642,256,math_pythag,1,4,4,C
0.31640625,-0.23284515771190017,5.80859375,-0.014518603146565745,0.612344383448593,0.8276790550765492,0.0,0.3671875,1.0,0.99609375,0.984375,0.96484375,0.94140625,0.921875,0.9802481124138475,0.9872340641323213,0.30966663360595703,0.42743974924087524,0.11777309328317642,256,math_pythag,1,4,8,C
0.23828125,-1.5930425449735384,5.79296875,-0.6704559688223232,0.32920264919415837,1.1779563444820706,0.03278688524590164,0.5234375,1.0,0.9921875,0.98046875,0.9609375,0.9375,0.921875,0.9810009078562845,0.9887233829924954,0.30966663360595703,0.42743974924087524,0.11777309328317642,256,math_pythag,1,4,16,C
0.359375,-0.7798474224730713,5.79296875,0.5685081185631148,0.6561547337487716,0.9007149815308639,0.0,0.28125,1.0,0.9882352941176471,0.9803921568627451,0.9725490196078431,0.9490196078431372,0.9254901960784314,0.9837615134669591,0.9309733959601241,0.2787119746208191,0.4233841896057129,0.1446721851825714,256,math_pythag,1,5,4,C
0.31640625,-0.23284515771190017,5.84375,0.22745811596287965,0.04183719390021423,0.8926347944372656,0.012345679012345678,0.3671875,1.0,0.9882352941176471,0.9803921568627451,0.9725490196078431,0.9647058823529412,0.9607843137254902,0.9927790834189142,0.9883845405121553,0.2787119746208191,0.4233841896057129,0.1446721851825714,256,math_pythag,1,5,8,C
0.2265625,-1.9933044909467892,5.83203125,-0.23846114355020723,-0.04489127034465989,0.9741688241828498,0.017241379310344827,0.546875,1.0,0.9921568627450981,0.984313725490196,0.9686274509803922,0.9568627450980393,0.9529411764705882,0.9891650451321942,0.9700208911172149,0.2787119746208191,0.4233841896057129,0.1446721851825714,256,math_pythag,1,5,16,C
0.3359375,-1.6593745906757844,5.55078125,-0.3595462087384413,-0.7702686004876909,0.9623870595439782,0.0,0.328125,1.0,0.9637096774193549,0.9596774193548387,0.9516129032258065,0.9354838709677419,0.9193548387096774,0.9880945229623441,0.9399426484076016,0.28839337825775146,0.5849983096122742,0.2966049611568451,256,math_pythag,1,6,4,C
0.31640625,-0.23284515771190017,5.609375,-1.385720011433423,-1.6696843747449222,0.9095452616417026,0.0,0.3671875,1.0,0.9681274900398407,0.952191235059761,0.9402390438247012,0.9322709163346613,0.9282868525896414,0.9895362879331082,0.9493328101082588,0.28839337825775146,0.5849983096122742,0.2966049611568451,256,math_pythag,1,6,8,C
0.296875,0.40826718489271624,5.9296875,0.8415259196300827,0.7032965687329766,0.9838699100999074,0.013157894736842105,0.40625,1.0,0.99609375,0.9921875,0.98828125,0.98046875,0.97265625,0.9940674052246967,0.9687840401147957,0.28839337825775146,0.5849983096122742,0.2966049611568451,256,math_pythag,1,6,16,C
0.38671875,0.24626760709676068,5.60546875,-0.14998555418647702,-0.22164424116597453,0.8901817706778596,0.0,0.2265625,1.0,0.9721115537848606,0.9641434262948207,0.952191235059761,0.9243027888446215,0.9043824701195219,0.9815094109166377,0.9518307138568953,0.3030444383621216,0.4883750379085541,0.1853305697441101,256,math_pythag,1,7,4,C
0.33203125,0.36419370821604813,5.89453125,0.5769800435654119,0.612344383448593,0.8123876237436694,0.011764705882352941,0.3359375,1.0,0.99609375,0.98828125,0.9765625,0.96875,0.96484375,0.9916638242646785,0.976441337854549,0.3030444383621216,0.4883750379085541,0.1853305697441101,256,math_pythag,1,7,8,C
0.24609375,-1.3262012476580378,5.94140625,0.9711243672117175,0.7032965687329766,0.8215024228069961,0.0,0.5078125,1.0,0.99609375,0.9921875,0.98828125,0.984375,0.98046875,0.9960551622400232,0.9999945318250933,0.3030444383621216,0.4883750379085541,0.1853305697441101,256,math_pythag,1,7,16,C
0.390625,0.39285546846387953,5.76953125,0.4786964094694158,0.10753037442705528,0.8238606420340243,0.0,0.21875,1.0,0.9801587301587301,0.9761904761904762,0.9722222222222222,0.9682539682539683,0.9642857142857143,0.9959266091334906,0.9999941688757825,0.30277639627456665,0.5422453284263611,0.23946896195411682,256,math_pythag,1,8,4,C
0.3046875,-0.6806243071578614,5.89453125,0.5769800435654119,0.612344383448593,0.7839195928769604,0.01282051282051282,0.390625,1.0,0.99609375,0.98828125,0.9765625,0.96875,0.96484375,0.9916638242646785,0.976441337854549,0.30277639627456665,0.5422453284263611,0.23946896195411682,256,math_pythag,1,8,8,C
0.27734375,-0.2588360583960353,5.94140625,0.9711243672117175,0.7032965687329766,0.8618918790498737,0.014084507042253521,0.4453125,1.0,0.99609375,0.9921875,0.98828125,0.984375,0.98046875,0.9960551622400232,0.9999945318250933,0.30277639627456665,0.5422453284263611,0.23946896195411682,256,math_pythag,1,8,16,C
0.3984375,0.6860311911981172,5.83984375,0.7481315367505127,0.6561547337487716,0.8750277579329773,0.0,0.203125,1.0,0.9882352941176471,0.9803921568627451,0.9764705882352941,0.9647058823529412,0.9529411764705882,0.991152900920653,0.966482927175066,0.23164644837379456,0.40681299567222595,0.175166517496109,256,math_pythag,1,9,4,C
0.28515625,-1.4269228895677968,5.94140625,0.8996156690446724,0.612344383448593,0.9889266117354634,0.0,0.4296875,1.0,0.99609375,0.9921875,0.98828125,0.984375,0.98046875,0.9960551622400232,0.9999945318250933,0.23164644837379456,0.40681299567222595,0.175166517496109,256,math_pythag,1,9,8,C
0.29296875,0.2748465362349659,5.9375,0.9279248846845058,0.7032965687329766,0.7780081546893223,0.0,0.4140625,1.0,0.99609375,0.9921875,0.98828125,0.984375,0.9765625,0.9952602249442511,0.9720086167693385,0.23164644837379456,0.40681299567222595,0.175166517496109,256,math_pythag,1,9,16,C
0.40234375,0.832619052565236,5.49609375,-0.5691068632904056,-0.5508188567590043,0.8600651138140645,0.0,0.1953125,1.0,0.964,0.948,0.932,0.904,0.88,0.9772757828289242,0.9820979306186632,0.30315613746643066,0.5504866242408752,0.24733048677444458,256,math_pythag,1,10,4,C
0.3203125,-0.0835854412299131,5.94140625,0.8996156690446724,0.612344383448593,0.8488422180851193,0.0,0.359375,1.0,0.99609375,0.9921875,0.98828125,0.984375,0.98046875,0.9960551622400232,0.9999945318250933,0.30315613746643066,0.5504866242408752,0.24733048677444458,256,math_pythag,1,10,8,C
0.2734375,-0.39225670705378557,5.9375,0.9279248846845058,0.7032965687329766,0.7327411691663391,0.0,0.453125,1.0,0.99609375,0.9921875,0.98828125,0.984375,0.9765625,0.9952602249442511,0.9720086167693385,0.30315613746643066,0.5504866242408752,0.24733048677444458,256,math_pythag,1,10,16,C
0.37890625,-0.04690811563747703,5.83984375,0.7481315367505127,0.6561547337487716,0.800749947622795,0.0,0.2421875,1.0,0.9882352941176471,0.9803921568627451,0.9764705882352941,0.9647058823529412,0.9529411764705882,0.991152900920653,0.966482927175066,0.2927926480770111,0.46571505069732666,0.17292234301567078,256,math_pythag,1,11,4,C
0.30859375,-0.5313645906758744,5.94140625,0.8996156690446724,0.612344383448593,0.9837773075835915,0.0,0.3828125,1.0,0.99609375,0.9921875,0.98828125,0.984375,0.98046875,0.9960551622400232,0.9999945318250933,0.2927926480770111,0.46571505069732666,0.17292234301567078,256,math_pythag,1,11,8,C
0.2578125,-0.9259393016847868,5.9375,0.9279248846845058,0.7032965687329766,0.9596593613992203,0.015151515151515152,0.484375,1.0,0.99609375,0.9921875,0.98828125,0.984375,0.9765625,0.9952602249442511,0.9720086167693385,0.2927926480770111,0.46571505069732666,0.17292234301567078,256,math_pythag,1,11,16,C
0.40625,0.9792069139323549,5.83984375,0.7481315367505127,0.6561547337487716,0.739348594761015,0.0,0.1875,1.0,0.9882352941176471,0.9803921568627451,0.9764705882352941,0.9647058823529412,0.9529411764705882,0.991152900920653,0.966482927175066,0.3365534543991089,0.5765231847763062,0.23996971547603607,256,math_pythag,1,12,4,C
0.34765625,0.9612325741439964,5.94140625,0.8996156690446724,0.612344383448593,0.9546438359375782,0.011235955056179775,0.3046875,1.0,0.99609375,0.9921875,0.98828125,0.984375,0.98046875,0.9960551622400232,0.9999945318250933,0.3365534543991089,0.5765231847763062,0.23996971547603607,256,math_pythag,1,12,8,C
0.234375,-1.7264631936312886,5.9375,0.9279248846845058,0.7032965687329766,0.8952884245668385,0.05,0.53125,1.0,0.99609375,0.9921875,0.98828125,0.984375,0.9765625,0.9952602249442511,0.9720086167693385,0.3365534543991089,0.5765231847763062,0.23996971547603607,256,math_pythag,1,12,16,C
0.3984375,0.6860311911981172,5.83984375,0.7481315367505127,0.6561547337487716,0.7316417999789147,0.0,0.203125,1.0,0.9882352941176471,0.9803921568627451,0.9764705882352941,0.9647058823529412,0.9529411764705882,0.991152900920653,0.966482927175066,0.2612200677394867,0.4914054870605469,0.2301853895187378,256,math_pythag,1,13,4,C
0.34375,0.8119728576620093,5.94140625,0.8996156690446724,0.612344383448593,0.8487833368139234,0.0,0.3125,1.0,0.99609375,0.9921875,0.98828125,0.984375,0.98046875,0.9960551622400232,0.9999945318250933,0.2612200677394867,0.4914054870605469,0.2301853895187378,256,math_pythag,1,13,8,C
0.26953125,-0.5256773557115358,5.9375,0.9279248846845058,0.7032965687329766,0.8630988342874898,0.014492753623188406,0.4609375,1.0,0.99609375,0.9921875,0.98828125,0.984375,0.9765625,0.9952602249442511,0.9720086167693385,0.2612200677394867,0.4914054870605469,0.2301853895187378,256,math_pythag,1,13,16,C
0.4140625,1.2723826366665927,5.76953125,0.4786964094694158,0.6561547337487716,0.8012706870142962,0.0,0.171875,1.0,0.9882352941176471,0.9803921568627451,0.9686274509803922,0.9411764705882353,0.9137254901960784,0.9804336293624626,0.9354994808799179,0.2849106192588806,0.6302134394645691,0.34530285000801086,256,math_pythag,1,14,4,C
0.31640625,-0.23284515771190017,5.94140625,0.8996156690446724,0.612344383448593,0.8813173130186722,0.024691358024691357,0.3671875,1.0,0.99609375,0.9921875,0.98828125,0.984375,0.98046875,0.9960551622400232,0.9999945318250933,0.2849106192588806,0.6302134394645691,0.34530285000801086,256,math_pythag,1,14,8,C
0.328125,1.4756323741547186,5.79296875,-0.6704559688223232,-0.04489127034465989,0.8480910472758528,0.0,0.34375,1.0,0.98828125,0.97265625,0.95703125,0.94140625,0.93359375,0.9854560168676488,0.9889497219030264,0.2849106192588806,0.6302134394645691,0.34530285000801086,256,math_pythag,1,14,16,C
0.40234375,0.832619052565236,5.83984375,0.7481315367505127,0.5464298618844283,0.9359697135114647,0.0,0.1953125,1.0,0.9881889763779528,0.984251968503937,0.9803149606299213,0.9724409448818898,0.9606299212598425,0.9931593039244523,0.9364209402290568,0.38251733779907227,0.6204883456230164,0.2379709929227829,256,math_pythag,1,15,4,C
0.30078125,-0.8298840236398485,5.703125,-0.7404487604749019,-0.14833186928257872,0.9591214738563982,0.012987012987012988,0.3984375,1.0,0.984313725490196,0.9686274509803922,0.9607843137254902,0.9294117647058824,0.8823529411764706,0.9743318480648666,0.8985472224657256,0.38251733779907227,0.6204883456230164,0.2379709929227829,256,math_pythag,1,15,8,C
0.26171875,-0.7925186530270365,5.9140625,0.6687279895212362,0.7032965687329766,0.7921811790292441,0.029850746268656716,0.4765625,1.0,0.99609375,0.98828125,0.98046875,0.9765625,0.97265625,0.9940627089652826,0.9708543259014171,0.38251733779907227,0.6204883456230164,0.2379709929227829,256,math_pythag,1,15,16,C
0.36328125,-0.6332595611059524,5.62890625,-0.06017384509277804,-0.22164424116597453,0.7764194778947856,0.0,0.2734375,1.0,0.9721115537848606,0.9641434262948207,0.952191235059761,0.9322709163346613,0.9203187250996016,0.9857901624321569,0.9783802404697913,0.38121843338012695,0.5990532636642456,0.21783480048179626,256,math_pythag,1,16,4,C
0.30859375,-0.5313645906758744,5.89453125,0.5769800435654119,0.612344383448593,0.815605090289983,0.0,0.3828125,1.0,0.99609375,0.98828125,0.9765625,0.96875,0.96484375,0.9916638242646785,0.976441337854549,0.38121843338012695,0.5990532636642456,0.21783480048179626,256,math_pythag,1,16,8,C
0.2109375,-2.5269870855777903,5.94140625,0.9711243672117175,0.7032965687329766,0.7712153831724408,0.0,0.578125,1.0,0.99609375,0.9921875,0.98828125,0.984375,0.98046875,0.9960551622400232,0.9999945318250933,0.38121843338012695,0.5990532636642456,0.21783480048179626,256,math_pythag,1,16,16,C
0.41796875,1.4189704980337114,5.83984375,0.7481315367505127,0.6561547337487716,0.8434375166922069,0.0,0.1640625,1.0,0.9882352941176471,0.9803921568627451,0.9764705882352941,0.9647058823529412,0.9529411764705882,0.991152900920653,0.966482927175066,0.3492050766944885,0.6328631639480591,0.28365808725357056,256,math_pythag,1,17,4,C
0.2734375,-1.874702039013758,5.94140625,0.8996156690446724,0.612344383448593,0.8270721330106776,0.0,0.453125,1.0,0.99609375,0.9921875,0.98828125,0.984375,0.98046875,0.9960551622400232,0.9999945318250933,0.3492050766944885,0.6328631639480591,0.28365808725357056,256,math_pythag,1,17,8,C
0.22265625,-2.1267251396045395,5.9375,0.9279248846845058,0.7032965687329766,0.7445982416762714,0.0,0.5546875,1.0,0.99609375,0.9921875,0.98828125,0.984375,0.9765625,0.9952602249442511,0.9720086167693385,0.3492050766944885,0.6328631639480591,0.28365808725357056,256,math_pythag,1,17,16,C
0.3515625,-1.073023145207309,5.76953125,0.4786964094694158,0.10753037442705528,0.8044673338235102,0.0,0.296875,1.0,0.9801587301587301,0.9761904761904762,0.9722222222222222,0.9682539682539683,0.9642857142857143,0.9959266091334906,0.9999941688757825,0.35923707485198975,0.572232723236084,0.21299561858177185,256,math_pythag,1,18,4,C
0.34375,0.8119728576620093,5.89453125,0.5769800435654119,0.612344383448593,0.8977318559131158,0.0,0.3125,1.0,0.99609375,0.98828125,0.9765625,0.96875,0.96484375,0.9916638242646785,0.976441337854549,0.35923707485198975,0.572232723236084,0.21299561858177185,256,math_pythag,1,18,8,C
0.2421875,-1.459621896315788,5.94140625,0.9711243672117175,0.7032965687329766,0.9577324799478492,0.0,0.515625,1.0,0.99609375,0.9921875,0.98828125,0.984375,0.98046875,0.9960551622400232,0.9999945318250933,0.35923707485198975,0.572232723236084,0.21299561858177185,256,math_pythag,1,18,16,C
0.33984375,-1.5127867293086656,5.83984375,0.7481315367505127,0.6561547337487716,0.9647265134222359,0.0,0.3203125,1.0,0.9882352941176471,0.9803921568627451,0.9764705882352941,0.9647058823529412,0.9529411764705882,0.991152900920653,0.966482927175066,0.2534533739089966,0.4153529405593872,0.16189953684806824,256,math_pythag,1,19,4,C
0.3671875,1.7075311565539317,5.94140625,0.8996156690446724,0.612344383448593,0.7997103575655135,0.0,0.265625,1.0,0.99609375,0.9921875,0.98828125,0.984375,0.98046875,0.9960551622400232,0.9999945318250933,0.2534533739089966,0.4153529405593872,0.16189953684806824,256,math_pythag,1,19,8,C
0.27734375,-0.2588360583960353,5.9375,0.9279248846845058,0.7032965687329766,0.8237747240682386,0.0,0.4453125,1.0,0.99609375,0.9921875,0.98828125,0.984375,0.9765625,0.9952602249442511,0.9720086167693385,0.2534533739089966,0.4153529405593872,0.16189953684806824,256,math_pythag,1,19,16,C
0.36328125,-0.6332595611059524,5.83984375,0.7481315367505127,0.6561547337487716,0.9249603035057475,0.0,0.2734375,1.0,0.9882352941176471,0.9803921568627451,0.9764705882352941,0.9647058823529412,0.9529411764705882,0.991152900920653,0.966482927175066,0.324433833360672,0.4942675232887268,0.1698336899280548,256,math_pythag,1,20,4,C
0.3203125,-0.0835854412299131,5.94140625,0.8996156690446724,0.612344383448593,0.8064504628439624,0.012195121951219513,0.359375,1.0,0.99609375,0.9921875,0.98828125,0.984375,0.98046875,0.9960551622400232,0.9999945318250933,0.324433833360672,0.4942675232887268,0.1698336899280548,256,math_pythag,1,20,8,C
0.23828125,-1.5930425449735384,5.9375,0.9279248846845058,0.7032965687329766,1.184425797560955,0.0,0.5234375,1.0,0.99609375,0.9921875,0.98828125,0.984375,0.9765625,0.9952602249442511,0.9720086167693385,0.324433833360672,0.4942675232887268,0.1698336899280548,256,math_pythag,1,20,16,C
0.36328125,-0.6332595611059524,5.83984375,0.7481315367505127,0.6561547337487716,0.9061216330834341,0.0,0.2734375,1.0,0.9882352941176471,0.9803921568627451,0.9764705882352941,0.9647058823529412,0.9529411764705882,0.991152900920653,0.966482927175066,0.34063634276390076,0.564396321773529,0.22376003861427307,256,math_pythag,1,21,4,C
0.29296875,-1.1284034566038226,5.94140625,0.8996156690446724,0.612344383448593,0.9037517667809525,0.02666666666666667,0.4140625,1.0,0.99609375,0.9921875,0.98828125,0.984375,0.98046875,0.9960551622400232,0.9999945318250933,0.34063634276390076,0.564396321773529,0.22376003861427307,256,math_pythag,1,21,8,C
0.26953125,-0.5256773557115358,5.9375,0.9279248846845058,0.7032965687329766,1.0655910924100607,0.014492753623188406,0.4609375,1.0,0.99609375,0.9921875,0.98828125,0.984375,0.9765625,0.9952602249442511,0.9720086167693385,0.34063634276390076,0.564396321773529,0.22376003861427307,256,math_pythag,1,21,16,C
0.3828125,0.09967974572964182,5.66015625,0.05957510036548726,0.6561547337487716,0.8679467511022715,0.0,0.234375,1.0,0.9882352941176471,0.9803921568627451,0.9568627450980393,0.9019607843137255,0.8549019607843137,0.9633630244037465,0.9187822320425619,0.26128697395324707,0.587955117225647,0.3266681432723999,256,math_pythag,1,22,4,C
0.3515625,1.1104922906259835,5.94140625,0.8996156690446724,0.612344383448593,0.9133012192231921,0.0,0.296875,1.0,0.99609375,0.9921875,0.98828125,0.984375,0.98046875,0.9960551622400232,0.9999945318250933,0.26128697395324707,0.587955117225647,0.3266681432723999,256,math_pythag,1,22,8,C
0.28125,-0.125415409738285,5.9375,0.9279248846845058,0.7032965687329766,0.9437323753466759,0.013888888888888888,0.4375,1.0,0.99609375,0.9921875,0.98828125,0.984375,0.9765625,0.9952602249442511,0.9720086167693385,0.26128697395324707,0.587955117225647,0.3266681432723999,256,math_pythag,1,22,16,C
0.328125,-1.9525503134100222,5.70703125,0.2391985185528852,0.10753037442705528,1.020946796613827,0.0,0.34375,1.0,0.9801587301587301,0.9761904761904762,0.9682539682539683,0.9484126984126984,0.9246031746031746,0.9855486626062637,0.9051401509134727,0.35316482186317444,0.5473296046257019,0.19416481256484985,256,math_pythag,1,23,4,C
0.328125,0.21493399173406105,5.89453125,0.5769800435654119,0.612344383448593,0.8536404171770545,0.0,0.34375,1.0,0.99609375,0.98828125,0.9765625,0.96875,0.96484375,0.9916638242646785,0.976441337854549,0.35316482186317444,0.5473296046257019,0.19416481256484985,256,math_pythag,1,23,8,C
0.25390625,-1.059359950342537,5.89453125,0.4527305768851783,0.7032965687329766,0.8856593400880742,0.0,0.4921875,1.0,0.99609375,0.98828125,0.9765625,0.96875,0.96484375,0.9916638242646785,0.976441337854549,0.35316482186317444,0.5473296046257019,0.19416481256484985,256,math_pythag,1,23,16,C
0.375,-0.1934959770045959,5.83984375,0.7481315367505127,0.6561547337487716,0.7678164465826454,0.0,0.25,1.0,0.9882352941176471,0.9803921568627451,0.9764705882352941,0.9647058823529412,0.9529411764705882,0.991152900920653,0.966482927175066,0.31486567854881287,0.5478517413139343,0.23298604786396027,256,math_pythag,1,24,4,C
0.31640625,-0.23284515771190017,5.94140625,0.8996156690446724,0.612344383448593,0.7663801986696636,0.0,0.3671875,1.0,0.99609375,0.9921875,0.98828125,0.984375,0.98046875,0.9960551622400232,0.9999945318250933,0.31486567854881287,0.5478517413139343,0.23298604786396027,256,math_pythag,1,24,8,C
0.2578125,-0.9259393016847868,5.9375,0.9279248846845058,0.7032965687329766,0.9643907482604744,0.030303030303030304,0.484375,1.0,0.99609375,0.9921875,0.98828125,0.984375,0.9765625,0.9952602249442511,0.9720086167693385,0.31486567854881287,0.5478517413139343,0.23298604786396027,256,math_pythag,1,24,16,C
0.375,-0.1934959770045959,5.45703125,-0.7187930451132372,-0.6605437286233475,0.9486832980505138,0.0,0.25,1.0,0.963855421686747,0.9558232931726908,0.9357429718875502,0.891566265060241,0.8634538152610441,0.971455799642037,0.9406752925663218,0.3235355019569397,0.6243659257888794,0.3008303940296173,256,math_pythag,1,25,4,C
0.34765625,0.9612325741439964,5.890625,0.5500937414421402,0.612344383448593,0.7937690873159207,0.0,0.3046875,1.0,0.99609375,0.98828125,0.9765625,0.96875,0.9609375,0.990859554086763,0.9947277422356916,0.3235355019569397,0.6243659257888794,0.3008303940296173,256,math_pythag,1,25,8,C
0.26953125,-0.5256773557115358,5.89453125,0.4527305768851783,0.7032965687329766,0.8520309687815577,0.0,0.4609375,1.0,0.99609375,0.98828125,0.9765625,0.96875,0.96484375,0.9916638242646785,0.976441337854549,0.3235355019569397,0.6243659257888794,0.3008303940296173,256,math_pythag,1,25,16,C
0.40625,0.9792069139323549,5.85546875,0.8080060094796454,0.5464298618844283,0.8384761940820552,0.0,0.1875,1.0,0.9881889763779528,0.984251968503937,0.9803149606299213,0.9763779527559056,0.9724409448818898,0.995991916224948,0.9999943547231583,0.36647921800613403,0.5935516357421875,0.22707237303256989,256,math_pythag,1,26,4,C
0.31640625,-0.23284515771190017,5.89453125,0.5769800435654119,0.612344383448593,0.9789790600416333,0.012345679012345678,0.3671875,1.0,0.99609375,0.98828125,0.9765625,0.96875,0.96484375,0.9916638242646785,0.976441337854549,0.36647921800613403,0.5935516357421875,0.22707237303256989,256,math_pythag,1,26,8,C
0.24609375,-1.3262012476580378,5.94140625,0.9711243672117175,0.7032965687329766,1.0905646839262666,0.031746031746031744,0.5078125,1.0,0.99609375,0.9921875,0.98828125,0.984375,0.98046875,0.9960551622400232,0.9999945318250933,0.36647921800613403,0.5935516357421875,0.22707237303256989,256,math_pythag,1,26,16,C
0.33203125,-1.8059624520429032,5.44140625,-0.7786675178423699,-0.7702686004876909,0.9654904786396026,0.0,0.3359375,1.0,0.9637096774193549,0.9596774193548387,0.9395161290322581,0.8951612903225806,0.8588709677419355,0.970451738185289,0.916310668954676,0.4317038357257843,0.7602514028549194,0.32854756712913513,256,math_pythag,1,27,4,C
0.33984375,0.6627131411800223,5.64453125,-1.1437432923239776,-0.14833186928257872,0.8231985849256832,0.0,0.3203125,1.0,0.984313725490196,0.9607843137254902,0.9294117647058824,0.9058823529411765,0.8862745098039215,0.9734900861169845,0.9954761817650781,0.4317038357257843,0.7602514028549194,0.32854756712913513,256,math_pythag,1,27,8,C
0.25390625,-1.059359950342537,5.94140625,0.9711243672117175,0.7032965687329766,1.1929707375520797,0.0,0.4921875,1.0,0.99609375,0.9921875,0.98828125,0.984375,0.98046875,0.9960551622400232,0.9999945318250933,0.4317038357257843,0.7602514028549194,0.32854756712913513,256,math_pythag,1,27,16,C
0.40234375,0.832619052565236,5.83984375,0.7481315367505127,0.6561547337487716,0.7589447446318079,0.0,0.1953125,1.0,0.9882352941176471,0.9803921568627451,0.9764705882352941,0.9647058823529412,0.9529411764705882,0.991152900920653,0.966482927175066,0.3845665454864502,0.5702151656150818,0.185648575425148,256,math_pythag,1,28,4,C
0.3984375,2.9016088884098283,5.94140625,0.8996156690446724,0.612344383448593,0.7965636821545455,0.0,0.203125,1.0,0.99609375,0.9921875,0.98828125,0.984375,0.98046875,0.9960551622400232,0.9999945318250933,0.3845665454864502,0.5702151656150818,0.185648575425148,256,math_pythag,1,28,8,C
0.24609375,-1.3262012476580378,5.9375,0.9279248846845058,0.7032965687329766,0.9934626073133324,0.0,0.5078125,1.0,0.99609375,0.9921875,0.98828125,0.984375,0.9765625,0.9952602249442511,0.9720086167693385,0.3845665454864502,0.5702151656150818,0.185648575425148,256,math_pythag,1,28,16,C
0.37890625,-0.04690811563747703,5.83984375,0.7481315367505127,0.6561547337487716,0.8644387152164903,0.0,0.2421875,1.0,0.9882352941176471,0.9803921568627451,0.9764705882352941,0.9647058823529412,0.9529411764705882,0.991152900920653,0.966482927175066,0.3678370714187622,0.6300348043441772,0.2621977627277374,256,math_pythag,1,29,4,C
0.3125,-0.3821048741938873,5.94140625,0.8996156690446724,0.612344383448593,0.9232506865164978,0.0125,0.375,1.0,0.99609375,0.9921875,0.98828125,0.984375,0.98046875,0.9960551622400232,0.9999945318250933,0.3678370714187622,0.6300348043441772,0.2621977627277374,256,math_pythag,1,29,8,C
0.2734375,-0.39225670705378557,5.9375,0.9279248846845058,0.7032965687329766,1.0085321495987094,0.014285714285714285,0.453125,1.0,0.99609375,0.9921875,0.98828125,0.984375,0.9765625,0.9952602249442511,0.9720086167693385,0.3678370714187622,0.6300348043441772,0.2621977627277374,256,math_pythag,1,29,16,C
0.35546875,-0.9264352838401901,5.42578125,-0.8385419905715025,-1.3188929598094072,1.117472369899585,0.0,0.2890625,1.0,0.9473684210526315,0.9311740890688259,0.9230769230769231,0.9149797570850202,0.9068825910931174,0.9895653786957879,0.9750311084492367,0.36453336477279663,0.5072751641273499,0.14274179935455322,256,math_pythag,2,0,4,C
0.30078125,-0.8298840236398485,5.62890625,-1.2512885008170644,-0.9090081220137505,1.0168094622907524,0.0,0.3984375,1.0,0.9762845849802372,0.9604743083003953,0.9486166007905138,0.924901185770751,0.8853754940711462,0.9769473774484051,0.93506656766319,0.36453336477279663,0.5072751641273499,0.14274179935455322,256,math_pythag,2,0,8,C
0.265625,-0.6590980043692862,5.8203125,-0.368059591131842,-1.1671730289611146,0.8071368056909166,0.0,0.46875,1.0,0.984251968503937,0.9763779527559056,0.9724409448818898,0.968503937007874,0.9645669291338582,0.9951614810422583,0.9739368337267381,0.36453336477279663,0.5072751641273499,0.14274179935455322,256,math_pythag,2,0,16,C
0.36328125,-0.6332595611059524,5.26953125,-1.437286717862829,-1.3188929598094072,0.9005684993642872,0.0,0.2734375,1.0,0.9473684210526315,0.9311740890688259,0.9190283400809717,0.8623481781376519,0.8016194331983806,0.9597431990889653,0.8928551472479632,0.2682444453239441,0.3797580599784851,0.11151361465454102,256,math_pythag,2,1,4,C
0.33984375,0.6627131411800223,5.68359375,-0.8748802710912604,-0.9090081220137505,1.0590043776713542,0.0,0.3203125,1.0,0.9762845849802372,0.9604743083003953,0.9525691699604744,0.9407114624505929,0.9209486166007905,0.986345032963897,0.9776831475850991,0.2682444453239441,0.3797580599784851,0.11151361465454102,256,math_pythag,2,1,8,C
0.234375,-1.7264631936312886,5.8203125,-0.368059591131842,-1.1671730289611146,0.9354942907877686,0.016666666666666666,0.53125,1.0,0.984251968503937,0.9763779527559056,0.9724409448818898,0.968503937007874,0.9645669291338582,0.9951614810422583,0.9739368337267381,0.2682444453239441,0.3797580599784851,0.11151361465454102,256,math_pythag,2,1,16,C
0.4375,2.1519098048693057,5.37109375,-1.0481026451234667,-1.3188929598094072,0.786094365566603,0.0,0.125,1.0,0.9473684210526315,0.9311740890688259,0.9271255060728745,0.8987854251012146,0.8623481781376519,0.9779018394601464,0.9089624990809855,0.29308250546455383,0.4771991968154907,0.1841166913509369,256,math_pythag,2,2,4,C
0.390625,2.603089455445854,5.65625,-1.0630843859541623,-0.9090081220137505,0.7778754464439793,0.0,0.21875,1.0,0.9762845849802372,0.9604743083003953,0.9525691699604744,0.932806324110672,0.9011857707509882,0.9812465700655751,0.9412014098425163,0.29308250546455383,0.4771991968154907,0.1841166913509369,256,math_pythag,2,2,8,C
0.29296875,0.2748465362349659,5.8203125,-0.368059591131842,-1.1671730289611146,0.9544138629607407,0.0,0.4140625,1.0,0.984251968503937,0.9763779527559056,0.9724409448818898,0.968503937007874,0.9645669291338582,0.9951614810422583,0.9739368337267381,0.29308250546455383,0.4771991968154907,0.1841166913509369,256,math_pythag,2,2,16,C
0.43359375,2.005321943502187,5.38671875,-0.9882281723943341,-1.3188929598094072,0.8294295484890516,0.0,0.1328125,1.0,0.9473684210526315,0.9311740890688259,0.9230769230769231,0.902834008097166,0.8785425101214575,0.9819886722219284,0.967261656726866,0.37496766448020935,0.5017535090446472,0.12678582966327667,256,math_pythag,2,3,4,C
0.33203125,0.36419370821604813,5.66796875,-0.9824254795843473,-0.9090081220137505,0.911111886612813,0.0,0.3359375,1.0,0.9762845849802372,0.9604743083003953,0.9525691699604744,0.9367588932806324,0.9090909090909091,0.9833777638493696,0.9529184254463536,0.37496766448020935,0.5017535090446472,0.12678582966327667,256,math_pythag,2,3,8,C
0.2578125,-0.9259393016847868,5.8203125,-0.368059591131842,-1.1671730289611146,0.7600974644717025,0.030303030303030304,0.484375,1.0,0.984251968503937,0.9763779527559056,0.9724409448818898,0.968503937007874,0.9645669291338582,0.9951614810422583,0.9739368337267381,0.37496766448020935,0.5017535090446472,0.12678582966327667,256,math_pythag,2,3,16,C
0.40625,0.9792069139323549,5.26171875,-1.4672239542273953,-1.648067575402437,0.814589667938806,0.0,0.1875,1.0,0.9390243902439024,0.9146341463414634,0.9024390243902439,0.8739837398373984,0.8455284552845529,0.9748007736594073,0.9807514281883088,0.3609338700771332,0.4957871735095978,0.1348533034324646,256,math_pythag,2,4,4,C
0.3515625,1.1104922906259835,5.29296875,-3.5635104834184315,-3.000867817024473,0.9635587435413454,0.0,0.296875,1.0,0.9477911646586346,0.9116465863453815,0.891566265060241,0.8634538152610441,0.8273092369477911,0.9679040425826676,0.9901493353656502,0.3609338700771332,0.4957871735095978,0.1348533034324646,256,math_pythag,2,4,8,C
0.2734375,-0.39225670705378557,5.8203125,-0.368059591131842,-1.1671730289611146,0.8646192775626682,0.0,0.453125,1.0,0.984251968503937,0.9763779527559056,0.9724409448818898,0.968503937007874,0.9645669291338582,0.9951614810422583,0.9739368337267381,0.3609338700771332,0.4957871735095978,0.1348533034324646,256,math_pythag,2,4,16,C
0.3828125,0.09967974572964182,5.41796875,-0.8684792269360688,-1.3188929598094072,0.9432489773740494,0.0,0.234375,1.0,0.9473684210526315,0.9311740890688259,0.9230769230769231,0.9149797570850202,0.8987854251012146,0.9877919526370135,0.9799035605211641,0.36911511421203613,0.48099809885025024,0.11188296973705292,256,math_pythag,2,5,4,C
0.29296875,-1.1284034566038226,5.64453125,-1.1437432923239776,-0.9090081220137505,0.9617921249993465,0.013333333333333334,0.4140625,1.0,0.9762845849802372,0.9604743083003953,0.9486166007905138,0.9288537549407114,0.8972332015810277,0.9799681020763268,0.9584201549827814,0.36911511421203613,0.48099809885025024,0.11188296973705292,256,math_pythag,2,5,8,C
0.234375,-1.7264631936312886,5.8203125,-0.368059591131842,-1.1671730289611146,0.8932584149176493,0.016666666666666666,0.53125,1.0,0.984251968503937,0.9763779527559056,0.9724409448818898,0.968503937007874,0.9645669291338582,0.9951614810422583,0.9739368337267381,0.36911511421203613,0.48099809885025024,0.11188296973705292,256,math_pythag,2,5,16,C
0.33984375,-1.5127867293086656,5.390625,-0.9732595542120509,-1.3188929598094072,1.2466086427047647,0.0,0.3203125,1.0,0.9473684210526315,0.9311740890688259,0.9230769230769231,0.902834008097166,0.8825910931174089,0.9828920671930786,0.9777638143009787,0.27273523807525635,0.38997775316238403,0.11724251508712769,256,math_pythag,2,6,4,C
0.38671875,2.4538297389638672,5.65234375,-1.089970688077434,-0.9090081220137505,0.8850477764613235,0.0,0.2265625,1.0,0.9762845849802372,0.9604743083003953,0.9525691699604744,0.932806324110672,0.8972332015810277,0.980384313399386,0.9268678363819879,0.27273523807525635,0.38997775316238403,0.11724251508712769,256,math_pythag,2,6,8,C
0.21875,-2.2601457882622897,5.8203125,-0.368059591131842,-1.1671730289611146,0.8372545687543155,0.03571428571428571,0.5625,1.0,0.984251968503937,0.9763779527559056,0.9724409448818898,0.968503937007874,0.9645669291338582,0.9951614810422583,0.9739368337267381,0.27273523807525635,0.38997775316238403,0.11724251508712769,256,math_pythag,2,6,16,C
0.38671875,0.24626760709676068,5.41015625,-0.8984164633006351,-1.3188929598094072,0.891886534780732,0.010101010101010102,0.2265625,1.0,0.9473684210526315,0.9311740890688259,0.9271255060728745,0.9109311740890689,0.8906882591093117,0.9855685418550726,0.959702047820403,0.40143752098083496,0.5451267957687378,0.14368927478790283,256,math_pythag,2,7,4,C
0.3125,-0.3821048741938873,5.640625,-1.1706295944472493,-0.9090081220137505,0.8989466670603299,0.0125,0.375,1.0,0.9762845849802372,0.9604743083003953,0.9525691699604744,0.9288537549407114,0.8893280632411067,0.978235167971308,0.916682033189342,0.40143752098083496,0.5451267957687378,0.14368927478790283,256,math_pythag,2,7,8,C
0.2421875,-1.459621896315788,5.8203125,-0.368059591131842,-1.1671730289611146,0.9519095609687008,0.0,0.515625,1.0,0.984251968503937,0.9763779527559056,0.9724409448818898,0.968503937007874,0.9645669291338582,0.9951614810422583,0.9739368337267381,0.40143752098083496,0.5451267957687378,0.14368927478790283,256,math_pythag,2,7,16,C
0.39453125,0.5394433298309984,5.30078125,-1.3175377724045636,-1.3188929598094072,0.8898334583545211,0.0,0.2109375,1.0,0.9473684210526315,0.9311740890688259,0.9271255060728745,0.8785425101214575,0.8097165991902834,0.9634651660845048,0.8454166571665103,0.31532663106918335,0.48852086067199707,0.17319421470165253,256,math_pythag,2,8,4,C
0.3359375,0.5134534246980352,5.68359375,-0.8748802710912604,-0.9090081220137505,0.8325369979393443,0.0,0.328125,1.0,0.9762845849802372,0.9604743083003953,0.9525691699604744,0.9407114624505929,0.9209486166007905,0.986345032963897,0.9776831475850991,0.31532663106918335,0.48852086067199707,0.17319421470165253,256,math_pythag,2,8,8,C
0.26171875,-0.7925186530270365,5.8203125,-0.368059591131842,-1.1671730289611146,0.800688536493597,0.014925373134328358,0.4765625,1.0,0.984251968503937,0.9763779527559056,0.9724409448818898,0.968503937007874,0.9645669291338582,0.9951614810422583,0.9739368337267381,0.31532663106918335,0.48852086067199707,0.17319421470165253,256,math_pythag,2,8,16,C
0.3828125,0.09967974572964182,5.29296875,-1.34747500876913,-1.3188929598094072,1.035290849787772,0.0,0.234375,1.0,0.9473684210526315,0.9311740890688259,0.9190283400809717,0.8704453441295547,0.8178137651821862,0.9644909674665204,0.9072281395686541,0.33130714297294617,0.48858553171157837,0.15727835893630981,256,math_pythag,2,9,4,C
0.328125,0.21493399173406105,5.65625,-1.0630843859541623,-0.9090081220137505,0.8598554987339195,0.0,0.34375,1.0,0.9762845849802372,0.9604743083003953,0.9525691699604744,0.932806324110672,0.9011857707509882,0.9812465700655751,0.9412014098425163,0.33130714297294617,0.48858553171157837,0.15727835893630981,256,math_pythag,2,9,8,C
0.25390625,-1.059359950342537,5.8203125,-0.368059591131842,-1.1671730289611146,0.9459035643732907,0.0,0.4921875,1.0,0.984251968503937,0.9763779527559056,0.9724409448818898,0.968503937007874,0.9645669291338582,0.9951614810422583,0.9739368337267381,0.33130714297294617,0.48858553171157837,0.15727835893630981,256,math_pythag,2,9,16,C
0.40234375,0.832619052565236,5.37109375,-1.0481026451234667,-1.3188929598094072,0.7601586384974595,0.0,0.1953125,1.0,0.9473684210526315,0.9311740890688259,0.9271255060728745,0.8987854251012146,0.8623481781376519,0.9779018394601464,0.9089624990809855,0.34185290336608887,0.5786158442497253,0.2367629110813141,256,math_pythag,2,10,4,C
0.3359375,0.5134534246980352,5.65625,-1.0630843859541623,-0.9090081220137505,0.8089400322721995,0.0,0.328125,1.0,0.9762845849802372,0.9604743083003953,0.9525691699604744,0.932806324110672,0.9011857707509882,0.9812465700655751,0.9412014098425163,0.34185290336608887,0.5786158442497253,0.2367629110813141,256,math_pythag,2,10,8,C
0.2421875,-1.459621896315788,5.8203125,-0.368059591131842,-1.1671730289611146,0.901927173858984,0.016129032258064516,0.515625,1.0,0.984251968503937,0.9763779527559056,0.9724409448818898,0.968503937007874,0.9645669291338582,0.9951614810422583,0.9739368337267381,0.34185290336608887,0.5786158442497253,0.2367629110813141,256,math_pythag,2,10,16,C
0.37109375,-0.34008383837171474,5.30078125,-1.3175377724045636,-1.3188929598094072,0.9619046263745419,0.0,0.2578125,1.0,0.9473684210526315,0.9271255060728745,0.9068825910931174,0.8744939271255061,0.8380566801619433,0.9700915562954905,0.9750602418102673,0.32395458221435547,0.4608151316642761,0.13686054944992065,256,math_pythag,2,11,4,C
0.3203125,-0.0835854412299131,5.68359375,-0.8748802710912604,-0.9090081220137505,0.8245376642244546,0.012195121951219513,0.359375,1.0,0.9762845849802372,0.9604743083003953,0.9525691699604744,0.9407114624505929,0.9209486166007905,0.986345032963897,0.9776831475850991,0.32395458221435547,0.4608151316642761,0.13686054944992065,256,math_pythag,2,11,8,C
0.28125,-0.125415409738285,5.8203125,-0.368059591131842,-1.1671730289611146,0.8214764958031158,0.0,0.4375,1.0,0.984251968503937,0.9763779527559056,0.9724409448818898,0.968503937007874,0.9645669291338582,0.9951614810422583,0.9739368337267381,0.32395458221435547,0.4608151316642761,0.13686054944992065,256,math_pythag,2,11,16,C
0.4296875,1.858734082135068,5.38671875,-0.9882281723943341,-1.3188929598094072,0.7821676441610501,0.0,0.140625,1.0,0.9473684210526315,0.9311740890688259,0.9271255060728745,0.902834008097166,0.8744939271255061,0.9810819405991409,0.933189323425626,0.326048880815506,0.4098920524120331,0.08384314924478531,256,math_pythag,2,12,4,C
0.35546875,1.2597520071079706,5.68359375,-0.8748802710912604,-0.9090081220137505,0.7827025138879077,0.0,0.2890625,1.0,0.9762845849802372,0.9604743083003953,0.9525691699604744,0.9407114624505929,0.9209486166007905,0.986345032963897,0.9776831475850991,0.326048880815506,0.4098920524120331,0.08384314924478531,256,math_pythag,2,12,8,C
0.30859375,0.8085291308659671,5.8203125,-0.368059591131842,-1.1671730289611146,0.7200743274232696,0.0,0.3828125,1.0,0.984251968503937,0.9763779527559056,0.9724409448818898,0.968503937007874,0.9645669291338582,0.9951614810422583,0.9739368337267381,0.326048880815506,0.4098920524120331,0.08384314924478531,256,math_pythag,2,12,16,C
0.38671875,0.24626760709676068,5.33203125,-1.1977888269462984,-1.3188929598094072,0.9154199451548735,0.0,0.2265625,1.0,0.9473684210526315,0.9311740890688259,0.9271255060728745,0.8866396761133604,0.8340080971659919,0.9700673787926497,0.8728694179839893,0.3594375252723694,0.5086368322372437,0.14919930696487427,256,math_pythag,2,13,4,C
0.39453125,2.7523491719278415,5.65625,-1.0630843859541623,-0.9090081220137505,0.6969422999215397,0.0,0.2109375,1.0,0.9762845849802372,0.9604743083003953,0.9525691699604744,0.932806324110672,0.9011857707509882,0.9812465700655751,0.9412014098425163,0.3594375252723694,0.5086368322372437,0.14919930696487427,256,math_pythag,2,13,8,C
0.24609375,-1.3262012476580378,5.8203125,-0.368059591131842,-1.1671730289611146,0.7332142082680546,0.015873015873015872,0.5078125,1.0,0.984251968503937,0.9763779527559056,0.9724409448818898,0.968503937007874,0.9645669291338582,0.9951614810422583,0.9739368337267381,0.3594375252723694,0.5086368322372437,0.14919930696487427,256,math_pythag,2,13,16,C
0.3671875,-0.48667169973883356,5.37109375,-1.0481026451234667,-1.3188929598094072,0.8466299506261572,0.0,0.265625,1.0,0.9473684210526315,0.9311740890688259,0.9271255060728745,0.8987854251012146,0.8623481781376519,0.9779018394601464,0.9089624990809855,0.3346005082130432,0.4550381898880005,0.12043768167495728,256,math_pythag,2,14,4,C
0.33984375,0.6627131411800223,5.68359375,-0.8748802710912604,-0.9090081220137505,0.6939157874914049,0.0,0.3203125,1.0,0.9762845849802372,0.9604743083003953,0.9525691699604744,0.9407114624505929,0.9209486166007905,0.986345032963897,0.9776831475850991,0.3346005082130432,0.4550381898880005,0.12043768167495728,256,math_pythag,2,14,8,C
0.25390625,-1.059359950342537,5.8203125,-0.368059591131842,-1.1671730289611146,0.8540508604644194,0.0,0.4921875,1.0,0.984251968503937,0.9763779527559056,0.9724409448818898,0.968503937007874,0.9645669291338582,0.9951614810422583,0.9739368337267381,0.3346005082130432,0.4550381898880005,0.12043768167495728,256,math_pythag,2,14,16,C
0.3828125,0.09967974572964182,5.53515625,-0.41942068146757394,-0.8799934723520342,0.8342370118274445,0.0,0.234375,1.0,0.9558232931726908,0.9397590361445783,0.9357429718875502,0.9317269076305221,0.927710843373494,0.9931942974086477,0.8794903970170619,0.3337322771549225,0.43554258346557617,0.10181029886007309,256,math_pythag,2,15,4,C
0.37109375,1.8567908730359188,5.57421875,-1.6276967305428682,-0.7188390588309576,0.8147989493087581,0.0,0.2578125,1.0,0.9802371541501976,0.9644268774703557,0.9367588932806324,0.8972332015810277,0.8616600790513834,0.9675302799554595,0.9726295951397436,0.3337322771549225,0.43554258346557617,0.10181029886007309,256,math_pythag,2,15,8,C
0.30078125,0.5416878335504666,5.7421875,-1.232049241676074,-1.1671730289611146,0.8592564308415945,0.0,0.3984375,1.0,0.984251968503937,0.968503937007874,0.952755905511811,0.9448818897637795,0.937007874015748,0.987768115099537,0.9719300421112195,0.3337322771549225,0.43554258346557617,0.10181029886007309,256,math_pythag,2,15,16,C
0.375,-0.1934959770045959,5.37109375,-1.0481026451234667,-1.3188929598094072,0.8788173871743775,0.0,0.25,1.0,0.9473684210526315,0.9311740890688259,0.9271255060728745,0.8987854251012146,0.8623481781376519,0.9779018394601464,0.9089624990809855,0.33877456188201904,0.46488773822784424,0.1261131912469864,256,math_pythag,2,16,4,C
0.296875,-0.9791437401218356,5.65625,-1.0630843859541623,-0.9090081220137505,0.8416093020883437,0.013157894736842105,0.40625,1.0,0.9762845849802372,0.9604743083003953,0.9525691699604744,0.932806324110672,0.9011857707509882,0.9812465700655751,0.9412014098425163,0.33877456188201904,0.46488773822784424,0.1261131912469864,256,math_pythag,2,16,8,C
0.25,-1.1927805990002873,5.8203125,-0.368059591131842,-1.1671730289611146,0.8641166784116195,0.03125,0.5,1.0,0.984251968503937,0.9763779527559056,0.9724409448818898,0.968503937007874,0.9645669291338582,0.9951614810422583,0.9739368337267381,0.33877456188201904,0.46488773822784424,0.1261131912469864,256,math_pythag,2,16,16,C
0.3828125,0.09967974572964182,5.88671875,0.9277549549379107,0.9853293493418014,0.9072849458383235,0.0,0.234375,1.0,0.99609375,0.9921875,0.98828125,0.96875,0.94140625,0.9864093242002642,0.8536630637939726,0.441532701253891,0.5867407321929932,0.1452079713344574,256,math_pythag,2,17,4,C
0.29296875,-1.1284034566038226,5.89453125,0.5769800435654119,0.612344383448593,0.9218064273185663,0.0,0.4140625,1.0,0.99609375,0.9921875,0.98828125,0.97265625,0.9453125,0.9876239206089402,0.8448275506728808,0.441532701253891,0.5867407321929932,0.1452079713344574,256,math_pythag,2,17,8,C
0.2890625,0.14142588757721564,5.81640625,-0.4112590736590536,0.7032965687329766,0.8744815723323638,0.0,0.421875,1.0,0.99609375,0.98046875,0.9609375,0.9453125,0.93359375,0.9835256905456959,0.9944573065369176,0.441532701253891,0.5867407321929932,0.1452079713344574,256,math_pythag,2,17,16,C
0.3671875,-0.48667169973883356,5.37109375,-1.0481026451234667,-1.3188929598094072,1.0436244535272254,0.0,0.265625,1.0,0.9473684210526315,0.9311740890688259,0.9271255060728745,0.8987854251012146,0.8623481781376519,0.9779018394601464,0.9089624990809855,0.37009313702583313,0.4878242611885071,0.11773113906383514,256,math_pythag,2,18,4,C
0.30078125,-0.8298840236398485,5.65625,-1.0630843859541623,-0.9090081220137505,0.778970611506254,0.0,0.3984375,1.0,0.9762845849802372,0.9604743083003953,0.9525691699604744,0.932806324110672,0.9011857707509882,0.9812465700655751,0.9412014098425163,0.37009313702583313,0.4878242611885071,0.11773113906383514,256,math_pythag,2,18,8,C
0.26171875,-0.7925186530270365,5.8203125,-0.368059591131842,-1.1671730289611146,0.907187767763263,0.014925373134328358,0.4765625,1.0,0.984251968503937,0.9763779527559056,0.9724409448818898,0.968503937007874,0.9645669291338582,0.9951614810422583,0.9739368337267381,0.37009313702583313,0.4878242611885071,0.11773113906383514,256,math_pythag,2,18,16,C
0.41796875,1.4189704980337114,5.44921875,-0.7487302814778035,-0.6605437286233475,0.7811166496026317,0.0,0.1640625,1.0,0.963855421686747,0.9558232931726908,0.9397590361445783,0.891566265060241,0.8514056224899599,0.9687295008862817,0.9119991085827595,0.4136114716529846,0.579018235206604,0.165406733751297,256,math_pythag,2,19,4,C
0.3828125,2.30457002248188,5.57421875,-1.6276967305428682,-2.050022501110508,0.7221807551368883,0.0,0.234375,1.0,0.964,0.952,0.944,0.932,0.916,0.9877375956099292,0.9855870483938537,0.4136114716529846,0.579018235206604,0.165406733751297,256,math_pythag,2,19,8,C
0.3671875,2.8098388607322216,5.61328125,-2.6576321650740566,-4.534018304810479,0.8970850625906215,0.0,0.265625,1.0,0.964,0.952,0.948,0.944,0.94,0.9941311188293284,0.9265068876708454,0.4136114716529846,0.579018235206604,0.165406733751297,256,math_pythag,2,19,16,C
0.4140625,1.2723826366665927,5.80078125,0.5984453549276811,0.9853293493418014,0.85584581374352,0.0,0.171875,1.0,0.99609375,0.9921875,0.984375,0.94140625,0.88671875,0.97188631728431,0.8329234071226417,0.30591773986816406,0.4825260043144226,0.17660823464393616,256,math_pythag,2,20,4,C
0.28515625,-1.4269228895677968,5.890625,0.5500937414421402,0.612344383448593,0.7147127686729586,0.0,0.4296875,1.0,0.99609375,0.9921875,0.98828125,0.97265625,0.94140625,0.9868063500172477,0.8254051128388301,0.30591773986816406,0.4825260043144226,0.17660823464393616,256,math_pythag,2,20,8,C
0.29296875,0.2748465362349659,5.81640625,-0.4112590736590536,0.7032965687329766,0.9052245233069134,0.0,0.4140625,1.0,0.99609375,0.98046875,0.9609375,0.9453125,0.93359375,0.9835256905456959,0.9944573065369176,0.30591773986816406,0.4825260043144226,0.17660823464393616,256,math_pythag,2,20,16,C
0.36328125,-0.6332595611059524,5.26953125,-1.437286717862829,-1.3188929598094072,1.0324173640077257,0.0,0.2734375,1.0,0.9473684210526315,0.9271255060728745,0.9109311740890689,0.8663967611336032,0.8097165991902834,0.9625441453096746,0.9243090351461776,0.371029257774353,0.49518704414367676,0.12415774166584015,256,math_pythag,2,21,4,C
0.359375,1.4090117235899577,5.68359375,-0.8748802710912604,-0.9090081220137505,0.9217370965204443,0.010869565217391304,0.28125,1.0,0.9762845849802372,0.9604743083003953,0.9525691699604744,0.9407114624505929,0.9209486166007905,0.986345032963897,0.9776831475850991,0.371029257774353,0.49518704414367676,0.12415774166584015,256,math_pythag,2,21,8,C
0.2578125,-0.9259393016847868,5.8203125,-0.368059591131842,-1.1671730289611146,0.8884388435042434,0.030303030303030304,0.484375,1.0,0.984251968503937,0.9763779527559056,0.9724409448818898,0.968503937007874,0.9645669291338582,0.9951614810422583,0.9739368337267381,0.371029257774353,0.49518704414367676,0.12415774166584015,256,math_pythag,2,21,16,C
0.3984375,0.6860311911981172,5.38671875,-0.9882281723943341,-1.3188929598094072,0.8004044485724469,0.0,0.203125,1.0,0.9473684210526315,0.9311740890688259,0.9271255060728745,0.902834008097166,0.8744939271255061,0.9810819405991409,0.933189323425626,0.3589712381362915,0.4692317545413971,0.1102605015039444,256,math_pythag,2,22,4,C
0.35546875,1.2597520071079706,5.68359375,-0.8748802710912604,-0.9090081220137505,0.9233437632471507,0.0,0.2890625,1.0,0.9762845849802372,0.9604743083003953,0.9525691699604744,0.9407114624505929,0.9209486166007905,0.986345032963897,0.9776831475850991,0.3589712381362915,0.4692317545413971,0.1102605015039444,256,math_pythag,2,22,8,C
0.2890625,0.14142588757721564,5.8203125,-0.368059591131842,-1.1671730289611146,0.8763464606955376,0.0,0.421875,1.0,0.984251968503937,0.9763779527559056,0.9724409448818898,0.968503937007874,0.9645669291338582,0.9951614810422583,0.9739368337267381,0.3589712381362915,0.4692317545413971,0.1102605015039444,256,math_pythag,2,22,16,C
0.37890625,-0.04690811563747703,5.25390625,-1.4971611905919615,-1.3188929598094072,0.9573650469364682,0.0,0.2421875,1.0,0.9473684210526315,0.9311740890688259,0.9190283400809717,0.8623481781376519,0.7854251012145749,0.9558337281561151,0.866744929415879,0.4088304042816162,0.5535485148429871,0.14471806585788727,256,math_pythag,2,23,4,C
0.3046875,-0.6806243071578614,5.68359375,-0.8748802710912604,-0.9090081220137505,0.9320665829806816,0.01282051282051282,0.390625,1.0,0.9762845849802372,0.9604743083003953,0.9525691699604744,0.9407114624505929,0.9209486166007905,0.986345032963897,0.9776831475850991,0.4088304042816162,0.5535485148429871,0.14471806585788727,256,math_pythag,2,23,8,C
0.24609375,-1.3262012476580378,5.8203125,-0.368059591131842,-1.1671730289611146,0.8342917619089418,0.031746031746031744,0.5078125,1.0,0.984251968503937,0.9763779527559056,0.9724409448818898,0.968503937007874,0.9645669291338582,0.9951614810422583,0.9739368337267381,0.4088304042816162,0.5535485148429871,0.14471806585788727,256,math_pythag,2,23,16,C
0.39453125,0.5394433298309984,5.80078125,0.5984453549276811,0.9853293493418014,0.8433639318639415,0.0,0.2109375,1.0,0.99609375,0.9921875,0.984375,0.94140625,0.88671875,0.97188631728431,0.8329234071226417,0.26623570919036865,0.3986327350139618,0.13239699602127075,256,math_pythag,2,24,4,C
0.35546875,1.2597520071079706,5.890625,0.5500937414421402,0.612344383448593,0.7113681670414982,0.0,0.2890625,1.0,0.99609375,0.9921875,0.98828125,0.97265625,0.94140625,0.9868063500172477,0.8254051128388301,0.26623570919036865,0.3986327350139618,0.13239699602127075,256,math_pythag,2,24,8,C
0.29296875,0.2748465362349659,5.81640625,-0.4112590736590536,0.7032965687329766,0.728964257620968,0.0,0.4140625,1.0,0.99609375,0.98046875,0.9609375,0.9453125,0.93359375,0.9835256905456959,0.9944573065369176,0.26623570919036865,0.3986327350139618,0.13239699602127075,256,math_pythag,2,24,16,C
0.41796875,1.4189704980337114,5.04296875,-2.3054665724352525,-1.3188929598094072,0.7620183724819238,0.0,0.1640625,1.0,0.9473684210526315,0.9271255060728745,0.8987854251012146,0.7894736842105263,0.6639676113360324,0.9165275226302051,0.8641917334947146,0.4099733233451843,0.5808926820755005,0.17091937363147736,256,math_pythag,2,25,4,C
0.296875,-0.9791437401218356,5.65625,-1.0630843859541623,-0.9090081220137505,0.8637583528724825,0.0,0.40625,1.0,0.9762845849802372,0.9604743083003953,0.9525691699604744,0.932806324110672,0.9011857707509882,0.9812465700655751,0.9412014098425163,0.4099733233451843,0.5808926820755005,0.17091937363147736,256,math_pythag,2,25,8,C
0.25390625,-1.059359950342537,5.8203125,-0.368059591131842,-1.1671730289611146,0.8291875541757727,0.015384615384615385,0.4921875,1.0,0.984251968503937,0.9763779527559056,0.9724409448818898,0.968503937007874,0.9645669291338582,0.9951614810422583,0.9739368337267381,0.4099733233451843,0.5808926820755005,0.17091937363147736,256,math_pythag,2,25,16,C
0.421875,1.5655583594008304,5.27734375,-1.4073494814982626,-1.3188929598094072,0.7454368594000585,0.0,0.15625,1.0,0.9473684210526315,0.9311740890688259,0.9190283400809717,0.8663967611336032,0.805668016194332,0.9611607719245502,0.8929111849060393,0.34965765476226807,0.4927363395690918,0.14307865500450134,256,math_pythag,2,26,4,C
0.33203125,0.36419370821604813,5.68359375,-0.8748802710912604,-0.9090081220137505,0.7602809717823484,0.0,0.3359375,1.0,0.9762845849802372,0.9604743083003953,0.9525691699604744,0.9407114624505929,0.9209486166007905,0.986345032963897,0.9776831475850991,0.34965765476226807,0.4927363395690918,0.14307865500450134,256,math_pythag,2,26,8,C
0.33203125,1.6090530228124689,5.8203125,-0.368059591131842,-1.1671730289611146,0.9767485415635626,0.0,0.3359375,1.0,0.984251968503937,0.9763779527559056,0.9724409448818898,0.968503937007874,0.9645669291338582,0.9951614810422583,0.9739368337267381,0.34965765476226807,0.4927363395690918,0.14307865500450134,256,math_pythag,2,26,16,C
0.4296875,1.858734082135068,5.42578125,-0.8385419905715025,-1.3188929598094072,0.7308002929242273,0.0,0.140625,1.0,0.9473684210526315,0.9311740890688259,0.9230769230769231,0.9149797570850202,0.9068825910931174,0.9895653786957879,0.9750311084492367,0.40288543701171875,0.5377415418624878,0.13485608994960785,256,math_pythag,2,27,4,C
0.34765625,0.9612325741439964,5.64453125,-1.1437432923239776,-0.9090081220137505,0.8477283983015284,0.011235955056179775,0.3046875,1.0,0.9762845849802372,0.9604743083003953,0.9486166007905138,0.9288537549407114,0.8972332015810277,0.9799681020763268,0.9584201549827814,0.40288543701171875,0.5377415418624878,0.13485608994960785,256,math_pythag,2,27,8,C
0.23828125,-1.5930425449735384,5.8203125,-0.368059591131842,-1.1671730289611146,0.8542853502237523,0.0,0.5234375,1.0,0.984251968503937,0.9763779527559056,0.9724409448818898,0.968503937007874,0.9645669291338582,0.9951614810422583,0.9739368337267381,0.40288543701171875,0.5377415418624878,0.13485608994960785,256,math_pythag,2,27,16,C
0.41796875,1.4189704980337114,5.390625,-0.9732595542120509,-1.3188929598094072,0.8311700765002421,0.0,0.1640625,1.0,0.9473684210526315,0.9311740890688259,0.9230769230769231,0.902834008097166,0.8825910931174089,0.9828920671930786,0.9777638143009787,0.25123515725135803,0.3578115701675415,0.10657641291618347,256,math_pythag,2,28,4,C
0.3203125,-0.0835854412299131,5.65234375,-1.089970688077434,-0.9090081220137505,0.8966783146703171,0.0,0.359375,1.0,0.9762845849802372,0.9604743083003953,0.9525691699604744,0.932806324110672,0.8972332015810277,0.980384313399386,0.9268678363819879,0.25123515725135803,0.3578115701675415,0.10657641291618347,256,math_pythag,2,28,8,C
0.24609375,-1.3262012476580378,5.8203125,-0.368059591131842,-1.1671730289611146,0.6985028801805755,0.0,0.5078125,1.0,0.984251968503937,0.9763779527559056,0.9724409448818898,0.968503937007874,0.9645669291338582,0.9951614810422583,0.9739368337267381,0.25123515725135803,0.3578115701675415,0.10657641291618347,256,math_pythag,2,28,16,C
0.40234375,0.832619052565236,4.69921875,-3.6227049724761704,-4.610639115739705,0.8832947188900887,0.0,0.1953125,1.0,0.8755364806866953,0.8454935622317596,0.8283261802575107,0.8111587982832618,0.8025751072961373,0.9786825516811273,0.9633880905957333,0.22963976860046387,0.40524762868881226,0.175607830286026,256,math_pythag,2,29,4,C
0.30078125,-0.8298840236398485,5.66796875,-0.9824254795843473,-0.9090081220137505,0.8136665235231717,0.0,0.3984375,1.0,0.9762845849802372,0.9604743083003953,0.9525691699604744,0.9367588932806324,0.9090909090909091,0.9833777638493696,0.9529184254463536,0.22963976860046387,0.40524762868881226,0.175607830286026,256,math_pythag,2,29,8,C
0.2421875,-1.459621896315788,5.8203125,-0.368059591131842,-1.1671730289611146,0.9725445448336972,0.03225806451612903,0.515625,1.0,0.984251968503937,0.9763779527559056,0.9724409448818898,0.968503937007874,0.9645669291338582,0.9951614810422583,0.9739368337267381,0.22963976860046387,0.40524762868881226,0.175607830286026,256,math_pythag,2,29,16,C
0.34375,-1.3661988679415467,5.87109375,0.867880482208778,0.9853293493418014,0.9778839451052133,0.0,0.3125,1.0,0.99609375,0.9921875,0.984375,0.9609375,0.9375,0.9847916357745814,0.9037400454973393,0.4043641984462738,0.6249746680259705,0.22061049938201904,256,biology_cells,0,0,4,C
0.3203125,-0.0835854412299131,5.94140625,0.8996156690446724,0.612344383448593,0.9433697368689618,0.0,0.359375,1.0,0.99609375,0.9921875,0.98828125,0.984375,0.98046875,0.9960551622400232,0.9999945318250933,0.4043641984462738,0.6249746680259705,0.22061049938201904,256,biology_cells,0,0,8,C
0.32421875,1.3422117254969683,5.94140625,0.9711243672117175,0.7032965687329766,0.9164242165705199,0.0,0.3515625,1.0,0.99609375,0.9921875,0.98828125,0.984375,0.98046875,0.9960551622400232,0.9999945318250933,0.4043641984462738,0.6249746680259705,0.22061049938201904,256,biology_cells,0,0,16,C
0.41015625,1.1257947752994737,5.56640625,-0.29967173600930863,-0.11191936930163125,0.968188053346787,0.0,0.1796875,1.0,0.9722222222222222,0.9563492063492064,0.9404761904761905,0.9087301587301587,0.876984126984127,0.9746015143090194,0.965190059241578,0.3787063956260681,0.584821343421936,0.20611494779586792,256,biology_cells,0,1,4,C
0.28125,-1.5761826060497839,5.94140625,0.8996156690446724,0.612344383448593,1.0992188810769605,0.013888888888888888,0.4375,1.0,0.99609375,0.9921875,0.98828125,0.984375,0.98046875,0.9960551622400232,0.9999945318250933,0.3787063956260681,0.584821343421936,0.20611494779586792,256,biology_cells,0,1,8,C
0.30078125,0.5416878335504666,5.94140625,0.9711243672117175,0.7032965687329766,0.8239100945328997,0.0,0.3984375,1.0,0.99609375,0.9921875,0.98828125,0.984375,0.98046875,0.9960551622400232,0.9999945318250933,0.3787063956260681,0.584821343421936,0.20611494779586792,256,biology_cells,0,1,16,C
0.359375,-0.7798474224730713,5.77734375,0.5086336458339821,0.9853293493418014,1.0104692215065905,0.0,0.28125,1.0,0.99609375,0.98828125,0.97265625,0.93359375,0.88671875,0.9714598885156602,0.9014954063033954,0.2539159953594208,0.5962560176849365,0.34233999252319336,256,biology_cells,0,2,4,C
0.3203125,-0.0835854412299131,5.94140625,0.8996156690446724,0.612344383448593,0.7692918804410654,0.0,0.359375,1.0,0.99609375,0.9921875,0.98828125,0.984375,0.98046875,0.9960551622400232,0.9999945318250933,0.2539159953594208,0.5962560176849365,0.34233999252319336,256,biology_cells,0,2,8,C
0.2734375,-0.39225670705378557,5.91015625,0.6255285069940247,0.7032965687329766,0.8455508325249899,0.0,0.453125,1.0,0.99609375,0.9921875,0.98828125,0.9765625,0.95703125,0.990457420315849,0.8803104743248519,0.2539159953594208,0.5962560176849365,0.34233999252319336,256,biology_cells,0,2,16,C
0.39453125,0.5394433298309984,5.87109375,0.867880482208778,0.9853293493418014,0.846250696663641,0.0,0.2109375,1.0,0.99609375,0.9921875,0.984375,0.9609375,0.9375,0.9847916357745814,0.9037400454973393,0.3276363015174866,0.4835335612297058,0.15589725971221924,256,biology_cells,0,3,4,C
0.31640625,-0.23284515771190017,5.94140625,0.8996156690446724,0.612344383448593,0.944008480812289,0.012345679012345678,0.3671875,1.0,0.99609375,0.9921875,0.98828125,0.984375,0.98046875,0.9960551622400232,0.9999945318250933,0.3276363015174866,0.4835335612297058,0.15589725971221924,256,biology_cells,0,3,8,C
0.2890625,0.14142588757721564,5.94140625,0.9711243672117175,0.7032965687329766,0.8328473697055547,0.0,0.421875,1.0,0.99609375,0.9921875,0.98828125,0.984375,0.98046875,0.9960551622400232,0.9999945318250933,0.3276363015174866,0.4835335612297058,0.15589725971221924,256,biology_cells,0,3,16,C
0.36328125,-0.6332595611059524,5.87109375,0.867880482208778,0.9853293493418014,0.907550552684162,0.0,0.2734375,1.0,0.99609375,0.9921875,0.984375,0.9609375,0.9375,0.9847916357745814,0.9037400454973393,0.39945101737976074,0.5749351978302002,0.17548419535160065,256,biology_cells,0,4,4,C
0.27734375,-1.725442322531771,5.94140625,0.8996156690446724,0.612344383448593,0.9747964089315033,0.014084507042253521,0.4453125,1.0,0.99609375,0.9921875,0.98828125,0.984375,0.98046875,0.9960551622400232,0.9999945318250933,0.39945101737976074,0.5749351978302002,0.17548419535160065,256,biology_cells,0,4,8,C
0.265625,-0.6590980043692862,5.94140625,0.9711243672117175,0.7032965687329766,0.7001553135913784,0.0,0.46875,1.0,0.99609375,0.9921875,0.98828125,0.984375,0.98046875,0.9960551622400232,0.9999945318250933,0.39945101737976074,0.5749351978302002,0.17548419535160065,256,biology_cells,0,4,16,C
0.3515625,-1.073023145207309,5.90234375,0.9876294276670433,0.9853293493418014,0.929872826342284,0.0,0.296875,1.0,0.99609375,0.9921875,0.98828125,0.97265625,0.953125,0.9892509869635201,0.8861109663195327,0.3814370334148407,0.6329751014709473,0.2515380382537842,256,biology_cells,0,5,4,C
0.31640625,-0.23284515771190017,5.94140625,0.8996156690446724,0.612344383448593,0.8902372800134221,0.024691358024691357,0.3671875,1.0,0.99609375,0.9921875,0.98828125,0.984375,0.98046875,0.9960551622400232,0.9999945318250933,0.3814370334148407,0.6329751014709473,0.2515380382537842,256,biology_cells,0,5,8,C
0.32421875,1.3422117254969683,5.94140625,0.9711243672117175,0.7032965687329766,0.939698702123631,0.024096385542168676,0.3515625,1.0,0.99609375,0.9921875,0.98828125,0.984375,0.98046875,0.9960551622400232,0.9999945318250933,0.3814370334148407,0.6329751014709473,0.2515380382537842,256,biology_cells,0,5,16,C
0.33984375,-1.5127867293086656,5.87109375,0.867880482208778,0.9853293493418014,0.9107969786247624,0.0,0.3203125,1.0,0.99609375,0.9921875,0.984375,0.9609375,0.9375,0.9847916357745814,0.9037400454973393,0.41229766607284546,0.6193594932556152,0.20706185698509216,256,biology_cells,0,6,4,C
0.33203125,0.36419370821604813,5.94140625,0.8996156690446724,0.612344383448593,1.014567696385646,0.0,0.3359375,1.0,0.99609375,0.9921875,0.98828125,0.984375,0.98046875,0.9960551622400232,0.9999945318250933,0.41229766607284546,0.6193594932556152,0.20706185698509216,256,biology_cells,0,6,8,C
0.29296875,0.2748465362349659,5.94140625,0.9711243672117175,0.7032965687329766,1.0450334733553526,0.0,0.4140625,1.0,0.99609375,0.9921875,0.98828125,0.984375,0.98046875,0.9960551622400232,0.9999945318250933,0.41229766607284546,0.6193594932556152,0.20706185698509216,256,biology_cells,0,6,16,C
0.390625,0.39285546846387953,5.90234375,0.9876294276670433,0.9853293493418014,0.9962827554807444,0.0,0.21875,1.0,0.99609375,0.9921875,0.98828125,0.97265625,0.953125,0.9892509869635201,0.8861109663195327,0.36851072311401367,0.6260443925857544,0.25753363966941833,256,biology_cells,0,7,4,C
0.34765625,0.9612325741439964,5.94140625,0.8996156690446724,0.612344383448593,0.8612007121842543,0.0,0.3046875,1.0,0.99609375,0.9921875,0.98828125,0.984375,0.98046875,0.9960551622400232,0.9999945318250933,0.36851072311401367,0.6260443925857544,0.25753363966941833,256,biology_cells,0,7,8,C
0.3046875,0.6751084822082168,5.8984375,0.4959300594123899,0.7032965687329766,0.8411611022865954,0.0,0.390625,1.0,0.99609375,0.9921875,0.984375,0.97265625,0.953125,0.9892509869635201,0.9220360574578446,0.36851072311401367,0.6260443925857544,0.25753363966941833,256,biology_cells,0,7,16,C
0.3828125,0.09967974572964182,5.87109375,0.867880482208778,0.9853293493418014,0.8351482631301654,0.0,0.234375,1.0,0.99609375,0.9921875,0.984375,0.9609375,0.9375,0.9847916357745814,0.9037400454973393,0.4209939241409302,0.6669414639472961,0.24594753980636597,256,biology_cells,0,8,4,C
0.33203125,0.36419370821604813,5.94140625,0.8996156690446724,0.612344383448593,0.9303527376956416,0.0,0.3359375,1.0,0.99609375,0.9921875,0.98828125,0.984375,0.98046875,0.9960551622400232,0.9999945318250933,0.4209939241409302,0.6669414639472961,0.24594753980636597,256,biology_cells,0,8,8,C
0.265625,-0.6590980043692862,5.94140625,0.9711243672117175,0.7032965687329766,0.9413391114591481,0.0,0.46875,1.0,0.99609375,0.9921875,0.98828125,0.984375,0.98046875,0.9960551622400232,0.9999945318250933,0.4209939241409302,0.6669414639472961,0.24594753980636597,256,biology_cells,0,8,16,C
0.375,-0.1934959770045959,5.87109375,0.867880482208778,0.9853293493418014,0.8452944059168362,0.0,0.25,1.0,0.99609375,0.9921875,0.984375,0.9609375,0.9375,0.9847916357745814,0.9037400454973393,0.44162672758102417,0.6451860070228577,0.2035592496395111,256,biology_cells,0,9,4,C
0.31640625,-0.23284515771190017,5.94140625,0.8996156690446724,0.612344383448593,1.1093165357847323,0.0,0.3671875,1.0,0.99609375,0.9921875,0.98828125,0.984375,0.98046875,0.9960551622400232,0.9999945318250933,0.44162672758102417,0.6451860070228577,0.2035592496395111,256,biology_cells,0,9,8,C
0.19921875,-2.9272490315510415,5.94140625,0.9711243672117175,0.7032965687329766,0.9965217285917832,0.0,0.6015625,1.0,0.99609375,0.9921875,0.98828125,0.984375,0.98046875,0.9960551622400232,0.9999945318250933,0.44162672758102417,0.6451860070228577,0.2035592496395111,256,biology_cells,0,9,16,C
0.34375,-1.3661988679415467,5.92578125,1.0774411367607424,0.9853293493418014,1.0203683455917993,0.0,0.3125,1.0,0.99609375,0.9921875,0.98828125,0.98046875,0.96875,0.9932676717632941,0.9364511861910951,0.36034560203552246,0.62520831823349,0.26486268639564514,256,biology_cells,0,10,4,C
0.29296875,-1.1284034566038226,5.9375,0.8727293669214007,0.612344383448593,0.9130371496431632,0.02666666666666667,0.4140625,1.0,0.99609375,0.9921875,0.98828125,0.984375,0.9765625,0.9952602249442511,0.9720086167693385,0.36034560203552246,0.62520831823349,0.26486268639564514,256,biology_cells,0,10,8,C
0.28515625,0.008005238919465321,5.94140625,0.9711243672117175,0.7032965687329766,0.9556376514583356,0.0,0.4296875,1.0,0.99609375,0.9921875,0.98828125,0.984375,0.98046875,0.9960551622400232,0.9999945318250933,0.36034560203552246,0.62520831823349,0.26486268639564514,256,biology_cells,0,10,16,C
0.3671875,-0.48667169973883356,5.87109375,0.867880482208778,0.9853293493418014,0.8940890119503332,0.0,0.265625,1.0,0.99609375,0.9921875,0.984375,0.9609375,0.9375,0.9847916357745814,0.9037400454973393,0.35847190022468567,0.497069776058197,0.13859789073467255,256,biology_cells,0,11,4,C
0.2734375,-1.874702039013758,5.94140625,0.8996156690446724,0.612344383448593,1.1427045319703464,0.014285714285714285,0.453125,1.0,0.99609375,0.9921875,0.98828125,0.984375,0.98046875,0.9960551622400232,0.9999945318250933,0.35847190022468567,0.497069776058197,0.13859789073467255,256,biology_cells,0,11,8,C
0.25,-1.1927805990002873,5.94140625,0.9711243672117175,0.7032965687329766,0.6833754322517553,0.0,0.5,1.0,0.99609375,0.9921875,0.98828125,0.984375,0.98046875,0.9960551622400232,0.9999945318250933,0.35847190022468567,0.497069776058197,0.13859789073467255,256,biology_cells,0,11,16,C
0.3984375,0.6860311911981172,5.88671875,0.9277549549379107,0.9853293493418014,0.7930498092806023,0.0,0.203125,1.0,0.99609375,0.9921875,0.984375,0.96484375,0.94921875,0.9876419819002152,0.9327035572522376,0.38122260570526123,0.6006139516830444,0.2193913757801056,256,biology_cells,0,12,4,C
0.26171875,-2.322481188459719,5.921875,0.7651841584283138,0.612344383448593,0.7792509223606989,0.0,0.4765625,1.0,0.99609375,0.9921875,0.984375,0.9765625,0.97265625,0.9936706506001096,0.9846095996310225,0.38122260570526123,0.6006139516830444,0.2193913757801056,256,biology_cells,0,12,8,C
0.2890625,0.14142588757721564,5.921875,0.7551269545756595,0.7032965687329766,0.9220151842567453,0.0,0.421875,1.0,0.99609375,0.9921875,0.984375,0.9765625,0.97265625,0.9936706506001096,0.9846095996310225,0.38122260570526123,0.6006139516830444,0.2193913757801056,256,biology_cells,0,12,16,C
0.4140625,1.2723826366665927,5.87109375,0.867880482208778,0.9853293493418014,0.8461885046623715,0.0,0.171875,1.0,0.99609375,0.9921875,0.984375,0.9609375,0.9375,0.9847916357745814,0.9037400454973393,0.4248327612876892,0.6869106292724609,0.26207786798477173,256,biology_cells,0,13,4,C
0.265625,-2.1732214719777323,5.94140625,0.8996156690446724,0.612344383448593,1.0523001304336235,0.0,0.46875,1.0,0.99609375,0.9921875,0.98828125,0.984375,0.98046875,0.9960551622400232,0.9999945318250933,0.4248327612876892,0.6869106292724609,0.26207786798477173,256,biology_cells,0,13,8,C
0.31640625,1.0753704281814678,5.94140625,0.9711243672117175,0.7032965687329766,0.7518017663994935,0.0,0.3671875,1.0,0.99609375,0.9921875,0.98828125,0.984375,0.98046875,0.9960551622400232,0.9999945318250933,0.4248327612876892,0.6869106292724609,0.26207786798477173,256,biology_cells,0,13,16,C
0.34765625,-1.219611006574428,5.90234375,0.9876294276670433,0.9853293493418014,1.1881337498700113,0.0,0.3046875,1.0,0.99609375,0.9921875,0.98828125,0.97265625,0.953125,0.9892509869635201,0.8861109663195327,0.3006312847137451,0.5178125500679016,0.2171812653541565,256,biology_cells,0,14,4,C
0.2890625,-1.2776631730858097,5.94140625,0.8996156690446724,0.612344383448593,0.9743555624002475,0.0,0.421875,1.0,0.99609375,0.9921875,0.98828125,0.984375,0.98046875,0.9960551622400232,0.9999945318250933,0.3006312847137451,0.5178125500679016,0.2171812653541565,256,biology_cells,0,14,8,C
0.265625,-0.6590980043692862,5.94140625,0.9711243672117175,0.7032965687329766,0.9297486470893583,0.0,0.46875,1.0,0.99609375,0.9921875,0.98828125,0.984375,0.98046875,0.9960551622400232,0.9999945318250933,0.3006312847137451,0.5178125500679016,0.2171812653541565,256,biology_cells,0,14,16,C
0.40234375,0.832619052565236,5.87109375,0.867880482208778,0.9853293493418014,0.8747740240033877,0.0,0.1953125,1.0,0.99609375,0.9921875,0.984375,0.9609375,0.9375,0.9847916357745814,0.9037400454973393,0.35149723291397095,0.526431679725647,0.17493441700935364,256,biology_cells,0,15,4,C
0.3359375,0.5134534246980352,5.94140625,0.8996156690446724,0.612344383448593,1.1117486254758298,0.0,0.328125,1.0,0.99609375,0.9921875,0.98828125,0.984375,0.98046875,0.9960551622400232,0.9999945318250933,0.35149723291397095,0.526431679725647,0.17493441700935364,256,biology_cells,0,15,8,C
0.30859375,0.8085291308659671,5.94140625,0.9711243672117175,0.7032965687329766,0.8643746316545246,0.0,0.3828125,1.0,0.99609375,0.9921875,0.98828125,0.984375,0.98046875,0.9960551622400232,0.9999945318250933,0.35149723291397095,0.526431679725647,0.17493441700935364,256,biology_cells,0,15,16,C
0.3671875,-0.48667169973883356,5.91015625,1.0175666640316097,0.9853293493418014,0.9075178839435726,0.0,0.265625,1.0,0.99609375,0.9921875,0.984375,0.97265625,0.96484375,0.9916716953308852,0.9748654282796898,0.39399778842926025,0.6345540881156921,0.24055632948875427,256,biology_cells,0,16,4,C
0.30859375,-0.5313645906758744,5.921875,0.7651841584283138,0.612344383448593,0.9048386795355045,0.012658227848101266,0.3828125,1.0,0.99609375,0.9921875,0.984375,0.9765625,0.97265625,0.9936706506001096,0.9846095996310225,0.39399778842926025,0.6345540881156921,0.24055632948875427,256,biology_cells,0,16,8,C
0.296875,0.40826718489271624,5.94140625,0.9711243672117175,0.7032965687329766,0.9010646532957537,0.0,0.40625,1.0,0.99609375,0.9921875,0.98828125,0.984375,0.98046875,0.9960551622400232,0.9999945318250933,0.39399778842926025,0.6345540881156921,0.24055632948875427,256,biology_cells,0,16,16,C
0.359375,-0.7798474224730713,5.87109375,0.867880482208778,0.9853293493418014,0.9127870014402186,0.0,0.28125,1.0,0.99609375,0.9921875,0.984375,0.9609375,0.9375,0.9847916357745814,0.9037400454973393,0.31035736203193665,0.46500134468078613,0.1546439677476883,256,biology_cells,0,17,4,C
0.28515625,-1.4269228895677968,5.94140625,0.8996156690446724,0.612344383448593,1.0112396312989211,0.0,0.4296875,1.0,0.99609375,0.9921875,0.98828125,0.984375,0.98046875,0.9960551622400232,0.9999945318250933,0.31035736203193665,0.46500134468078613,0.1546439677476883,256,biology_cells,0,17,8,C
0.265625,-0.6590980043692862,5.94140625,0.9711243672117175,0.7032965687329766,0.8629154499250107,0.014705882352941176,0.46875,1.0,0.99609375,0.9921875,0.98828125,0.984375,0.98046875,0.9960551622400232,0.9999945318250933,0.31035736203193665,0.46500134468078613,0.1546439677476883,256,biology_cells,0,17,16,C
0.390625,0.39285546846387953,5.90234375,0.9876294276670433,0.9853293493418014,0.9291961197425946,0.01,0.21875,1.0,0.99609375,0.9921875,0.98828125,0.97265625,0.953125,0.9892509869635201,0.8861109663195327,0.4375988245010376,0.6323070526123047,0.19470815360546112,256,biology_cells,0,18,4,C
0.3359375,0.5134534246980352,5.94140625,0.8996156690446724,0.612344383448593,0.8835382321198118,0.0,0.328125,1.0,0.99609375,0.9921875,0.98828125,0.984375,0.98046875,0.9960551622400232,0.9999945318250933,0.4375988245010376,0.6323070526123047,0.19470815360546112,256,biology_cells,0,18,8,C
0.2734375,-0.39225670705378557,5.8984375,0.4959300594123899,0.7032965687329766,0.7698663540637707,0.0,0.453125,1.0,0.99609375,0.9921875,0.984375,0.97265625,0.953125,0.9892509869635201,0.9220360574578446,0.4375988245010376,0.6323070526123047,0.19470815360546112,256,biology_cells,0,18,16,C
0.2890625,-3.4184289270812105,5.81640625,0.6583198276568137,0.9853293493418014,1.2601394323204431,0.0,0.421875,1.0,0.99609375,0.98828125,0.9765625,0.9453125,0.91015625,0.9777608245061505,0.913471325676565,0.3688344955444336,0.6243463754653931,0.25551193952560425,256,biology_cells,0,19,4,C
0.3125,-0.3821048741938873,5.94140625,0.8996156690446724,0.612344383448593,1.240862869584147,0.0,0.375,1.0,0.99609375,0.9921875,0.98828125,0.984375,0.98046875,0.9960551622400232,0.9999945318250933,0.3688344955444336,0.6243463754653931,0.25551193952560425,256,biology_cells,0,19,8,C
0.23046875,-1.859883842289039,5.94140625,0.9711243672117175,0.7032965687329766,0.7467124651641043,0.0,0.5390625,1.0,0.99609375,0.9921875,0.98828125,0.984375,0.98046875,0.9960551622400232,0.9999945318250933,0.3688344955444336,0.6243463754653931,0.25551193952560425,256,biology_cells,0,19,16,C
0.37890625,-0.04690811563747703,5.87109375,0.867880482208778,0.9853293493418014,0.9645701988302717,0.0,0.2421875,1.0,0.99609375,0.9921875,0.984375,0.9609375,0.9375,0.9847916357745814,0.9037400454973393,0.4162176549434662,0.640804648399353,0.22458696365356445,256,biology_cells,0,20,4,C
0.29296875,-1.1284034566038226,5.94140625,0.8996156690446724,0.612344383448593,1.0002643579452697,0.02666666666666667,0.4140625,1.0,0.99609375,0.9921875,0.98828125,0.984375,0.98046875,0.9960551622400232,0.9999945318250933,0.4162176549434662,0.640804648399353,0.22458696365356445,256,biology_cells,0,20,8,C
0.2578125,-0.9259393016847868,5.94140625,0.9711243672117175,0.7032965687329766,0.8321927499150935,0.0,0.484375,1.0,0.99609375,0.9921875,0.98828125,0.984375,0.98046875,0.9960551622400232,0.9999945318250933,0.4162176549434662,0.640804648399353,0.22458696365356445,256,biology_cells,0,20,16,C
0.3203125,-2.24572603614426,5.87109375,0.867880482208778,0.9853293493418014,0.9491345730713798,0.0,0.359375,1.0,0.99609375,0.9921875,0.984375,0.9609375,0.9375,0.9847916357745814,0.9037400454973393,0.3949868381023407,0.5654507279396057,0.17046386003494263,256,biology_cells,0,21,4,C
0.29296875,-1.1284034566038226,5.94140625,0.8996156690446724,0.612344383448593,0.8903088664717933,0.0,0.4140625,1.0,0.99609375,0.9921875,0.98828125,0.984375,0.98046875,0.9960551622400232,0.9999945318250933,0.3949868381023407,0.5654507279396057,0.17046386003494263,256,biology_cells,0,21,8,C
0.2578125,-0.9259393016847868,5.94140625,0.9711243672117175,0.7032965687329766,0.6995400612634001,0.015151515151515152,0.484375,1.0,0.99609375,0.9921875,0.98828125,0.984375,0.98046875,0.9960551622400232,0.9999945318250933,0.3949868381023407,0.5654507279396057,0.17046386003494263,256,biology_cells,0,21,16,C
0.375,-0.1934959770045959,5.91015625,1.0175666640316097,0.9853293493418014,0.7874435980985541,0.0,0.25,1.0,0.99609375,0.9921875,0.984375,0.97265625,0.96484375,0.9916716953308852,0.9748654282796898,0.42466801404953003,0.8158348798751831,0.39116689562797546,256,biology_cells,0,22,4,C
0.3671875,1.7075311565539317,5.921875,0.7651841584283138,0.612344383448593,0.7953585297672223,0.0,0.265625,1.0,0.99609375,0.9921875,0.984375,0.9765625,0.97265625,0.9936706506001096,0.9846095996310225,0.42466801404953003,0.8158348798751831,0.39116689562797546,256,biology_cells,0,22,8,C
0.26171875,-0.7925186530270365,5.91015625,0.6255285069940247,0.7032965687329766,0.7776157913597391,0.0,0.4765625,1.0,0.99609375,0.98828125,0.98046875,0.9765625,0.96875,0.9932629792820502,0.9900833792082879,0.42466801404953003,0.8158348798751831,0.39116689562797546,256,biology_cells,0,22,16,C
0.421875,1.5655583594008304,5.69140625,0.17932404582375255,0.9853293493418014,0.7285366379341358,0.0,0.15625,1.0,0.99609375,0.9921875,0.9765625,0.90234375,0.82421875,0.9537318392443533,0.844126088603599,0.3526005744934082,0.5318957567214966,0.179295152425766,256,biology_cells,0,23,4,C
0.26171875,-2.322481188459719,5.94140625,0.8996156690446724,0.612344383448593,0.904250100231178,0.0,0.4765625,1.0,0.99609375,0.9921875,0.98828125,0.984375,0.98046875,0.9960551622400232,0.9999945318250933,0.3526005744934082,0.5318957567214966,0.179295152425766,256,biology_cells,0,23,8,C
0.27734375,-0.2588360583960353,5.94140625,0.9711243672117175,0.7032965687329766,0.8671108433915607,0.014084507042253521,0.4453125,1.0,0.99609375,0.9921875,0.98828125,0.984375,0.98046875,0.9960551622400232,0.9999945318250933,0.3526005744934082,0.5318957567214966,0.179295152425766,256,biology_cells,0,23,16,C
0.38671875,0.24626760709676068,5.87109375,0.867880482208778,0.9853293493418014,0.8839447749648495,0.0,0.2265625,1.0,0.99609375,0.9921875,0.984375,0.9609375,0.9375,0.9847916357745814,0.9037400454973393,0.4330928325653076,0.7824376821517944,0.34934473037719727,256,biology_cells,0,24,4,C
0.30859375,-0.5313645906758744,5.94140625,0.8996156690446724,0.612344383448593,0.9924361971399547,0.0,0.3828125,1.0,0.99609375,0.9921875,0.98828125,0.984375,0.98046875,0.9960551622400232,0.9999945318250933,0.4330928325653076,0.7824376821517944,0.34934473037719727,256,biology_cells,0,24,8,C
0.24609375,-1.3262012476580378,5.94140625,0.9711243672117175,0.7032965687329766,0.8471821632088983,0.0,0.5078125,1.0,0.99609375,0.9921875,0.98828125,0.984375,0.98046875,0.9960551622400232,0.9999945318250933,0.4330928325653076,0.7824376821517944,0.34934473037719727,256,biology_cells,0,24,16,C
0.390625,0.39285546846387953,5.87109375,0.867880482208778,0.9853293493418014,0.7631367528729212,0.0,0.21875,1.0,0.99609375,0.9921875,0.984375,0.9609375,0.9375,0.9847916357745814,0.9037400454973393,0.4096153974533081,0.6232204437255859,0.21360504627227783,256,biology_cells,0,25,4,C
0.3125,-0.3821048741938873,5.94140625,0.8996156690446724,0.612344383448593,0.9097339375520631,0.0,0.375,1.0,0.99609375,0.9921875,0.98828125,0.984375,0.98046875,0.9960551622400232,0.9999945318250933,0.4096153974533081,0.6232204437255859,0.21360504627227783,256,biology_cells,0,25,8,C
0.2890625,0.14142588757721564,5.94140625,0.9711243672117175,0.7032965687329766,0.7448199687241649,0.0,0.421875,1.0,0.99609375,0.9921875,0.98828125,0.984375,0.98046875,0.9960551622400232,0.9999945318250933,0.4096153974533081,0.6232204437255859,0.21360504627227783,256,biology_cells,0,25,16,C
0.3359375,-1.6593745906757844,5.91015625,1.0175666640316097,0.9853293493418014,1.0311513822001785,0.0,0.328125,1.0,0.99609375,0.9921875,0.98828125,0.9765625,0.95703125,0.990457420315849,0.8803104743248519,0.4227374494075775,0.763074517250061,0.34033703804016113,256,biology_cells,0,26,4,C
0.33984375,0.6627131411800223,5.94140625,0.8996156690446724,0.612344383448593,0.9325883065985396,0.0,0.3203125,1.0,0.99609375,0.9921875,0.98828125,0.984375,0.98046875,0.9960551622400232,0.9999945318250933,0.4227374494075775,0.763074517250061,0.34033703804016113,256,biology_cells,0,26,8,C
0.25,-1.1927805990002873,5.94140625,0.9711243672117175,0.7032965687329766,0.8081971475990678,0.0,0.5,1.0,0.99609375,0.9921875,0.98828125,0.984375,0.98046875,0.9960551622400232,0.9999945318250933,0.4227374494075775,0.763074517250061,0.34033703804016113,256,biology_cells,0,26,16,C
0.34765625,-1.219611006574428,5.87109375,0.867880482208778,0.9853293493418014,0.9558638617099587,0.0,0.3046875,1.0,0.99609375,0.9921875,0.984375,0.9609375,0.9375,0.9847916357745814,0.9037400454973393,0.3894270062446594,0.5547339916229248,0.165306955575943,256,biology_cells,0,27,4,C
0.296875,-0.9791437401218356,5.94140625,0.8996156690446724,0.612344383448593,0.9394444296231556,0.0,0.40625,1.0,0.99609375,0.9921875,0.98828125,0.984375,0.98046875,0.9960551622400232,0.9999945318250933,0.3894270062446594,0.5547339916229248,0.165306955575943,256,biology_cells,0,27,8,C
0.27734375,-0.2588360583960353,5.94140625,0.9711243672117175,0.7032965687329766,0.7881535745268076,0.0,0.4453125,1.0,0.99609375,0.9921875,0.98828125,0.984375,0.98046875,0.9960551622400232,0.9999945318250933,0.3894270062446594,0.5547339916229248,0.165306955575943,256,biology_cells,0,27,16,C
0.34765625,-1.219611006574428,5.87109375,0.867880482208778,0.9853293493418014,0.9515375924957631,0.0,0.3046875,1.0,0.99609375,0.9921875,0.984375,0.9609375,0.9375,0.9847916357745814,0.9037400454973393,0.35260260105133057,0.5161372423171997,0.16353467106819153,256,biology_cells,0,28,4,C
0.3125,-0.3821048741938873,5.94140625,0.8996156690446724,0.612344383448593,0.9196466174571225,0.0,0.375,1.0,0.99609375,0.9921875,0.98828125,0.984375,0.98046875,0.9960551622400232,0.9999945318250933,0.35260260105133057,0.5161372423171997,0.16353467106819153,256,biology_cells,0,28,8,C
0.2890625,0.14142588757721564,5.94140625,0.9711243672117175,0.7032965687329766,0.901027974702805,0.0,0.421875,1.0,0.99609375,0.9921875,0.98828125,0.984375,0.98046875,0.9960551622400232,0.9999945318250933,0.35260260105133057,0.5161372423171997,0.16353467106819153,256,biology_cells,0,28,16,C
0.3828125,0.09967974572964182,5.91015625,1.0175666640316097,0.9853293493418014,0.8807738088343536,0.0,0.234375,1.0,0.99609375,0.9921875,0.984375,0.97265625,0.96484375,0.9916716953308852,0.9748654282796898,0.38520631194114685,0.5758945941925049,0.19068825244903564,256,biology_cells,0,29,4,C
0.27734375,-1.725442322531771,5.921875,0.7651841584283138,0.612344383448593,0.7974593129336344,0.014084507042253521,0.4453125,1.0,0.99609375,0.9921875,0.984375,0.9765625,0.97265625,0.9936706506001096,0.9846095996310225,0.38520631194114685,0.5758945941925049,0.19068825244903564,256,biology_cells,0,29,8,C
0.30078125,0.5416878335504666,5.94140625,0.9711243672117175,0.7032965687329766,0.8261221632063351,0.0,0.3984375,1.0,0.99609375,0.9921875,0.98828125,0.984375,0.98046875,0.9960551622400232,0.9999945318250933,0.38520631194114685,0.5758945941925049,0.19068825244903564,256,biology_cells,0,29,16,C
0.3984375,0.6860311911981172,5.87109375,0.867880482208778,0.9853293493418014,0.9231358532478066,0.0,0.203125,1.0,0.99609375,0.9921875,0.984375,0.9609375,0.9375,0.9847916357745814,0.9037400454973393,0.4281562566757202,0.6752390265464783,0.24708279967308044,256,biology_cells,1,0,4,C
0.32421875,0.06567427525207398,5.94140625,0.8996156690446724,0.612344383448593,0.96734693877551,0.012048192771084338,0.3515625,1.0,0.99609375,0.9921875,0.98828125,0.984375,0.98046875,0.9960551622400232,0.9999945318250933,0.4281562566757202,0.6752390265464783,0.24708279967308044,256,biology_cells,1,0,8,C
0.2890625,0.14142588757721564,5.94140625,0.9711243672117175,0.7032965687329766,0.6242187264424256,0.0,0.421875,1.0,0.99609375,0.9921875,0.98828125,0.984375,0.98046875,0.9960551622400232,0.9999945318250933,0.4281562566757202,0.6752390265464783,0.24708279967308044,256,biology_cells,1,0,16,C
0.3671875,-0.48667169973883356,5.87109375,0.867880482208778,0.9853293493418014,0.8087348759970302,0.0,0.265625,1.0,0.99609375,0.9921875,0.984375,0.9609375,0.9375,0.9847916357745814,0.9037400454973393,0.3138734996318817,0.530152440071106,0.21627894043922424,256,biology_cells,1,1,4,C
0.29296875,-1.1284034566038226,5.94140625,0.8996156690446724,0.612344383448593,1.006370906724999,0.013333333333333334,0.4140625,1.0,0.99609375,0.9921875,0.98828125,0.984375,0.98046875,0.9960551622400232,0.9999945318250933,0.3138734996318817,0.530152440071106,0.21627894043922424,256,biology_cells,1,1,8,C
0.2734375,-0.39225670705378557,5.94140625,0.9711243672117175,0.7032965687329766,0.835860730146848,0.02857142857142857,0.453125,1.0,0.99609375,0.9921875,0.98828125,0.984375,0.98046875,0.9960551622400232,0.9999945318250933,0.3138734996318817,0.530152440071106,0.21627894043922424,256,biology_cells,1,1,16,C
0.390625,0.39285546846387953,5.88671875,0.9277549549379107,0.9853293493418014,0.8797656030616233,0.0,0.21875,1.0,0.99609375,0.9921875,0.98828125,0.96875,0.94140625,0.9864093242002642,0.8536630637939726,0.4070972502231598,0.6284542083740234,0.22135695815086365,256,biology_cells,1,2,4,C
0.37109375,1.8567908730359188,5.94140625,0.8996156690446724,0.612344383448593,0.988666048761134,0.0,0.2578125,1.0,0.99609375,0.9921875,0.98828125,0.984375,0.98046875,0.9960551622400232,0.9999945318250933,0.4070972502231598,0.6284542083740234,0.22135695815086365,256,biology_cells,1,2,8,C
0.296875,0.40826718489271624,5.890625,0.4095310943579667,0.7032965687329766,0.9611953361781769,0.0,0.40625,1.0,0.99609375,0.9921875,0.984375,0.96875,0.94921875,0.9880411103351838,0.9229723487935574,0.4070972502231598,0.6284542083740234,0.22135695815086365,256,biology_cells,1,2,16,C
0.3515625,-1.073023145207309,5.87109375,0.867880482208778,0.9853293493418014,1.0474770210112583,0.0,0.296875,1.0,0.99609375,0.9921875,0.984375,0.9609375,0.9375,0.9847916357745814,0.9037400454973393,0.32433760166168213,0.5428895950317383,0.21855199337005615,256,biology_cells,1,3,4,C
0.30078125,-0.8298840236398485,5.94140625,0.8996156690446724,0.612344383448593,0.9905492681980846,0.0,0.3984375,1.0,0.99609375,0.9921875,0.98828125,0.984375,0.98046875,0.9960551622400232,0.9999945318250933,0.32433760166168213,0.5428895950317383,0.21855199337005615,256,biology_cells,1,3,8,C
0.30078125,0.5416878335504666,5.94140625,0.9711243672117175,0.7032965687329766,0.9881513794394293,0.0,0.3984375,1.0,0.99609375,0.9921875,0.98828125,0.984375,0.98046875,0.9960551622400232,0.9999945318250933,0.32433760166168213,0.5428895950317383,0.21855199337005615,256,biology_cells,1,3,16,C
0.37109375,-0.34008383837171474,5.87109375,0.867880482208778,0.9853293493418014,0.843380473476758,0.0,0.2578125,1.0,0.99609375,0.9921875,0.984375,0.9609375,0.9375,0.9847916357745814,0.9037400454973393,0.2893594205379486,0.4734452962875366,0.1840858906507492,256,biology_cells,1,4,4,C
0.3359375,0.5134534246980352,5.94140625,0.8996156690446724,0.612344383448593,1.0145135866887196,0.0,0.328125,1.0,0.99609375,0.9921875,0.98828125,0.984375,0.98046875,0.9960551622400232,0.9999945318250933,0.2893594205379486,0.4734452962875366,0.1840858906507492,256,biology_cells,1,4,8,C
0.3125,0.9419497795237175,5.94140625,0.9711243672117175,0.7032965687329766,0.997141130323785,0.0,0.375,1.0,0.99609375,0.9921875,0.98828125,0.984375,0.98046875,0.9960551622400232,0.9999945318250933,0.2893594205379486,0.4734452962875366,0.1840858906507492,256,biology_cells,1,4,16,C
0.4609375,3.0314369730720188,5.84765625,0.778068773115079,0.9853293493418014,0.7808121323382964,0.0,0.078125,1.0,0.99609375,0.9921875,0.9765625,0.94921875,0.93359375,0.9827630054722848,0.9474580743429231,0.40592724084854126,0.678575336933136,0.27264806628227234,256,biology_cells,1,5,4,C
0.3203125,-0.0835854412299131,5.8125,0.012367698976705964,0.612344383448593,0.8612920526743528,0.0,0.359375,1.0,0.99609375,0.9921875,0.97265625,0.9375,0.9140625,0.9774012450307829,0.9385052062380757,0.40592724084854126,0.678575336933136,0.27264806628227234,256,biology_cells,1,5,8,C
0.2734375,-0.39225670705378557,5.90625,0.5823290244668131,0.7032965687329766,0.7774184289732653,0.0,0.453125,1.0,0.99609375,0.9921875,0.984375,0.97265625,0.9609375,0.9908674187692903,0.9638326938154764,0.40592724084854126,0.678575336933136,0.27264806628227234,256,biology_cells,1,5,16,C
0.31640625,-2.3923138975113787,5.87109375,0.867880482208778,0.9853293493418014,0.945860441754207,0.0,0.3671875,1.0,0.99609375,0.9921875,0.984375,0.9609375,0.9375,0.9847916357745814,0.9037400454973393,0.4108651280403137,0.7313445210456848,0.3204793930053711,256,biology_cells,1,6,4,C
0.28515625,-1.4269228895677968,5.94140625,0.8996156690446724,0.612344383448593,0.8231481478383514,0.0,0.4296875,1.0,0.99609375,0.9921875,0.98828125,0.984375,0.98046875,0.9960551622400232,0.9999945318250933,0.4108651280403137,0.7313445210456848,0.3204793930053711,256,biology_cells,1,6,8,C
0.3046875,0.6751084822082168,5.94140625,0.9711243672117175,0.7032965687329766,0.7770042181084634,0.0,0.390625,1.0,0.99609375,0.9921875,0.98828125,0.984375,0.98046875,0.9960551622400232,0.9999945318250933,0.4108651280403137,0.7313445210456848,0.3204793930053711,256,biology_cells,1,6,16,C
0.359375,-0.7798474224730713,5.90234375,0.9876294276670433,0.9853293493418014,0.8616699722580012,0.0,0.28125,1.0,0.99609375,0.9921875,0.98828125,0.97265625,0.953125,0.9892509869635201,0.8861109663195327,0.26256799697875977,0.5089514255523682,0.2463834136724472,256,biology_cells,1,7,4,C
0.32421875,0.06567427525207398,5.94140625,0.8996156690446724,0.612344383448593,0.7997289513728739,0.0,0.3515625,1.0,0.99609375,0.9921875,0.98828125,0.984375,0.98046875,0.9960551622400232,0.9999945318250933,0.26256799697875977,0.5089514255523682,0.2463834136724472,256,biology_cells,1,7,8,C
0.2578125,-0.9259393016847868,5.7109375,-1.5776451018937667,-0.7930791094222963,0.9655671908262002,0.0,0.484375,1.0,0.984313725490196,0.9647058823529412,0.9450980392156862,0.9254901960784314,0.9137254901960784,0.9811471112071665,0.9937218281121033,0.26256799697875977,0.5089514255523682,0.2463834136724472,256,biology_cells,1,7,16,C
0.3828125,0.09967974572964182,5.87109375,0.867880482208778,0.9853293493418014,0.875391467175052,0.0,0.234375,1.0,0.99609375,0.9921875,0.984375,0.9609375,0.9375,0.9847916357745814,0.9037400454973393,0.40639829635620117,0.6548600792884827,0.24846181273460388,256,biology_cells,1,8,4,C
0.328125,0.21493399173406105,5.94140625,0.8996156690446724,0.612344383448593,0.8581184310578568,0.0,0.34375,1.0,0.99609375,0.9921875,0.98828125,0.984375,0.98046875,0.9960551622400232,0.9999945318250933,0.40639829635620117,0.6548600792884827,0.24846181273460388,256,biology_cells,1,8,8,C
0.28125,-0.125415409738285,5.94140625,0.9711243672117175,0.7032965687329766,0.6598479450168405,0.0,0.4375,1.0,0.99609375,0.9921875,0.98828125,0.984375,0.98046875,0.9960551622400232,0.9999945318250933,0.40639829635620117,0.6548600792884827,0.24846181273460388,256,biology_cells,1,8,16,C
0.4296875,1.858734082135068,5.78515625,0.5385708821985484,0.9853293493418014,0.80234893298435,0.0,0.140625,1.0,0.99609375,0.98828125,0.97265625,0.93359375,0.89453125,0.9731657109456654,0.9170857418305002,0.3354560136795044,0.5183672904968262,0.18291133642196655,256,biology_cells,1,9,4,C
0.32421875,0.06567427525207398,5.94140625,0.8996156690446724,0.612344383448593,0.9428090415820635,0.0,0.3515625,1.0,0.99609375,0.9921875,0.98828125,0.984375,0.98046875,0.9960551622400232,0.9999945318250933,0.3354560136795044,0.5183672904968262,0.18291133642196655,256,biology_cells,1,9,8,C
0.2421875,-1.459621896315788,5.8203125,-0.368059591131842,-0.4189851898834781,0.8233817418052275,0.016129032258064516,0.515625,1.0,0.9882352941176471,0.9803921568627451,0.9725490196078431,0.9568627450980393,0.9450980392156862,0.9887085325356063,0.9786244289994777,0.3354560136795044,0.5183672904968262,0.18291133642196655,256,biology_cells,1,9,16,C
0.38671875,0.24626760709676068,5.94140625,1.1373156094898749,0.9853293493418014,0.8649386020248929,0.0,0.2265625,1.0,0.99609375,0.9921875,0.98828125,0.984375,0.98046875,0.9960551622400232,0.9999945318250933,0.3561311364173889,0.5731825828552246,0.2170514464378357,256,biology_cells,1,10,4,C
0.28515625,-1.4269228895677968,5.9375,0.8727293669214007,0.612344383448593,0.8964864488831451,0.0136986301369863,0.4296875,1.0,0.99609375,0.9921875,0.98828125,0.984375,0.9765625,0.9952602249442511,0.9720086167693385,0.3561311364173889,0.5731825828552246,0.2170514464378357,256,biology_cells,1,10,8,C
0.23828125,-1.5930425449735384,5.85546875,0.02073575161306235,0.7032965687329766,0.9254319670079091,0.03278688524590164,0.5234375,1.0,0.99609375,0.9921875,0.9765625,0.953125,0.9375,0.9839880478123476,0.955319103057896,0.3561311364173889,0.5731825828552246,0.2170514464378357,256,biology_cells,1,10,16,C
0.37890625,-0.04690811563747703,5.87109375,0.867880482208778,0.9853293493418014,0.8430387578307215,0.0,0.2421875,1.0,0.99609375,0.9921875,0.984375,0.9609375,0.9375,0.9847916357745814,0.9037400454973393,0.45113587379455566,0.6183356046676636,0.16719970107078552,256,biology_cells,1,11,4,C
0.3046875,-0.6806243071578614,5.94140625,0.8996156690446724,0.612344383448593,0.8785608238499926,0.01282051282051282,0.390625,1.0,0.99609375,0.9921875,0.98828125,0.984375,0.98046875,0.9960551622400232,0.9999945318250933,0.45113587379455566,0.6183356046676636,0.16719970107078552,256,biology_cells,1,11,8,C
0.29296875,0.2748465362349659,5.94140625,0.9711243672117175,0.7032965687329766,0.7701010034765281,0.0,0.4140625,1.0,0.99609375,0.9921875,0.98828125,0.984375,0.98046875,0.9960551622400232,0.9999945318250933,0.45113587379455566,0.6183356046676636,0.16719970107078552,256,biology_cells,1,11,16,C
0.39453125,0.5394433298309984,5.87109375,0.867880482208778,0.9853293493418014,0.8826117858144867,0.0,0.2109375,1.0,0.99609375,0.9921875,0.984375,0.9609375,0.9375,0.9847916357745814,0.9037400454973393,0.36983639001846313,0.5353038311004639,0.16546741127967834,256,biology_cells,1,12,4,C
0.30078125,-0.8298840236398485,5.94140625,0.8996156690446724,0.612344383448593,1.0222486045576884,0.0,0.3984375,1.0,0.99609375,0.9921875,0.98828125,0.984375,0.98046875,0.9960551622400232,0.9999945318250933,0.36983639001846313,0.5353038311004639,0.16546741127967834,256,biology_cells,1,12,8,C
0.30078125,0.5416878335504666,5.94140625,0.9711243672117175,0.7032965687329766,0.8549773646167407,0.0,0.3984375,1.0,0.99609375,0.9921875,0.98828125,0.984375,0.98046875,0.9960551622400232,0.9999945318250933,0.36983639001846313,0.5353038311004639,0.16546741127967834,256,biology_cells,1,12,16,C
0.35546875,-0.9264352838401901,5.87109375,0.867880482208778,0.9853293493418014,1.030181077167945,0.0,0.2890625,1.0,0.99609375,0.9921875,0.984375,0.9609375,0.9375,0.9847916357745814,0.9037400454973393,0.3776877224445343,0.6827202439308167,0.30503249168395996,256,biology_cells,1,13,4,C
0.32421875,0.06567427525207398,5.94140625,0.8996156690446724,0.612344383448593,0.8698716332703772,0.0,0.3515625,1.0,0.99609375,0.9921875,0.98828125,0.984375,0.98046875,0.9960551622400232,0.9999945318250933,0.3776877224445343,0.6827202439308167,0.30503249168395996,256,biology_cells,1,13,8,C
0.25,-1.1927805990002873,5.94140625,0.9711243672117175,0.7032965687329766,0.7658302429269541,0.015625,0.5,1.0,0.99609375,0.9921875,0.98828125,0.984375,0.98046875,0.9960551622400232,0.9999945318250933,0.3776877224445343,0.6827202439308167,0.30503249168395996,256,biology_cells,1,13,16,C
0.37109375,-0.34008383837171474,5.90234375,0.9876294276670433,0.9853293493418014,0.8770940905310316,0.0,0.2578125,1.0,0.99609375,0.9921875,0.98828125,0.97265625,0.953125,0.9892509869635201,0.8861109663195327,0.4097178876399994,0.5439668297767639,0.13424891233444214,256,biology_cells,1,14,4,C
0.3125,-0.3821048741938873,5.94140625,0.8996156690446724,0.612344383448593,0.9688355032734739,0.0,0.375,1.0,0.99609375,0.9921875,0.98828125,0.984375,0.98046875,0.9960551622400232,0.9999945318250933,0.4097178876399994,0.5439668297767639,0.13424891233444214,256,biology_cells,1,14,8,C
0.2734375,-0.39225670705378557,5.94140625,0.9711243672117175,0.7032965687329766,0.8486279439995661,0.0,0.453125,1.0,0.99609375,0.9921875,0.98828125,0.984375,0.98046875,0.9960551622400232,0.9999945318250933,0.4097178876399994,0.5439668297767639,0.13424891233444214,256,biology_cells,1,14,16,C
0.40625,0.9792069139323549,5.90234375,0.9876294276670433,0.9853293493418014,1.3062152529826014,0.0,0.1875,1.0,0.99609375,0.9921875,0.98828125,0.97265625,0.953125,0.9892509869635201,0.8861109663195327,0.3203199505805969,0.48756736516952515,0.1672474443912506,256,biology_cells,1,15,4,C
0.26171875,-2.322481188459719,5.94140625,0.8996156690446724,0.612344383448593,1.1623665012961024,0.0,0.4765625,1.0,0.99609375,0.9921875,0.98828125,0.984375,0.98046875,0.9960551622400232,0.9999945318250933,0.3203199505805969,0.48756736516952515,0.1672474443912506,256,biology_cells,1,15,8,C
0.3125,0.9419497795237175,5.94140625,0.9711243672117175,0.7032965687329766,0.855887935562513,0.0,0.375,1.0,0.99609375,0.9921875,0.98828125,0.984375,0.98046875,0.9960551622400232,0.9999945318250933,0.3203199505805969,0.48756736516952515,0.1672474443912506,256,biology_cells,1,15,16,C
0.3828125,0.09967974572964182,5.80078125,0.5984453549276811,0.9853293493418014,0.9062143729802118,0.0,0.234375,1.0,0.99609375,0.9921875,0.98046875,0.94140625,0.890625,0.9727410998878286,0.8580956165238449,0.3436293303966522,0.648576021194458,0.3049467206001282,256,biology_cells,1,16,4,C
0.296875,-0.9791437401218356,5.94140625,0.8996156690446724,0.612344383448593,0.8219196149225415,0.013157894736842105,0.40625,1.0,0.99609375,0.9921875,0.98828125,0.984375,0.98046875,0.9960551622400232,0.9999945318250933,0.3436293303966522,0.648576021194458,0.3049467206001282,256,biology_cells,1,16,8,C
0.3046875,0.6751084822082168,5.89453125,0.4527305768851783,0.7032965687329766,0.773383999379608,0.0,0.390625,1.0,0.99609375,0.9921875,0.984375,0.96875,0.953125,0.9888529775857997,0.9400957142937522,0.3436293303966522,0.648576021194458,0.3049467206001282,256,biology_cells,1,16,16,C
0.43359375,2.005321943502187,5.87109375,0.867880482208778,0.9853293493418014,0.7667317750538186,0.0,0.1328125,1.0,0.99609375,0.9921875,0.984375,0.9609375,0.9375,0.9847916357745814,0.9037400454973393,0.3730846643447876,0.6435427069664001,0.27045804262161255,256,biology_cells,1,17,4,C
0.296875,-0.9791437401218356,5.94140625,0.8996156690446724,0.612344383448593,0.8264538563048937,0.0,0.40625,1.0,0.99609375,0.9921875,0.98828125,0.984375,0.98046875,0.9960551622400232,0.9999945318250933,0.3730846643447876,0.6435427069664001,0.27045804262161255,256,biology_cells,1,17,8,C
0.30859375,0.8085291308659671,5.94140625,0.9711243672117175,0.7032965687329766,0.7306225020702757,0.012658227848101266,0.3828125,1.0,0.99609375,0.9921875,0.98828125,0.984375,0.98046875,0.9960551622400232,0.9999945318250933,0.3730846643447876,0.6435427069664001,0.27045804262161255,256,biology_cells,1,17,16,C
0.375,-0.1934959770045959,5.87109375,0.867880482208778,0.9853293493418014,0.7910117480104555,0.010416666666666666,0.25,1.0,0.99609375,0.9921875,0.984375,0.9609375,0.9375,0.9847916357745814,0.9037400454973393,0.41251271963119507,0.5752851366996765,0.16277238726615906,256,biology_cells,1,18,4,C
0.28515625,-1.4269228895677968,5.94140625,0.8996156690446724,0.612344383448593,0.9017795876749342,0.0136986301369863,0.4296875,1.0,0.99609375,0.9921875,0.98828125,0.984375,0.98046875,0.9960551622400232,0.9999945318250933,0.41251271963119507,0.5752851366996765,0.16277238726615906,256,biology_cells,1,18,8,C
0.23828125,-1.5930425449735384,5.94140625,0.9711243672117175,0.7032965687329766,0.6614378277661477,0.0,0.5234375,1.0,0.99609375,0.9921875,0.98828125,0.984375,0.98046875,0.9960551622400232,0.9999945318250933,0.41251271963119507,0.5752851366996765,0.16277238726615906,256,biology_cells,1,18,16,C
0.35546875,-0.9264352838401901,5.8046875,0.6134139731099643,0.9853293493418014,1.139239291566516,0.0,0.2890625,1.0,0.99609375,0.9921875,0.98046875,0.9375,0.8984375,0.9740366169763338,0.8815931208191251,0.4698296785354614,0.6668118238449097,0.19698213040828705,256,biology_cells,1,19,4,C
0.24609375,-2.9195200543876676,5.9375,0.8727293669214007,0.612344383448593,0.880041400548796,0.0,0.5078125,1.0,0.99609375,0.9921875,0.98828125,0.984375,0.9765625,0.9952602249442511,0.9720086167693385,0.4698296785354614,0.6668118238449097,0.19698213040828705,256,biology_cells,1,19,8,C
0.27734375,-0.2588360583960353,5.8828125,0.3231321293035435,0.7032965687329766,0.8718560093743924,0.0,0.4453125,1.0,0.99609375,0.9921875,0.984375,0.96484375,0.9453125,0.9868277664633336,0.9200849196110826,0.4698296785354614,0.6668118238449097,0.19698213040828705,256,biology_cells,1,19,16,C
0.38671875,0.24626760709676068,5.77734375,0.5086336458339821,0.9853293493418014,0.8731500038244068,0.0,0.2265625,1.0,0.99609375,0.98828125,0.97265625,0.93359375,0.88671875,0.9714598885156602,0.9014954063033954,0.4048793911933899,0.5907514095306396,0.18587207794189453,256,biology_cells,1,20,4,C
0.33203125,0.36419370821604813,5.94140625,0.8996156690446724,0.612344383448593,0.840172132856112,0.0,0.3359375,1.0,0.99609375,0.9921875,0.98828125,0.984375,0.98046875,0.9960551622400232,0.9999945318250933,0.4048793911933899,0.5907514095306396,0.18587207794189453,256,biology_cells,1,20,8,C
0.28125,-0.125415409738285,5.94140625,0.9711243672117175,0.7032965687329766,0.8573508915473921,0.0,0.4375,1.0,0.99609375,0.9921875,0.98828125,0.984375,0.98046875,0.9960551622400232,0.9999945318250933,0.4048793911933899,0.5907514095306396,0.18587207794189453,256,biology_cells,1,20,16,C
0.328125,-1.9525503134100222,5.87109375,0.867880482208778,0.9853293493418014,0.9762919220199144,0.011904761904761904,0.34375,1.0,0.99609375,0.9921875,0.984375,0.9609375,0.9375,0.9847916357745814,0.9037400454973393,0.445377916097641,0.596725583076477,0.15134760737419128,256,biology_cells,1,21,4,C
0.265625,-2.1732214719777323,5.94140625,0.8996156690446724,0.612344383448593,1.0357539954185095,0.014705882352941176,0.46875,1.0,0.99609375,0.9921875,0.98828125,0.984375,0.98046875,0.9960551622400232,0.9999945318250933,0.445377916097641,0.596725583076477,0.15134760737419128,256,biology_cells,1,21,8,C
0.29296875,0.2748465362349659,5.94140625,0.9711243672117175,0.7032965687329766,0.7263928213076326,0.0,0.4140625,1.0,0.99609375,0.9921875,0.98828125,0.984375,0.98046875,0.9960551622400232,0.9999945318250933,0.445377916097641,0.596725583076477,0.15134760737419128,256,biology_cells,1,21,16,C
0.3984375,0.6860311911981172,5.87109375,0.867880482208778,0.9853293493418014,0.9320885268322088,0.0,0.203125,1.0,0.99609375,0.9921875,0.984375,0.9609375,0.9375,0.9847916357745814,0.9037400454973393,0.4079875349998474,0.6061218976974487,0.19813433289527893,256,biology_cells,1,22,4,C
0.20703125,-4.412117219207539,5.94140625,0.8996156690446724,0.612344383448593,0.9056659751519395,0.018867924528301886,0.5859375,1.0,0.99609375,0.9921875,0.98828125,0.984375,0.98046875,0.9960551622400232,0.9999945318250933,0.4079875349998474,0.6061218976974487,0.19813433289527893,256,biology_cells,1,22,8,C
0.23046875,-1.859883842289039,5.94140625,0.9711243672117175,0.7032965687329766,0.8585809363948815,0.01694915254237288,0.5390625,1.0,0.99609375,0.9921875,0.98828125,0.984375,0.98046875,0.9960551622400232,0.9999945318250933,0.4079875349998474,0.6061218976974487,0.19813433289527893,256,biology_cells,1,22,16,C
0.35546875,-0.9264352838401901,5.77734375,0.5086336458339821,0.9853293493418014,1.0505348591134,0.0,0.2890625,1.0,0.99609375,0.9921875,0.98046875,0.9296875,0.87890625,0.9689531782429639,0.8618940215664352,0.3750301003456116,0.5298750400543213,0.15484493970870972,256,biology_cells,1,23,4,C
0.27734375,-1.725442322531771,5.94140625,0.8996156690446724,0.612344383448593,0.8930515920948625,0.0,0.4453125,1.0,0.99609375,0.9921875,0.98828125,0.984375,0.98046875,0.9960551622400232,0.9999945318250933,0.3750301003456116,0.5298750400543213,0.15484493970870972,256,biology_cells,1,23,8,C
0.265625,-0.6590980043692862,5.94140625,0.9711243672117175,0.7032965687329766,0.8416121065668637,0.0,0.46875,1.0,0.99609375,0.9921875,0.98828125,0.984375,0.98046875,0.9960551622400232,0.9999945318250933,0.3750301003456116,0.5298750400543213,0.15484493970870972,256,biology_cells,1,23,16,C
0.33203125,-1.8059624520429032,5.87109375,0.867880482208778,0.9853293493418014,0.8670514385697384,0.011764705882352941,0.3359375,1.0,0.99609375,0.9921875,0.984375,0.9609375,0.9375,0.9847916357745814,0.9037400454973393,0.35970741510391235,0.5835529565811157,0.22384551167488098,256,biology_cells,1,24,4,C
0.265625,-2.1732214719777323,5.94140625,0.8996156690446724,0.612344383448593,1.2226454042904764,0.0,0.46875,1.0,0.99609375,0.9921875,0.98828125,0.984375,0.98046875,0.9960551622400232,0.9999945318250933,0.35970741510391235,0.5835529565811157,0.22384551167488098,256,biology_cells,1,24,8,C
0.25390625,-1.059359950342537,5.94140625,0.9711243672117175,0.7032965687329766,0.9652187225614841,0.015384615384615385,0.4921875,1.0,0.99609375,0.9921875,0.98828125,0.984375,0.98046875,0.9960551622400232,0.9999945318250933,0.35970741510391235,0.5835529565811157,0.22384551167488098,256,biology_cells,1,24,16,C
0.40625,0.9792069139323549,5.87109375,0.867880482208778,0.9853293493418014,0.8675442478905797,0.0,0.1875,1.0,0.99609375,0.9921875,0.984375,0.9609375,0.9375,0.9847916357745814,0.9037400454973393,0.42046210169792175,0.6134441494941711,0.1929820477962494,256,biology_cells,1,25,4,C
0.3203125,-0.0835854412299131,5.94140625,0.8996156690446724,0.612344383448593,0.9616377562788451,0.0,0.359375,1.0,0.99609375,0.9921875,0.98828125,0.984375,0.98046875,0.9960551622400232,0.9999945318250933,0.42046210169792175,0.6134441494941711,0.1929820477962494,256,biology_cells,1,25,8,C
0.234375,-1.7264631936312886,5.94140625,0.9711243672117175,0.7032965687329766,0.8941507118131675,0.03333333333333333,0.53125,1.0,0.99609375,0.9921875,0.98828125,0.984375,0.98046875,0.9960551622400232,0.9999945318250933,0.42046210169792175,0.6134441494941711,0.1929820477962494,256,biology_cells,1,25,16,C
0.34375,-1.3661988679415467,5.87109375,0.867880482208778,0.9853293493418014,0.9345388852441097,0.0,0.3125,1.0,0.99609375,0.9921875,0.984375,0.9609375,0.9375,0.9847916357745814,0.9037400454973393,0.4322439134120941,0.5389103889465332,0.1066664531826973,256,biology_cells,1,26,4,C
0.2890625,-1.2776631730858097,5.94140625,0.8996156690446724,0.612344383448593,1.0722109517806104,0.0,0.421875,1.0,0.99609375,0.9921875,0.98828125,0.984375,0.98046875,0.9960551622400232,0.9999945318250933,0.4322439134120941,0.5389103889465332,0.1066664531826973,256,biology_cells,1,26,8,C
0.2421875,-1.459621896315788,5.94140625,0.9711243672117175,0.7032965687329766,0.8009709973678266,0.0,0.515625,1.0,0.99609375,0.9921875,0.98828125,0.984375,0.98046875,0.9960551622400232,0.9999945318250933,0.4322439134120941,0.5389103889465332,0.1066664531826973,256,biology_cells,1,26,16,C
0.3515625,-1.073023145207309,5.87109375,0.867880482208778,0.9853293493418014,0.949545874880518,0.0,0.296875,1.0,0.99609375,0.9921875,0.984375,0.9609375,0.9375,0.9847916357745814,0.9037400454973393,0.32855224609375,0.574045717716217,0.24549350142478943,256,biology_cells,1,27,4,C
0.28515625,-1.4269228895677968,5.94140625,0.8996156690446724,0.612344383448593,1.0064740278134423,0.0,0.4296875,1.0,0.99609375,0.9921875,0.98828125,0.984375,0.98046875,0.9960551622400232,0.9999945318250933,0.32855224609375,0.574045717716217,0.24549350142478943,256,biology_cells,1,27,8,C
0.1796875,-3.594352274839793,5.94140625,0.9711243672117175,0.7032965687329766,0.7316033722563323,0.043478260869565216,0.640625,1.0,0.99609375,0.9921875,0.98828125,0.984375,0.98046875,0.9960551622400232,0.9999945318250933,0.32855224609375,0.574045717716217,0.24549350142478943,256,biology_cells,1,27,16,C
0.42578125,1.7121462207679492,5.87109375,0.867880482208778,0.9853293493418014,0.7739820318352404,0.0,0.1484375,1.0,0.99609375,0.9921875,0.984375,0.9609375,0.9375,0.9847916357745814,0.9037400454973393,0.38650035858154297,0.5951179265975952,0.20861755311489105,256,biology_cells,1,28,4,C
0.27734375,-1.725442322531771,5.94140625,0.8996156690446724,0.612344383448593,0.9524082264046192,0.014084507042253521,0.4453125,1.0,0.99609375,0.9921875,0.98828125,0.984375,0.98046875,0.9960551622400232,0.9999945318250933,0.38650035858154297,0.5951179265975952,0.20861755311489105,256,biology_cells,1,28,8,C
0.25,-1.1927805990002873,5.94140625,0.9711243672117175,0.7032965687329766,0.6448637329520563,0.0,0.5,1.0,0.99609375,0.9921875,0.98828125,0.984375,0.98046875,0.9960551622400232,0.9999945318250933,0.38650035858154297,0.5951179265975952,0.20861755311489105,256,biology_cells,1,28,16,C
0.41015625,1.1257947752994737,5.87109375,0.867880482208778,0.9853293493418014,0.8424847323156405,0.0,0.1796875,1.0,0.99609375,0.9921875,0.984375,0.9609375,0.9375,0.9847916357745814,0.9037400454973393,0.4382564425468445,0.6462360620498657,0.2079797089099884,256,biology_cells,1,29,4,C
0.30078125,-0.8298840236398485,5.94140625,0.8996156690446724,0.612344383448593,0.8724674780232479,0.012987012987012988,0.3984375,1.0,0.99609375,0.9921875,0.98828125,0.984375,0.98046875,0.9960551622400232,0.9999945318250933,0.4382564425468445,0.6462360620498657,0.2079797089099884,256,biology_cells,1,29,8,C
0.27734375,-0.2588360583960353,5.94140625,0.9711243672117175,0.7032965687329766,0.8147519728538938,0.0,0.4453125,1.0,0.99609375,0.9921875,0.98828125,0.984375,0.98046875,0.9960551622400232,0.9999945318250933,0.4382564425468445,0.6462360620498657,0.2079797089099884,256,biology_cells,1,29,16,C
0.453125,2.7382612503377812,5.87109375,0.867880482208778,0.9853293493418014,0.7892766905406102,0.0,0.09375,1.0,0.99609375,0.9921875,0.984375,0.9609375,0.9375,0.9847916357745814,0.9037400454973393,0.3766750395298004,0.5961918830871582,0.21951687335968018,256,biology_cells,2,0,4,C
0.36328125,1.5582714400719448,5.94140625,0.8996156690446724,0.612344383448593,0.7973699248230776,0.0,0.2734375,1.0,0.99609375,0.9921875,0.98828125,0.984375,0.98046875,0.9960551622400232,0.9999945318250933,0.3766750395298004,0.5961918830871582,0.21951687335968018,256,biology_cells,2,0,8,C
0.27734375,-0.2588360583960353,5.94140625,0.9711243672117175,0.7032965687329766,0.6084918986071662,0.0,0.4453125,1.0,0.99609375,0.9921875,0.98828125,0.984375,0.98046875,0.9960551622400232,0.9999945318250933,0.3766750395298004,0.5961918830871582,0.21951687335968018,256,biology_cells,2,0,16,C
0.36328125,-0.6332595611059524,5.87109375,0.867880482208778,0.9853293493418014,0.9310238509459233,0.0,0.2734375,1.0,0.99609375,0.9921875,0.984375,0.9609375,0.9375,0.9847916357745814,0.9037400454973393,0.3197244107723236,0.5433773398399353,0.2236529290676117,256,biology_cells,2,1,4,C
0.3125,-0.3821048741938873,5.94140625,0.8996156690446724,0.612344383448593,0.7942706661079993,0.0,0.375,1.0,0.99609375,0.9921875,0.98828125,0.984375,0.98046875,0.9960551622400232,0.9999945318250933,0.3197244107723236,0.5433773398399353,0.2236529290676117,256,biology_cells,2,1,8,C
0.21875,-2.2601457882622897,5.94140625,0.9711243672117175,0.7032965687329766,0.8376886643796235,0.05357142857142857,0.5625,1.0,0.99609375,0.9921875,0.98828125,0.984375,0.98046875,0.9960551622400232,0.9999945318250933,0.3197244107723236,0.5433773398399353,0.2236529290676117,256,biology_cells,2,1,16,C
0.359375,-0.7798474224730713,5.90234375,0.9876294276670433,0.9853293493418014,1.0281579955296578,0.0,0.28125,1.0,0.99609375,0.9921875,0.98828125,0.97265625,0.953125,0.9892509869635201,0.8861109663195327,0.3798293471336365,0.576865017414093,0.19703568518161774,256,biology_cells,2,2,4,C
0.3125,-0.3821048741938873,5.94140625,0.8996156690446724,0.612344383448593,0.8684463944401661,0.0,0.375,1.0,0.99609375,0.9921875,0.98828125,0.984375,0.98046875,0.9960551622400232,0.9999945318250933,0.3798293471336365,0.576865017414093,0.19703568518161774,256,biology_cells,2,2,8,C
0.2578125,-0.9259393016847868,5.91015625,0.6255285069940247,0.7032965687329766,1.0938372822316853,0.0,0.484375,1.0,0.99609375,0.9921875,0.984375,0.97265625,0.96484375,0.9916716953308852,0.9748654282796898,0.3798293471336365,0.576865017414093,0.19703568518161774,256,biology_cells,2,2,16,C
0.37890625,-0.04690811563747703,5.87109375,0.867880482208778,0.9853293493418014,0.8667165403577204,0.0,0.2421875,1.0,0.99609375,0.9921875,0.984375,0.9609375,0.9375,0.9847916357745814,0.9037400454973393,0.37317973375320435,0.537590742111206,0.16441096365451813,256,biology_cells,2,3,4,C
0.3046875,-0.6806243071578614,5.94140625,0.8996156690446724,0.612344383448593,0.8455544782599496,0.02564102564102564,0.390625,1.0,0.99609375,0.9921875,0.98828125,0.984375,0.98046875,0.9960551622400232,0.9999945318250933,0.37317973375320435,0.537590742111206,0.16441096365451813,256,biology_cells,2,3,8,C
0.3046875,0.6751084822082168,5.94140625,0.9711243672117175,0.7032965687329766,0.7464418868602927,0.0,0.390625,1.0,0.99609375,0.9921875,0.98828125,0.984375,0.98046875,0.9960551622400232,0.9999945318250933,0.37317973375320435,0.537590742111206,0.16441096365451813,256,biology_cells,2,3,16,C
0.3828125,0.09967974572964182,5.87109375,0.867880482208778,0.9853293493418014,0.8646018332499604,0.0,0.234375,1.0,0.99609375,0.9921875,0.984375,0.9609375,0.9375,0.9847916357745814,0.9037400454973393,0.3399873375892639,0.47414544224739075,0.13415810465812683,256,biology_cells,2,4,4,C
0.29296875,-1.1284034566038226,5.94140625,0.8996156690446724,0.612344383448593,0.9012296884911232,0.0,0.4140625,1.0,0.99609375,0.9921875,0.98828125,0.984375,0.98046875,0.9960551622400232,0.9999945318250933,0.3399873375892639,0.47414544224739075,0.13415810465812683,256,biology_cells,2,4,8,C
0.265625,-0.6590980043692862,5.94140625,0.9711243672117175,0.7032965687329766,0.7394269882954903,0.0,0.46875,1.0,0.99609375,0.9921875,0.98828125,0.984375,0.98046875,0.9960551622400232,0.9999945318250933,0.3399873375892639,0.47414544224739075,0.13415810465812683,256,biology_cells,2,4,16,C
0.421875,1.5655583594008304,5.62109375,-0.09011108145734437,0.6561547337487716,0.8305984656916636,0.0,0.15625,1.0,0.9882352941176471,0.9764705882352941,0.9450980392156862,0.8862745098039215,0.8470588235294118,0.960288109306289,0.9480418117099925,0.3529956340789795,0.6585434675216675,0.30554789304733276,256,biology_cells,2,5,4,C
0.35546875,1.2597520071079706,5.81640625,0.039254001099977676,0.612344383448593,0.9611659586148482,0.01098901098901099,0.2890625,1.0,0.99609375,0.9921875,0.97265625,0.9375,0.91796875,0.9782352063512333,0.9409510658015509,0.3529956340789795,0.6585434675216675,0.30554789304733276,256,biology_cells,2,5,8,C
0.26953125,-0.5256773557115358,5.92578125,0.7983264371028711,0.7032965687329766,0.9298970295862157,0.014492753623188406,0.4609375,1.0,0.99609375,0.9921875,0.98828125,0.98046875,0.96875,0.9932676717632941,0.9364511861910951,0.3529956340789795,0.6585434675216675,0.30554789304733276,256,biology_cells,2,5,16,C
0.32421875,-2.099138174777141,5.87109375,0.867880482208778,0.9853293493418014,0.8473514904180773,0.0,0.3515625,1.0,0.99609375,0.9921875,0.984375,0.9609375,0.9375,0.9847916357745814,0.9037400454973393,0.38223177194595337,0.5170223712921143,0.13479065895080566,256,biology_cells,2,6,4,C
0.3203125,-0.0835854412299131,5.94140625,0.8996156690446724,0.612344383448593,0.8739079577967817,0.0,0.359375,1.0,0.99609375,0.9921875,0.98828125,0.984375,0.98046875,0.9960551622400232,0.9999945318250933,0.38223177194595337,0.5170223712921143,0.13479065895080566,256,biology_cells,2,6,8,C
0.265625,-0.6590980043692862,5.94140625,0.9711243672117175,0.7032965687329766,1.0010410536231087,0.0,0.46875,1.0,0.99609375,0.9921875,0.98828125,0.984375,0.98046875,0.9960551622400232,0.9999945318250933,0.38223177194595337,0.5170223712921143,0.13479065895080566,256,biology_cells,2,6,16,C
0.39453125,0.5394433298309984,5.90234375,0.9876294276670433,0.9853293493418014,0.7630438769007888,0.0,0.2109375,1.0,0.99609375,0.9921875,0.98828125,0.97265625,0.953125,0.9892509869635201,0.8861109663195327,0.4225901961326599,0.6398509740829468,0.21726080775260925,256,biology_cells,2,7,4,C
0.3515625,1.1104922906259835,5.94140625,0.8996156690446724,0.612344383448593,0.8158410459478375,0.0,0.296875,1.0,0.99609375,0.9921875,0.98828125,0.984375,0.98046875,0.9960551622400232,0.9999945318250933,0.4225901961326599,0.6398509740829468,0.21726080775260925,256,biology_cells,2,7,8,C
0.31640625,1.0753704281814678,5.91015625,0.6255285069940247,0.7032965687329766,0.905626854725499,0.0,0.3671875,1.0,0.99609375,0.9921875,0.984375,0.97265625,0.96484375,0.9916716953308852,0.9748654282796898,0.4225901961326599,0.6398509740829468,0.21726080775260925,256,biology_cells,2,7,16,C
0.41015625,1.1257947752994737,5.80078125,0.5984453549276811,0.9853293493418014,0.7844289547305074,0.0,0.1796875,1.0,0.99609375,0.9921875,0.9765625,0.9375,0.8984375,0.9740366169763338,0.8992477245808862,0.2745455503463745,0.5154910087585449,0.24094541370868683,256,biology_cells,2,8,4,C
0.41015625,3.34938803785579,5.44921875,-2.488058398487563,-2.430360627476094,0.659178968437223,0.0,0.1796875,1.0,0.956,0.928,0.908,0.896,0.892,0.9827824574318063,0.9238525057458131,0.2745455503463745,0.5154910087585449,0.24094541370868683,256,biology_cells,2,8,8,C
0.3515625,2.2761562661012205,5.86328125,0.10713471666748554,-0.4189851898834781,0.7337602825957825,0.0,0.296875,1.0,0.9882352941176471,0.9803921568627451,0.9764705882352941,0.9725490196078431,0.9686274509803922,0.9952001887405004,0.9739291875786131,0.2745455503463745,0.5154910087585449,0.24094541370868683,256,biology_cells,2,8,16,C
0.375,-0.1934959770045959,5.87109375,0.867880482208778,0.9853293493418014,0.903159189193054,0.0,0.25,1.0,0.99609375,0.9921875,0.984375,0.9609375,0.9375,0.9847916357745814,0.9037400454973393,0.34791430830955505,0.5660795569419861,0.21816523373126984,256,biology_cells,2,9,4,C
0.3203125,-0.0835854412299131,5.94140625,0.8996156690446724,0.612344383448593,0.9131735217815754,0.0,0.359375,1.0,0.99609375,0.9921875,0.98828125,0.984375,0.98046875,0.9960551622400232,0.9999945318250933,0.34791430830955505,0.5660795569419861,0.21816523373126984,256,biology_cells,2,9,8,C
0.30859375,0.8085291308659671,5.94140625,0.9711243672117175,0.7032965687329766,0.7945797685481863,0.012658227848101266,0.3828125,1.0,0.99609375,0.9921875,0.98828125,0.984375,0.98046875,0.9960551622400232,0.9999945318250933,0.34791430830955505,0.5660795569419861,0.21816523373126984,256,biology_cells,2,9,16,C
0.3984375,0.6860311911981172,5.87109375,0.867880482208778,0.9853293493418014,0.8871412312594751,0.0,0.203125,1.0,0.99609375,0.9921875,0.984375,0.9609375,0.9375,0.9847916357745814,0.9037400454973393,0.36129093170166016,0.5897866487503052,0.22849570214748383,256,biology_cells,2,10,4,C
0.27734375,-1.725442322531771,5.94140625,0.8996156690446724,0.612344383448593,0.8546645253290744,0.0,0.4453125,1.0,0.99609375,0.9921875,0.98828125,0.984375,0.98046875,0.9960551622400232,0.9999945318250933,0.36129093170166016,0.5897866487503052,0.22849570214748383,256,biology_cells,2,10,8,C
0.3046875,0.6751084822082168,5.94140625,0.9711243672117175,0.7032965687329766,0.7848160812024896,0.0,0.390625,1.0,0.99609375,0.9921875,0.98828125,0.984375,0.98046875,0.9960551622400232,0.9999945318250933,0.36129093170166016,0.5897866487503052,0.22849570214748383,256,biology_cells,2,10,16,C
0.37890625,-0.04690811563747703,5.87109375,0.867880482208778,0.9853293493418014,1.0492552236961672,0.0,0.2421875,1.0,0.99609375,0.9921875,0.984375,0.9609375,0.9375,0.9847916357745814,0.9037400454973393,0.3702945411205292,0.5753805041313171,0.20508596301078796,256,biology_cells,2,11,4,C
0.30078125,-0.8298840236398485,5.94140625,0.8996156690446724,0.612344383448593,0.863512618266967,0.0,0.3984375,1.0,0.99609375,0.9921875,0.98828125,0.984375,0.98046875,0.9960551622400232,0.9999945318250933,0.3702945411205292,0.5753805041313171,0.20508596301078796,256,biology_cells,2,11,8,C
0.23828125,-1.5930425449735384,5.94140625,0.9711243672117175,0.7032965687329766,0.809790380310624,0.04918032786885246,0.5234375,1.0,0.99609375,0.9921875,0.98828125,0.984375,0.98046875,0.9960551622400232,0.9999945318250933,0.3702945411205292,0.5753805041313171,0.20508596301078796,256,biology_cells,2,11,16,C
0.3671875,-0.48667169973883356,5.87109375,0.867880482208778,0.9853293493418014,0.8052784684313656,0.0,0.265625,1.0,0.99609375,0.9921875,0.984375,0.9609375,0.9375,0.9847916357745814,0.9037400454973393,0.4135349988937378,0.5646546483039856,0.15111961960792542,256,biology_cells,2,12,4,C
0.34375,0.8119728576620093,5.94140625,0.8996156690446724,0.612344383448593,0.8241111761265565,0.0,0.3125,1.0,0.99609375,0.9921875,0.98828125,0.984375,0.98046875,0.9960551622400232,0.9999945318250933,0.4135349988937378,0.5646546483039856,0.15111961960792542,256,biology_cells,2,12,8,C
0.2421875,-1.459621896315788,5.94140625,0.9711243672117175,0.7032965687329766,0.8812714362001614,0.0,0.515625,1.0,0.99609375,0.9921875,0.98828125,0.984375,0.98046875,0.9960551622400232,0.9999945318250933,0.4135349988937378,0.5646546483039856,0.15111961960792542,256,biology_cells,2,12,16,C
0.35546875,-0.9264352838401901,5.87109375,0.867880482208778,0.9853293493418014,0.8085857481553519,0.0,0.2890625,1.0,0.99609375,0.9921875,0.984375,0.9609375,0.9375,0.9847916357745814,0.9037400454973393,0.3472721576690674,0.5472987294197083,0.20002663135528564,256,biology_cells,2,13,4,C
0.3203125,-0.0835854412299131,5.94140625,0.8996156690446724,0.612344383448593,0.81311613616719,0.0,0.359375,1.0,0.99609375,0.9921875,0.98828125,0.984375,0.98046875,0.9960551622400232,0.9999945318250933,0.3472721576690674,0.5472987294197083,0.20002663135528564,256,biology_cells,2,13,8,C
0.28125,-0.125415409738285,5.94140625,0.9711243672117175,0.7032965687329766,0.886654219274342,0.013888888888888888,0.4375,1.0,0.99609375,0.9921875,0.98828125,0.984375,0.98046875,0.9960551622400232,0.9999945318250933,0.3472721576690674,0.5472987294197083,0.20002663135528564,256,biology_cells,2,13,16,C
0.4140625,1.2723826366665927,5.90234375,0.9876294276670433,0.9853293493418014,0.9673130752611588,0.0,0.171875,1.0,0.99609375,0.9921875,0.98828125,0.97265625,0.953125,0.9892509869635201,0.8861109663195327,0.3543497920036316,0.5535325407981873,0.19918271899223328,256,biology_cells,2,14,4,C
0.32421875,0.06567427525207398,5.94140625,0.8996156690446724,0.612344383448593,0.8655904006049642,0.0,0.3515625,1.0,0.99609375,0.9921875,0.98828125,0.984375,0.98046875,0.9960551622400232,0.9999945318250933,0.3543497920036316,0.5535325407981873,0.19918271899223328,256,biology_cells,2,14,8,C
0.265625,-0.6590980043692862,5.94140625,0.9711243672117175,0.7032965687329766,0.8649953374627847,0.014705882352941176,0.46875,1.0,0.99609375,0.9921875,0.98828125,0.984375,0.98046875,0.9960551622400232,0.9999945318250933,0.3543497920036316,0.5535325407981873,0.19918271899223328,256,biology_cells,2,14,16,C
0.35546875,-0.9264352838401901,5.87109375,0.867880482208778,0.9853293493418014,0.8779306250632736,0.0,0.2890625,1.0,0.99609375,0.9921875,0.984375,0.9609375,0.9375,0.9847916357745814,0.9037400454973393,0.4031233787536621,0.6005614995956421,0.19743815064430237,256,biology_cells,2,15,4,C
0.24609375,-2.9195200543876676,5.94140625,0.8996156690446724,0.612344383448593,0.8904391380806457,0.031746031746031744,0.5078125,1.0,0.99609375,0.9921875,0.98828125,0.984375,0.98046875,0.9960551622400232,0.9999945318250933,0.4031233787536621,0.6005614995956421,0.19743815064430237,256,biology_cells,2,15,8,C
0.24609375,-1.3262012476580378,5.94140625,0.9711243672117175,0.7032965687329766,0.6864504529369656,0.0,0.5078125,1.0,0.99609375,0.9921875,0.98828125,0.984375,0.98046875,0.9960551622400232,0.9999945318250933,0.4031233787536621,0.6005614995956421,0.19743815064430237,256,biology_cells,2,15,16,C
0.3984375,0.6860311911981172,5.8203125,0.6732884458390969,0.9853293493418014,0.9423470354357751,0.0,0.203125,1.0,0.99609375,0.9921875,0.9765625,0.94140625,0.9140625,0.9778077339637973,0.9221715557662157,0.2915921211242676,0.6803903579711914,0.38879823684692383,256,biology_cells,2,16,4,C
0.3359375,0.5134534246980352,5.94140625,0.8996156690446724,0.612344383448593,0.7553001827291166,0.0,0.328125,1.0,0.99609375,0.9921875,0.98828125,0.984375,0.98046875,0.9960551622400232,0.9999945318250933,0.2915921211242676,0.6803903579711914,0.38879823684692383,256,biology_cells,2,16,8,C
0.265625,-0.6590980043692862,5.921875,0.7551269545756595,0.7032965687329766,0.8653463126375966,0.0,0.46875,1.0,0.99609375,0.9921875,0.98828125,0.98046875,0.96484375,0.9924653543412915,0.8998881842421618,0.2915921211242676,0.6803903579711914,0.38879823684692383,256,biology_cells,2,16,16,C
0.43359375,2.005321943502187,5.87109375,0.867880482208778,0.9853293493418014,0.8511451971347671,0.0,0.1328125,1.0,0.99609375,0.9921875,0.984375,0.9609375,0.9375,0.9847916357745814,0.9037400454973393,0.40648606419563293,0.5415006875991821,0.13501465320587158,256,biology_cells,2,17,4,C
0.359375,1.4090117235899577,5.94140625,0.8996156690446724,0.612344383448593,0.7975356981980127,0.0,0.28125,1.0,0.99609375,0.9921875,0.98828125,0.984375,0.98046875,0.9960551622400232,0.9999945318250933,0.40648606419563293,0.5415006875991821,0.13501465320587158,256,biology_cells,2,17,8,C
0.3125,0.9419497795237175,5.94140625,0.9711243672117175,0.7032965687329766,0.7991040380577175,0.0,0.375,1.0,0.99609375,0.9921875,0.98828125,0.984375,0.98046875,0.9960551622400232,0.9999945318250933,0.40648606419563293,0.5415006875991821,0.13501465320587158,256,biology_cells,2,17,16,C
0.2890625,-3.4184289270812105,5.87109375,0.867880482208778,0.9853293493418014,1.009971113108086,0.0,0.421875,1.0,0.99609375,0.9921875,0.984375,0.9609375,0.9375,0.9847916357745814,0.9037400454973393,0.3720688819885254,0.5764157772064209,0.2043469250202179,256,biology_cells,2,18,4,C
0.2890625,-1.2776631730858097,5.94140625,0.8996156690446724,0.612344383448593,0.932034683867162,0.0,0.421875,1.0,0.99609375,0.9921875,0.98828125,0.984375,0.98046875,0.9960551622400232,0.9999945318250933,0.3720688819885254,0.5764157772064209,0.2043469250202179,256,biology_cells,2,18,8,C
0.25,-1.1927805990002873,5.94140625,0.9711243672117175,0.7032965687329766,0.9193412231151328,0.0,0.5,1.0,0.99609375,0.9921875,0.98828125,0.984375,0.98046875,0.9960551622400232,0.9999945318250933,0.3720688819885254,0.5764157772064209,0.2043469250202179,256,biology_cells,2,18,16,C
0.37890625,-0.04690811563747703,5.87109375,0.867880482208778,0.9853293493418014,0.8394919282720407,0.0,0.2421875,1.0,0.99609375,0.9921875,0.984375,0.9609375,0.9375,0.9847916357745814,0.9037400454973393,0.32725921273231506,0.5559142827987671,0.2286551147699356,256,biology_cells,2,19,4,C
0.25,-2.7702603379056807,5.94140625,0.8996156690446724,0.612344383448593,0.7925891126474107,0.03125,0.5,1.0,0.99609375,0.9921875,0.98828125,0.984375,0.98046875,0.9960551622400232,0.9999945318250933,0.32725921273231506,0.5559142827987671,0.2286551147699356,256,biology_cells,2,19,8,C
0.24609375,-1.3262012476580378,5.94140625,0.9711243672117175,0.7032965687329766,0.8988032893031344,0.0,0.5078125,1.0,0.99609375,0.9921875,0.98828125,0.984375,0.98046875,0.9960551622400232,0.9999945318250933,0.32725921273231506,0.5559142827987671,0.2286551147699356,256,biology_cells,2,19,16,C
0.38671875,0.24626760709676068,5.87109375,0.867880482208778,0.9853293493418014,0.8633111388421787,0.0,0.2265625,1.0,0.99609375,0.9921875,0.984375,0.9609375,0.9375,0.9847916357745814,0.9037400454973393,0.394596666097641,0.5621297359466553,0.1675330549478531,256,biology_cells,2,20,4,C
0.359375,1.4090117235899577,5.94140625,0.8996156690446724,0.612344383448593,0.852504456525889,0.0,0.28125,1.0,0.99609375,0.9921875,0.98828125,0.984375,0.98046875,0.9960551622400232,0.9999945318250933,0.394596666097641,0.5621297359466553,0.1675330549478531,256,biology_cells,2,20,8,C
0.30078125,0.5416878335504666,5.94140625,0.9711243672117175,0.7032965687329766,0.9677529162552205,0.012987012987012988,0.3984375,1.0,0.99609375,0.9921875,0.98828125,0.984375,0.98046875,0.9960551622400232,0.9999945318250933,0.394596666097641,0.5621297359466553,0.1675330549478531,256,biology_cells,2,20,16,C
0.33984375,-1.5127867293086656,5.87109375,0.867880482208778,0.9853293493418014,1.0375212671712246,0.0,0.3203125,1.0,0.99609375,0.9921875,0.984375,0.9609375,0.9375,0.9847916357745814,0.9037400454973393,0.3371138274669647,0.5330156087875366,0.1959017664194107,256,biology_cells,2,21,4,C
0.3125,-0.3821048741938873,5.94140625,0.8996156690446724,0.612344383448593,0.9991766295874213,0.0125,0.375,1.0,0.99609375,0.9921875,0.98828125,0.984375,0.98046875,0.9960551622400232,0.9999945318250933,0.3371138274669647,0.5330156087875366,0.1959017664194107,256,biology_cells,2,21,8,C
0.24609375,-1.3262012476580378,5.94140625,0.9711243672117175,0.7032965687329766,0.8098178135595009,0.015873015873015872,0.5078125,1.0,0.99609375,0.9921875,0.98828125,0.984375,0.98046875,0.9960551622400232,0.9999945318250933,0.3371138274669647,0.5330156087875366,0.1959017664194107,256,biology_cells,2,21,16,C
0.33984375,-1.5127867293086656,5.87109375,0.867880482208778,0.9853293493418014,0.904512266721535,0.0,0.3203125,1.0,0.99609375,0.9921875,0.984375,0.9609375,0.9375,0.9847916357745814,0.9037400454973393,0.3433559834957123,0.5510682463645935,0.20771226286888123,256,biology_cells,2,22,4,C
0.25390625,-2.6210006214236934,5.94140625,0.8996156690446724,0.612344383448593,0.8130736273227979,0.015384615384615385,0.4921875,1.0,0.99609375,0.9921875,0.98828125,0.984375,0.98046875,0.9960551622400232,0.9999945318250933,0.3433559834957123,0.5510682463645935,0.20771226286888123,256,biology_cells,2,22,8,C
0.265625,-0.6590980043692862,5.94140625,0.9711243672117175,0.7032965687329766,0.6670640668097045,0.0,0.46875,1.0,0.99609375,0.9921875,0.98828125,0.984375,0.98046875,0.9960551622400232,0.9999945318250933,0.3433559834957123,0.5510682463645935,0.20771226286888123,256,biology_cells,2,22,16,C
0.38671875,0.24626760709676068,5.76171875,0.4487591731048495,0.9853293493418014,0.9477996732311568,0.0,0.2265625,1.0,0.99609375,0.9921875,0.98046875,0.92578125,0.8671875,0.9659486097072376,0.8506931225978622,0.30946671962738037,0.6001060009002686,0.29063931107521057,256,biology_cells,2,23,4,C
0.3125,-0.3821048741938873,5.94140625,0.8996156690446724,0.612344383448593,0.8587488735117308,0.0125,0.375,1.0,0.99609375,0.9921875,0.98828125,0.984375,0.98046875,0.9960551622400232,0.9999945318250933,0.30946671962738037,0.6001060009002686,0.29063931107521057,256,biology_cells,2,23,8,C
0.28515625,0.008005238919465321,5.94140625,0.9711243672117175,0.7032965687329766,0.7937141509889258,0.0,0.4296875,1.0,0.99609375,0.9921875,0.98828125,0.984375,0.98046875,0.9960551622400232,0.9999945318250933,0.30946671962738037,0.6001060009002686,0.29063931107521057,256,biology_cells,2,23,16,C
0.3828125,0.09967974572964182,5.87109375,0.867880482208778,0.9853293493418014,0.8014364958413323,0.0,0.234375,1.0,0.99609375,0.9921875,0.984375,0.9609375,0.9375,0.9847916357745814,0.9037400454973393,0.4069216847419739,0.6098259687423706,0.20290423929691315,256,biology_cells,2,24,4,C
0.3046875,-0.6806243071578614,5.94140625,0.8996156690446724,0.612344383448593,0.7910772797151129,0.01282051282051282,0.390625,1.0,0.99609375,0.9921875,0.98828125,0.984375,0.98046875,0.9960551622400232,0.9999945318250933,0.4069216847419739,0.6098259687423706,0.20290423929691315,256,biology_cells,2,24,8,C
0.30078125,0.5416878335504666,5.94140625,0.9711243672117175,0.7032965687329766,0.8199179959127006,0.0,0.3984375,1.0,0.99609375,0.9921875,0.98828125,0.984375,0.98046875,0.9960551622400232,0.9999945318250933,0.4069216847419739,0.6098259687423706,0.20290423929691315,256,biology_cells,2,24,16,C
0.37109375,-0.34008383837171474,5.87109375,0.867880482208778,0.9853293493418014,1.065922770069385,0.0,0.2578125,1.0,0.99609375,0.9921875,0.984375,0.9609375,0.9375,0.9847916357745814,0.9037400454973393,0.40177756547927856,0.5278669595718384,0.12608933448791504,256,biology_cells,2,25,4,C
0.296875,-0.9791437401218356,5.94140625,0.8996156690446724,0.612344383448593,0.8886067917963705,0.0,0.40625,1.0,0.99609375,0.9921875,0.98828125,0.984375,0.98046875,0.9960551622400232,0.9999945318250933,0.40177756547927856,0.5278669595718384,0.12608933448791504,256,biology_cells,2,25,8,C
0.30078125,0.5416878335504666,5.94140625,0.9711243672117175,0.7032965687329766,0.8199179959127005,0.0,0.3984375,1.0,0.99609375,0.9921875,0.98828125,0.984375,0.98046875,0.9960551622400232,0.9999945318250933,0.40177756547927856,0.5278669595718384,0.12608933448791504,256,biology_cells,2,25,16,C
0.3359375,-1.6593745906757844,5.87109375,0.867880482208778,0.9853293493418014,1.033870380342045,0.0,0.328125,1.0,0.99609375,0.9921875,0.984375,0.9609375,0.9375,0.9847916357745814,0.9037400454973393,0.3585442304611206,0.47362273931503296,0.11507848650217056,256,biology_cells,2,26,4,C
0.30078125,-0.8298840236398485,5.94140625,0.8996156690446724,0.612344383448593,0.7962219307921894,0.0,0.3984375,1.0,0.99609375,0.9921875,0.98828125,0.984375,0.98046875,0.9960551622400232,0.9999945318250933,0.3585442304611206,0.47362273931503296,0.11507848650217056,256,biology_cells,2,26,8,C
0.30078125,0.5416878335504666,5.94140625,0.9711243672117175,0.7032965687329766,0.7000636077309621,0.0,0.3984375,1.0,0.99609375,0.9921875,0.98828125,0.984375,0.98046875,0.9960551622400232,0.9999945318250933,0.3585442304611206,0.47362273931503296,0.11507848650217056,256,biology_cells,2,26,16,C
0.35546875,-0.9264352838401901,5.87109375,0.867880482208778,0.9853293493418014,0.9187711317969445,0.0,0.2890625,1.0,0.99609375,0.9921875,0.984375,0.9609375,0.9375,0.9847916357745814,0.9037400454973393,0.38785332441329956,0.6090112328529358,0.22115787863731384,256,biology_cells,2,27,4,C
0.3046875,-0.6806243071578614,5.94140625,0.8996156690446724,0.612344383448593,0.8515834252336068,0.01282051282051282,0.390625,1.0,0.99609375,0.9921875,0.98828125,0.984375,0.98046875,0.9960551622400232,0.9999945318250933,0.38785332441329956,0.6090112328529358,0.22115787863731384,256,biology_cells,2,27,8,C
0.2734375,-0.39225670705378557,5.94140625,0.9711243672117175,0.7032965687329766,0.8189536387950976,0.0,0.453125,1.0,0.99609375,0.9921875,0.98828125,0.984375,0.98046875,0.9960551622400232,0.9999945318250933,0.38785332441329956,0.6090112328529358,0.22115787863731384,256,biology_cells,2,27,16,C
0.39453125,0.5394433298309984,5.87109375,0.867880482208778,0.9853293493418014,0.8604036909374858,0.0,0.2109375,1.0,0.99609375,0.9921875,0.984375,0.9609375,0.9375,0.9847916357745814,0.9037400454973393,0.32034024596214294,0.5294212698936462,0.2090809941291809,256,biology_cells,2,28,4,C
0.38671875,2.4538297389638672,5.94140625,0.8996156690446724,0.612344383448593,0.8310597579219913,0.020202020202020204,0.2265625,1.0,0.99609375,0.9921875,0.98828125,0.984375,0.98046875,0.9960551622400232,0.9999945318250933,0.32034024596214294,0.5294212698936462,0.2090809941291809,256,biology_cells,2,28,8,C
0.27734375,-0.2588360583960353,5.94140625,0.9711243672117175,0.7032965687329766,0.7539980898739251,0.0,0.4453125,1.0,0.99609375,0.9921875,0.98828125,0.984375,0.98046875,0.9960551622400232,0.9999945318250933,0.32034024596214294,0.5294212698936462,0.2090809941291809,256,biology_cells,2,28,16,C
0.39453125,0.5394433298309984,5.87109375,0.867880482208778,0.9853293493418014,0.8510473249793079,0.0,0.2109375,1.0,0.99609375,0.9921875,0.984375,0.9609375,0.9375,0.9847916357745814,0.9037400454973393,0.39989808201789856,0.6632300615310669,0.26333189010620117,256,biology_cells,2,29,4,C
0.30078125,-0.8298840236398485,5.94140625,0.8996156690446724,0.612344383448593,0.8882874312967339,0.012987012987012988,0.3984375,1.0,0.99609375,0.9921875,0.98828125,0.984375,0.98046875,0.9960551622400232,0.9999945318250933,0.39989808201789856,0.6632300615310669,0.26333189010620117,256,biology_cells,2,29,8,C
0.3203125,1.208791076839218,5.94140625,0.9711243672117175,0.7032965687329766,0.8220633925050106,0.0,0.359375,1.0,0.99609375,0.9921875,0.98828125,0.984375,0.98046875,0.9960551622400232,0.9999945318250933,0.39989808201789856,0.6632300615310669,0.26333189010620117,256,biology_cells,2,29,16,C
0.39453125,0.5394433298309984,5.76953125,0.4786964094694158,0.6561547337487716,0.8861431824791739,0.0,0.2109375,1.0,0.9882352941176471,0.9764705882352941,0.9647058823529412,0.9450980392156862,0.9176470588235294,0.9820754007559244,0.958060321420875,0.44393375515937805,0.6484718918800354,0.20453819632530212,256,astronomy_solar,0,0,4,C
0.3359375,0.5134534246980352,5.4609375,-2.4073994921177477,-2.240191564293301,0.8790890599597788,0.0,0.328125,1.0,0.9561752988047809,0.9282868525896414,0.9123505976095617,0.896414342629482,0.8764940239043825,0.9793207297689028,0.9899819144236213,0.44393375515937805,0.6484718918800354,0.20453819632530212,256,astronomy_solar,0,0,8,C
0.27734375,-0.2588360583960353,5.94140625,0.9711243672117175,0.7032965687329766,0.8008100903000531,0.014084507042253521,0.4453125,1.0,0.99609375,0.9921875,0.98828125,0.984375,0.98046875,0.9960551622400232,0.9999945318250933,0.44393375515937805,0.6484718918800354,0.20453819632530212,256,astronomy_solar,0,0,16,C
0.3984375,0.6860311911981172,5.76953125,0.4786964094694158,0.6561547337487716,0.9349231860360915,0.0,0.203125,1.0,0.9882352941176471,0.9764705882352941,0.9647058823529412,0.9450980392156862,0.9176470588235294,0.9820754007559244,0.958060321420875,0.41279420256614685,0.6884448528289795,0.27565065026283264,256,astronomy_solar,0,1,4,C
0.328125,0.21493399173406105,5.31640625,-3.4021926706788013,-2.240191564293301,0.9065611821035571,0.0,0.34375,1.0,0.9561752988047809,0.9282868525896414,0.896414342629482,0.8406374501992032,0.8007968127490039,0.9556296512611071,0.9793273365759659,0.41279420256614685,0.6884448528289795,0.27565065026283264,256,astronomy_solar,0,1,8,C
0.265625,-0.6590980043692862,5.94140625,0.9711243672117175,0.7032965687329766,0.8790383002653147,0.014705882352941176,0.46875,1.0,0.99609375,0.9921875,0.98828125,0.984375,0.98046875,0.9960551622400232,0.9999945318250933,0.41279420256614685,0.6884448528289795,0.27565065026283264,256,astronomy_solar,0,1,16,C
0.39453125,0.5394433298309984,5.40234375,-0.9283536996652014,-1.3188929598094072,0.9021127608728791,0.0,0.2109375,1.0,0.9473684210526315,0.9271255060728745,0.9149797570850202,0.9068825910931174,0.902834008097166,0.9882323231879431,0.928446913321517,0.3270127773284912,0.5706357955932617,0.2436230182647705,256,astronomy_solar,0,2,4,C
0.28515625,-1.4269228895677968,5.87890625,0.46943483507232503,0.42217532026580007,0.8456938819486942,0.0136986301369863,0.4296875,1.0,0.9921875,0.98046875,0.97265625,0.96875,0.96484375,0.993231405454032,0.9401580794561831,0.3270127773284912,0.5706357955932617,0.2436230182647705,256,astronomy_solar,0,2,8,C
0.28125,-0.125415409738285,5.8359375,-0.19526166102299564,0.32920264919415837,0.7271627500566281,0.0,0.4375,1.0,0.9921875,0.98046875,0.96875,0.953125,0.94140625,0.9867525915540151,0.996804000080298,0.3270127773284912,0.5706357955932617,0.2436230182647705,256,astronomy_solar,0,2,16,C
0.375,-0.1934959770045959,5.87890625,0.8978177185733444,0.9853293493418014,0.8573619098399723,0.0,0.25,1.0,0.99609375,0.9921875,0.984375,0.96875,0.9375,0.9855893651911545,0.8659620459268716,0.5310109853744507,0.7740797400474548,0.24306875467300415,256,astronomy_solar,0,3,4,C
0.26953125,-2.023961755495745,5.890625,0.5500937414421402,0.612344383448593,0.888663165784552,0.0,0.4609375,1.0,0.99609375,0.9921875,0.984375,0.96875,0.94921875,0.9880411103351838,0.9229723487935574,0.5310109853744507,0.7740797400474548,0.24306875467300415,256,astronomy_solar,0,3,8,C
0.22265625,-2.1267251396045395,5.88671875,0.36633161183075513,0.7032965687329766,0.9455336943726954,0.017543859649122806,0.5546875,1.0,0.99609375,0.9921875,0.98046875,0.96484375,0.953125,0.9884535211894723,0.9677317103484744,0.5310109853744507,0.7740797400474548,0.24306875467300415,256,astronomy_solar,0,3,16,C
0.390625,0.39285546846387953,5.65234375,0.029637864000920933,0.3269801181557418,0.8866824389854376,0.0,0.21875,1.0,0.9803149606299213,0.9645669291338582,0.9448818897637795,0.9173228346456693,0.889763779527559,0.975889852350164,0.982758619634797,0.43589407205581665,0.7202408909797668,0.2843467593193054,256,astronomy_solar,0,4,4,C
0.3125,-0.3821048741938873,5.8359375,0.17368551171633623,0.612344383448593,0.8551427699569364,0.0,0.375,1.0,0.99609375,0.9921875,0.9765625,0.94921875,0.921875,0.9802833363357193,0.9298543915822042,0.43589407205581665,0.7202408909797668,0.2843467593193054,256,astronomy_solar,0,4,8,C
0.25,-1.1927805990002873,5.78515625,-0.7568549338767464,0.7032965687329766,0.8645934685672872,0.0,0.5,1.0,0.99609375,0.984375,0.9609375,0.93359375,0.91015625,0.9769287353956008,0.9824018266031611,0.43589407205581665,0.7202408909797668,0.2843467593193054,256,astronomy_solar,0,4,16,C
0.37890625,-0.04690811563747703,5.84765625,0.778068773115079,0.9853293493418014,1.0464721687651324,0.0,0.2421875,1.0,0.99609375,0.9921875,0.97265625,0.94921875,0.9375,0.9835840283433809,0.9609523455863951,0.38357752561569214,0.5701438188552856,0.1865663230419159,256,astronomy_solar,0,5,4,C
0.32421875,0.06567427525207398,5.9140625,0.7114115541817704,0.612344383448593,0.9851185480904757,0.012048192771084338,0.3515625,1.0,0.99609375,0.98828125,0.98046875,0.9765625,0.97265625,0.9940627089652826,0.9708543259014171,0.38357752561569214,0.5701438188552856,0.1865663230419159,256,astronomy_solar,0,5,8,C
0.25390625,-1.059359950342537,5.77734375,-0.8432538989311695,0.7032965687329766,1.0045337226793334,0.015384615384615385,0.4921875,1.0,0.99609375,0.984375,0.953125,0.92578125,0.91796875,0.9777781249002692,0.9663075000062555,0.38357752561569214,0.5701438188552856,0.1865663230419159,256,astronomy_solar,0,5,16,C
0.36328125,-0.6332595611059524,5.79296875,0.5685081185631148,0.9853293493418014,1.152896083029098,0.0,0.2734375,1.0,0.99609375,0.9921875,0.9765625,0.93359375,0.89453125,0.9727818943571999,0.8976998034158351,0.3759227395057678,0.5314468741416931,0.1555241346359253,256,astronomy_solar,0,6,4,C
0.3125,-0.3821048741938873,5.828125,0.1199129074697928,0.23200625708300715,1.0549421641939098,0.0,0.375,1.0,0.98828125,0.9765625,0.96875,0.953125,0.94140625,0.9879257061122825,0.9903836323641683,0.3759227395057678,0.5314468741416931,0.1555241346359253,256,astronomy_solar,0,6,8,C
0.2421875,-1.459621896315788,5.91015625,0.6255285069940247,0.7032965687329766,0.8466564521393707,0.03225806451612903,0.515625,1.0,0.99609375,0.9921875,0.984375,0.97265625,0.96484375,0.9916716953308852,0.9748654282796898,0.3759227395057678,0.5314468741416931,0.1555241346359253,256,astronomy_solar,0,6,16,C
0.4296875,1.858734082135068,5.5234375,-0.4643265360144234,0.21725524629139856,0.9040176989417852,0.0,0.140625,1.0,0.9802371541501976,0.9683794466403162,0.9446640316205533,0.8814229249011858,0.8142292490118577,0.9545462718766402,0.9022020739557274,0.44043034315109253,0.7058670520782471,0.26543670892715454,256,astronomy_solar,0,7,4,C
0.3203125,-0.0835854412299131,5.83984375,0.20057181383960793,0.612344383448593,0.9477571296046813,0.0,0.359375,1.0,0.99609375,0.98828125,0.9765625,0.953125,0.92578125,0.9819029473332008,0.9385415238150261,0.44043034315109253,0.7058670520782471,0.26543670892715454,256,astronomy_solar,0,7,8,C
0.33203125,1.6090530228124689,5.9140625,0.6687279895212362,0.7032965687329766,0.793627544837323,0.011764705882352941,0.3359375,1.0,0.99609375,0.98828125,0.98046875,0.9765625,0.97265625,0.9940627089652826,0.9708543259014171,0.44043034315109253,0.7058670520782471,0.26543670892715454,256,astronomy_solar,0,7,16,C
0.34375,-1.3661988679415467,5.88671875,0.9277549549379107,0.9853293493418014,0.9813670264611252,0.0,0.3125,1.0,0.99609375,0.9921875,0.98828125,0.96875,0.94140625,0.9864093242002642,0.8536630637939726,0.41605934500694275,0.6651865243911743,0.24912720918655396,256,astronomy_solar,0,8,4,C
0.296875,-0.9791437401218356,5.85546875,0.3081170223326948,0.612344383448593,0.9138112756821012,0.0,0.40625,1.0,0.99609375,0.9921875,0.9765625,0.953125,0.9375,0.9839880478123476,0.955319103057896,0.41605934500694275,0.6651865243911743,0.24912720918655396,256,astronomy_solar,0,8,8,C
0.24609375,-1.3262012476580378,5.85546875,0.02073575161306235,0.7032965687329766,0.8806589483205041,0.015873015873015872,0.5078125,1.0,0.99609375,0.9921875,0.9765625,0.953125,0.9375,0.9839880478123476,0.955319103057896,0.41605934500694275,0.6651865243911743,0.24912720918655396,256,astronomy_solar,0,8,16,C
0.37890625,-0.04690811563747703,5.83984375,0.7481315367505127,0.9853293493418014,0.786729940958141,0.0,0.2421875,1.0,0.99609375,0.98828125,0.97265625,0.94921875,0.93359375,0.9831507601644912,0.9740192586146669,0.43874502182006836,0.7216489911079407,0.2829039394855499,256,astronomy_solar,0,9,4,C
0.35546875,1.2597520071079706,5.8125,0.012367698976705964,0.612344383448593,0.7623122719725821,0.0,0.2890625,1.0,0.99609375,0.98046875,0.95703125,0.9453125,0.93359375,0.9835256905456959,0.9835202591091304,0.43874502182006836,0.7216489911079407,0.2829039394855499,256,astronomy_solar,0,9,8,C
0.328125,1.4756323741547186,5.9375,0.9279248846845058,0.7032965687329766,0.9168948237418246,0.0,0.34375,1.0,0.99609375,0.9921875,0.98828125,0.984375,0.9765625,0.9952602249442511,0.9720086167693385,0.43874502182006836,0.7216489911079407,0.2829039394855499,256,astronomy_solar,0,9,16,C
0.37890625,-0.04690811563747703,5.88671875,0.9277549549379107,0.9853293493418014,0.9051660039739036,0.0,0.2421875,1.0,0.99609375,0.9921875,0.98828125,0.96875,0.94140625,0.9864093242002642,0.8536630637939726,0.5132490396499634,0.8950517773628235,0.3818027377128601,256,astronomy_solar,0,10,4,C
0.3515625,1.1104922906259835,5.85546875,0.3081170223326948,0.612344383448593,0.9896970903462474,0.022222222222222223,0.296875,1.0,0.99609375,0.9921875,0.9765625,0.953125,0.9375,0.9839880478123476,0.955319103057896,0.5132490396499634,0.8950517773628235,0.3818027377128601,256,astronomy_solar,0,10,8,C
0.27734375,-0.2588360583960353,5.84375,-0.10886269596857244,0.7032965687329766,0.9122733760617094,0.014084507042253521,0.4453125,1.0,0.99609375,0.9921875,0.9765625,0.94921875,0.9296875,0.9819392297915904,0.9439759537250219,0.5132490396499634,0.8950517773628235,0.3818027377128601,256,astronomy_solar,0,10,16,C
0.390625,0.39285546846387953,5.86328125,0.8379432458442116,0.9853293493418014,0.6832159248729497,0.0,0.21875,1.0,0.99609375,0.98828125,0.97265625,0.95703125,0.94921875,0.9872287058725973,0.9845916772595888,0.43490785360336304,0.6171237230300903,0.1822158396244049,256,astronomy_solar,0,11,4,C
0.296875,-0.9791437401218356,5.50390625,-2.1116501687617593,-0.5286699956481645,1.0132344205215817,0.0,0.40625,1.0,0.9803149606299213,0.952755905511811,0.9094488188976378,0.8661417322834646,0.8385826771653543,0.960056478834535,0.992480697528692,0.43490785360336304,0.6171237230300903,0.1822158396244049,256,astronomy_solar,0,11,8,C
0.234375,-1.7264631936312886,5.94140625,0.9711243672117175,0.7032965687329766,0.7902838800779826,0.03333333333333333,0.53125,1.0,0.99609375,0.9921875,0.98828125,0.984375,0.98046875,0.9960551622400232,0.9999945318250933,0.43490785360336304,0.6171237230300903,0.1822158396244049,256,astronomy_solar,0,11,16,C
0.39453125,0.5394433298309984,5.76953125,0.4786964094694158,0.9853293493418014,0.8843064620563097,0.0,0.2109375,1.0,0.99609375,0.9921875,0.96484375,0.921875,0.89453125,0.9715538766525121,0.941699080705149,0.38639599084854126,0.7854594588279724,0.39906346797943115,256,astronomy_solar,0,12,4,C
0.3671875,1.7075311565539317,5.9140625,0.7114115541817704,0.612344383448593,0.855303422036253,0.010638297872340425,0.265625,1.0,0.99609375,0.98828125,0.98046875,0.9765625,0.97265625,0.9940627089652826,0.9708543259014171,0.38639599084854126,0.7854594588279724,0.39906346797943115,256,astronomy_solar,0,12,8,C
0.328125,1.4756323741547186,5.72265625,-1.448046654312132,0.7032965687329766,0.8622898084645375,0.0,0.34375,1.0,0.99609375,0.9765625,0.9375,0.91015625,0.90234375,0.9735448217631669,0.9645520721898555,0.38639599084854126,0.7854594588279724,0.39906346797943115,256,astronomy_solar,0,12,16,C
0.3984375,0.6860311911981172,5.79296875,0.5685081185631148,0.9853293493418014,0.8139554749395634,0.0,0.203125,1.0,0.99609375,0.9921875,0.97265625,0.93359375,0.8984375,0.973630005405629,0.9195109056335242,0.44615375995635986,0.6737052202224731,0.2275514155626297,256,astronomy_solar,0,13,4,C
0.34375,0.8119728576620093,5.2421875,-3.9130324110209638,-2.8106987538416797,0.9039758393146601,0.0,0.3125,1.0,0.948,0.908,0.872,0.832,0.808,0.9601174266968433,0.995761150360347,0.44615375995635986,0.6737052202224731,0.2275514155626297,256,astronomy_solar,0,13,8,C
0.3046875,0.6751084822082168,5.9140625,0.6687279895212362,0.7032965687329766,0.8010960305033245,0.0,0.390625,1.0,0.99609375,0.98828125,0.98046875,0.9765625,0.97265625,0.9940627089652826,0.9708543259014171,0.44615375995635986,0.6737052202224731,0.2275514155626297,256,astronomy_solar,0,13,16,C
0.37109375,-0.34008383837171474,5.71484375,0.2691357549174515,0.9853293493418014,0.8783504977413963,0.0,0.2578125,1.0,0.99609375,0.9921875,0.9765625,0.91015625,0.83984375,0.9581464091634924,0.8516502715223788,0.4957583546638489,0.7593708038330078,0.26361244916915894,256,astronomy_solar,0,14,4,C
0.25390625,-2.6210006214236934,5.875,0.44254853294905333,0.612344383448593,1.1667718376653629,0.015384615384615385,0.4921875,1.0,0.99609375,0.9921875,0.984375,0.96484375,0.9375,0.9851912271615365,0.8894190401348245,0.4957583546638489,0.7593708038330078,0.26361244916915894,256,astronomy_solar,0,14,8,C
0.26953125,-0.5256773557115358,5.9375,0.9279248846845058,0.7032965687329766,0.9105172248840955,0.014492753623188406,0.4609375,1.0,0.99609375,0.9921875,0.98828125,0.984375,0.9765625,0.9952602249442511,0.9720086167693385,0.4957583546638489,0.7593708038330078,0.26361244916915894,256,astronomy_solar,0,14,16,C
0.3359375,-1.6593745906757844,5.80859375,0.6283825912922474,0.9853293493418014,1.0177692569611025,0.0,0.328125,1.0,0.99609375,0.984375,0.96484375,0.94140625,0.921875,0.9802481124138475,0.9872340641323213,0.4775550067424774,0.7976076602935791,0.32005271315574646,256,astronomy_solar,0,15,4,C
0.296875,-0.9791437401218356,5.92578125,0.7920704605515856,0.612344383448593,1.0619737574345487,0.0,0.40625,1.0,0.99609375,0.9921875,0.98828125,0.98046875,0.96875,0.9932676717632941,0.9364511861910951,0.4775550067424774,0.7976076602935791,0.32005271315574646,256,astronomy_solar,0,15,8,C
0.30078125,0.5416878335504666,5.453125,-4.428810948689732,-4.534018304810479,0.6966360376772328,0.0,0.3984375,1.0,0.9601593625498008,0.9282868525896414,0.9083665338645418,0.8924302788844621,0.8725099601593626,0.9771801226766282,0.9855109896372045,0.4775550067424774,0.7976076602935791,0.32005271315574646,256,astronomy_solar,0,15,16,C
0.41015625,1.1257947752994737,5.84375,0.7631001549327959,0.9853293493418014,0.8547280269185047,0.0,0.1796875,1.0,0.99609375,0.9921875,0.984375,0.953125,0.91796875,0.9798534979548146,0.8693464234466389,0.3654201626777649,0.6269341707229614,0.2615140378475189,256,astronomy_solar,0,16,4,C
0.30078125,-0.8298840236398485,5.859375,0.3350033244559665,0.612344383448593,1.072236421361825,0.0,0.3984375,1.0,0.99609375,0.9921875,0.9765625,0.953125,0.94140625,0.9848066746088162,0.9564491393980634,0.3654201626777649,0.6269341707229614,0.2615140378475189,256,astronomy_solar,0,16,8,C
0.296875,0.40826718489271624,5.859375,0.06393523414027395,0.7032965687329766,0.8361817984146749,0.0,0.40625,1.0,0.99609375,0.9921875,0.9765625,0.953125,0.94140625,0.9848066746088162,0.9564491393980634,0.3654201626777649,0.6269341707229614,0.2615140378475189,256,astronomy_solar,0,16,16,C
0.3828125,0.09967974572964182,5.55859375,-0.32960897237387493,-0.44109398489466106,1.006727263096404,0.0,0.234375,1.0,0.9641434262948207,0.9482071713147411,0.9402390438247012,0.9203187250996016,0.896414342629482,0.982600391214572,0.9673785468438839,0.5446934103965759,0.9098514318466187,0.3651580810546875,256,astronomy_solar,0,17,4,C
0.3203125,-0.0835854412299131,5.94140625,0.8996156690446724,0.612344383448593,0.7318640584152224,0.0,0.359375,1.0,0.99609375,0.9921875,0.98828125,0.984375,0.98046875,0.9960551622400232,0.9999945318250933,0.5446934103965759,0.9098514318466187,0.3651580810546875,256,astronomy_solar,0,17,8,C
0.2578125,-0.9259393016847868,5.9375,0.9279248846845058,0.7032965687329766,1.0604537233088152,0.015151515151515152,0.484375,1.0,0.99609375,0.9921875,0.98828125,0.984375,0.9765625,0.9952602249442511,0.9720086167693385,0.5446934103965759,0.9098514318466187,0.3651580810546875,256,astronomy_solar,0,17,16,C
0.39453125,0.5394433298309984,5.30078125,-1.3175377724045636,-0.5508188567590043,0.8150500223557492,0.0,0.2109375,1.0,0.964,0.94,0.9,0.836,0.788,0.9492873183156801,0.9698413983790647,0.47111544013023376,0.7114924192428589,0.24037691950798035,256,astronomy_solar,0,18,4,C
0.3359375,0.5134534246980352,5.61328125,-1.3588337093101512,-0.14833186928257872,1.0841151558648456,0.011627906976744186,0.328125,1.0,0.984313725490196,0.9647058823529412,0.9372549019607843,0.8941176470588236,0.8549019607843137,0.9648427290851408,0.9732207820635123,0.47111544013023376,0.7114924192428589,0.24037691950798035,256,astronomy_solar,0,18,8,C
0.26171875,-0.7925186530270365,5.73046875,-1.3616476892577087,0.7032965687329766,0.9469475720914433,0.0,0.4765625,1.0,0.99609375,0.98828125,0.9609375,0.9140625,0.87109375,0.9659674006514877,0.9368283106027518,0.47111544013023376,0.7114924192428589,0.24037691950798035,256,astronomy_solar,0,18,16,C
0.33203125,-1.8059624520429032,5.86328125,0.8379432458442116,0.9853293493418014,1.025226514708485,0.0,0.3359375,1.0,0.99609375,0.98828125,0.97265625,0.95703125,0.94921875,0.9872287058725973,0.9845916772595888,0.4574137330055237,0.7037091851234436,0.2462954819202423,256,astronomy_solar,0,19,4,C
0.296875,-0.9791437401218356,5.1953125,-4.235668036500224,-2.8106987538416797,1.074334683112236,0.0,0.40625,1.0,0.9518072289156626,0.9076305220883534,0.8554216867469879,0.8232931726907631,0.8032128514056225,0.957240074990464,0.9792824949273737,0.4574137330055237,0.7037091851234436,0.2462954819202423,256,astronomy_solar,0,19,8,C
0.26171875,-0.7925186530270365,5.94140625,0.9711243672117175,0.7032965687329766,1.0732210467763146,0.0,0.4765625,1.0,0.99609375,0.9921875,0.98828125,0.984375,0.98046875,0.9960551622400232,0.9999945318250933,0.4574137330055237,0.7037091851234436,0.2462954819202423,256,astronomy_solar,0,19,16,C
0.359375,-0.7798474224730713,5.91015625,1.0175666640316097,0.9853293493418014,0.7543148034664742,0.0,0.28125,1.0,0.99609375,0.9921875,0.98828125,0.9765625,0.95703125,0.990457420315849,0.8803104743248519,0.39001214504241943,0.6247122287750244,0.23470011353492737,256,astronomy_solar,0,20,4,C
0.328125,0.21493399173406105,5.92578125,0.7920704605515856,0.612344383448593,0.7846453521598626,0.0,0.34375,1.0,0.99609375,0.9921875,0.98828125,0.98046875,0.96875,0.9932676717632941,0.9364511861910951,0.39001214504241943,0.6247122287750244,0.23470011353492737,256,astronomy_solar,0,20,8,C
0.2578125,-0.9259393016847868,5.94140625,0.9711243672117175,0.7032965687329766,0.8414425389305827,0.030303030303030304,0.484375,1.0,0.99609375,0.9921875,0.98828125,0.984375,0.98046875,0.9960551622400232,0.9999945318250933,0.39001214504241943,0.6247122287750244,0.23470011353492737,256,astronomy_solar,0,20,16,C
0.3671875,-0.48667169973883356,5.84765625,0.778068773115079,0.9853293493418014,0.73661018319806,0.0,0.265625,1.0,0.99609375,0.9921875,0.97265625,0.94921875,0.9375,0.9835840283433809,0.9609523455863951,0.3689354658126831,0.6360573768615723,0.2671218812465668,256,astronomy_solar,0,21,4,C
0.3046875,-0.6806243071578614,5.9140625,0.7114115541817704,0.612344383448593,0.9114559780921953,0.01282051282051282,0.390625,1.0,0.99609375,0.98828125,0.98046875,0.9765625,0.97265625,0.9940627089652826,0.9708543259014171,0.3689354658126831,0.6360573768615723,0.2671218812465668,256,astronomy_solar,0,21,8,C
0.26953125,-0.5256773557115358,5.8125,-0.4544585561862652,0.7032965687329766,0.7895506659238581,0.0,0.4609375,1.0,0.99609375,0.98828125,0.96484375,0.9375,0.92578125,0.9802812709310471,0.9706502781898305,0.3689354658126831,0.6360573768615723,0.2671218812465668,256,astronomy_solar,0,21,16,C
0.359375,-0.7798474224730713,5.80859375,0.6283825912922474,0.9853293493418014,1.1080072201930815,0.0,0.28125,1.0,0.99609375,0.9921875,0.98046875,0.9375,0.90234375,0.9748821361466954,0.8879370143265961,0.47913873195648193,0.81341552734375,0.3342767655849457,256,astronomy_solar,0,22,4,C
0.27734375,-1.725442322531771,5.90625,0.657638949935227,0.612344383448593,1.0058424731355469,0.014084507042253521,0.4453125,1.0,0.99609375,0.9921875,0.984375,0.97265625,0.9609375,0.9908674187692903,0.9638326938154764,0.47913873195648193,0.81341552734375,0.3342767655849457,256,astronomy_solar,0,22,8,C
0.2421875,-1.459621896315788,5.90625,0.5823290244668131,0.7032965687329766,0.8086393574759456,0.016129032258064516,0.515625,1.0,0.99609375,0.9921875,0.984375,0.97265625,0.9609375,0.9908674187692903,0.9638326938154764,0.47913873195648193,0.81341552734375,0.3342767655849457,256,astronomy_solar,0,22,16,C
0.40625,0.9792069139323549,5.91015625,1.0175666640316097,0.9853293493418014,0.8849497160856092,0.0,0.1875,1.0,0.99609375,0.9921875,0.984375,0.97265625,0.96484375,0.9916716953308852,0.9748654282796898,0.33653920888900757,0.7037797570228577,0.36724045872688293,256,astronomy_solar,0,23,4,C
0.3515625,1.1104922906259835,5.58203125,-1.5739241262963248,-0.7188390588309576,0.9164103884177656,0.0,0.296875,1.0,0.9763779527559056,0.9488188976377953,0.9251968503937008,0.9015748031496063,0.8740157480314961,0.9731103745682906,0.9987169936608058,0.33653920888900757,0.7037797570228577,0.36724045872688293,256,astronomy_solar,0,23,8,C
0.3203125,1.208791076839218,5.875,0.23673316424912033,0.32920264919415837,1.0091521387689717,0.0,0.359375,1.0,0.9921875,0.984375,0.9765625,0.96484375,0.95703125,0.9908230809388089,0.9939500915989724,0.33653920888900757,0.7037797570228577,0.36724045872688293,256,astronomy_solar,0,23,16,C
0.390625,0.39285546846387953,5.88671875,0.9277549549379107,0.9853293493418014,0.9260333261410355,0.0,0.21875,1.0,0.99609375,0.9921875,0.98046875,0.96484375,0.953125,0.9884535211894723,0.9677317103484744,0.4486861526966095,0.7094982862472534,0.2608122229576111,256,astronomy_solar,0,24,4,C
0.34765625,0.9612325741439964,5.921875,0.7651841584283138,0.612344383448593,0.7853696015445065,0.0,0.3046875,1.0,0.99609375,0.9921875,0.98828125,0.98046875,0.96484375,0.9924653543412915,0.8998881842421618,0.4486861526966095,0.7094982862472534,0.2608122229576111,256,astronomy_solar,0,24,8,C
0.3046875,0.6751084822082168,5.921875,0.7551269545756595,0.7032965687329766,0.9462842882635005,0.0,0.390625,1.0,0.99609375,0.9921875,0.98828125,0.98046875,0.96484375,0.9924653543412915,0.8998881842421618,0.4486861526966095,0.7094982862472534,0.2608122229576111,256,astronomy_solar,0,24,16,C
0.34765625,-1.219611006574428,5.86328125,0.8379432458442116,0.9853293493418014,0.9220151842567453,0.0,0.3046875,1.0,0.99609375,0.9921875,0.98046875,0.95703125,0.9375,0.9843905797845507,0.9363392060434227,0.3884583115577698,0.5867807269096375,0.1983223855495453,256,astronomy_solar,0,25,4,C
0.27734375,-1.725442322531771,5.84765625,0.2543444180861513,0.612344383448593,0.8864052604279182,0.014084507042253521,0.4453125,1.0,0.99609375,0.98828125,0.9765625,0.953125,0.93359375,0.9835546016631224,0.959008631798584,0.3884583115577698,0.5867807269096375,0.1983223855495453,256,astronomy_solar,0,25,8,C
0.29296875,0.2748465362349659,5.9375,0.9279248846845058,0.7032965687329766,0.8154588558562755,0.0,0.4140625,1.0,0.99609375,0.9921875,0.98828125,0.984375,0.9765625,0.9952602249442511,0.9720086167693385,0.3884583115577698,0.5867807269096375,0.1983223855495453,256,astronomy_solar,0,25,16,C
0.390625,0.39285546846387953,5.91015625,1.0175666640316097,0.9853293493418014,0.868169352710131,0.0,0.21875,1.0,0.99609375,0.9921875,0.984375,0.97265625,0.96484375,0.9916716953308852,0.9748654282796898,0.507389485836029,0.7959802150726318,0.2885907292366028,256,astronomy_solar,0,26,4,C
0.30859375,-0.5313645906758744,5.89453125,0.5769800435654119,0.612344383448593,0.9518072289156625,0.0,0.3828125,1.0,0.99609375,0.98828125,0.9765625,0.96875,0.96484375,0.9916638242646785,0.976441337854549,0.507389485836029,0.7959802150726318,0.2885907292366028,256,astronomy_solar,0,26,8,C
0.30078125,0.5416878335504666,5.94140625,0.9711243672117175,0.7032965687329766,0.6988225217638206,0.0,0.3984375,1.0,0.99609375,0.9921875,0.98828125,0.984375,0.98046875,0.9960551622400232,0.9999945318250933,0.507389485836029,0.7959802150726318,0.2885907292366028,256,astronomy_solar,0,26,16,C
0.40234375,0.832619052565236,5.88671875,0.9277549549379107,0.9853293493418014,0.8872680006114906,0.0,0.1953125,1.0,0.99609375,0.9921875,0.984375,0.96875,0.9453125,0.9872265658554515,0.9041172134907293,0.5297361612319946,0.8535246849060059,0.323788583278656,256,astronomy_solar,0,27,4,C
0.34375,0.8119728576620093,5.87890625,0.46943483507232503,0.612344383448593,1.1177364126439608,0.011363636363636364,0.3125,1.0,0.99609375,0.9921875,0.984375,0.96875,0.9375,0.9855893651911545,0.8659620459268716,0.5297361612319946,0.8535246849060059,0.323788583278656,256,astronomy_solar,0,27,8,C
0.34765625,2.14273561744347,5.88671875,0.36633161183075513,0.7032965687329766,0.8478272152505874,0.0,0.3046875,1.0,0.99609375,0.9921875,0.98046875,0.96484375,0.953125,0.9884535211894723,0.9677317103484744,0.5297361612319946,0.8535246849060059,0.323788583278656,256,astronomy_solar,0,27,16,C
0.40625,0.9792069139323549,5.60546875,-0.14998555418647702,0.21725524629139856,0.7897695053020573,0.0,0.1875,1.0,0.9802371541501976,0.9683794466403162,0.9486166007905138,0.9051383399209486,0.8695652173913043,0.9697530178671687,0.9456261829311996,0.4475211203098297,0.6362296342849731,0.18870854377746582,256,astronomy_solar,0,28,4,C
0.3515625,1.1104922906259835,5.86328125,0.3618896265792382,0.612344383448593,0.8592730581019823,0.0,0.296875,1.0,0.99609375,0.98828125,0.97265625,0.95703125,0.94921875,0.9872287058725973,0.9845916772595888,0.4475211203098297,0.6362296342849731,0.18870854377746582,256,astronomy_solar,0,28,8,C
0.26953125,-0.5256773557115358,5.9375,0.9279248846845058,0.7032965687329766,1.2624509963599369,0.014492753623188406,0.4609375,1.0,0.99609375,0.9921875,0.98828125,0.984375,0.9765625,0.9952602249442511,0.9720086167693385,0.4475211203098297,0.6362296342849731,0.18870854377746582,256,astronomy_solar,0,28,16,C
0.34375,-1.3661988679415467,5.84765625,0.778068773115079,0.9853293493418014,0.8794361830172784,0.0,0.3125,1.0,0.99609375,0.9921875,0.97265625,0.94921875,0.9375,0.9835840283433809,0.9609523455863951,0.5789579749107361,0.8199723362922668,0.24101436138153076,256,astronomy_solar,0,29,4,C
0.22265625,-3.81507835327959,5.9140625,0.7114115541817704,0.612344383448593,0.8630534124140183,0.03508771929824561,0.5546875,1.0,0.99609375,0.98828125,0.98046875,0.9765625,0.97265625,0.9940627089652826,0.9708543259014171,0.5789579749107361,0.8199723362922668,0.24101436138153076,256,astronomy_solar,0,29,8,C
0.2578125,-0.9259393016847868,5.8125,-0.4544585561862652,0.7032965687329766,0.9452944021185912,0.030303030303030304,0.484375,1.0,0.99609375,0.98828125,0.96484375,0.9375,0.92578125,0.9802812709310471,0.9706502781898305,0.5789579749107361,0.8199723362922668,0.24101436138153076,256,astronomy_solar,0,29,16,C
0.36328125,-0.6332595611059524,5.52734375,-0.44935791783214024,0.3269801181557418,1.066529090870139,0.0,0.2734375,1.0,0.9803149606299213,0.9645669291338582,0.937007874015748,0.8700787401574803,0.8188976377952756,0.9547626396571953,0.9358339277773361,0.4758232831954956,0.6360797882080078,0.1602565348148346,256,astronomy_solar,1,0,4,C
0.33203125,0.36419370821604813,5.81640625,0.039254001099977676,0.612344383448593,1.06628326442836,0.0,0.3359375,1.0,0.99609375,0.98828125,0.97265625,0.94140625,0.91796875,0.9790281708611623,0.951676290218839,0.4758232831954956,0.6360797882080078,0.1602565348148346,256,astronomy_solar,1,0,8,C
0.17578125,-3.727772923497543,5.8984375,0.4959300594123899,0.7032965687329766,1.1119658889892794,0.044444444444444446,0.6484375,1.0,0.99609375,0.9921875,0.984375,0.96875,0.95703125,0.9896621873251187,0.9532849921417738,0.4758232831954956,0.6360797882080078,0.1602565348148346,256,astronomy_solar,1,0,16,C
0.3191489361702128,-2.289390505487656,5.75,0.403853318558,0.9456416297312933,1.1094332180874085,0.0,0.3617021276595745,1.0,0.9946808510638298,0.9893617021276596,0.9787234042553191,0.925531914893617,0.8617021276595744,0.9652466699545217,0.8434083338221013,0.6564317941665649,0.9047761559486389,0.24834434688091278,190,astronomy_solar,1,1,4,C
0.2391304347826087,-3.1855917228990354,5.896739130434782,0.5921766491133457,0.5379304022031511,0.829467617767939,0.0,0.5217391304347826,1.0,0.9945652173913043,0.9891304347826086,0.9836956521739131,0.9728260869565217,0.9565217391304348,0.9905821090773539,0.9356988370330159,0.6564317941665649,0.9047761559486389,0.24834434688091278,190,astronomy_solar,1,1,8,C
0.21022727272727273,-2.5512453853337447,5.8352272727272725,-0.20311611239158223,-0.5550193424430523,0.9147387429336586,0.05405405405405406,0.5795454545454546,1.0,0.9885714285714285,0.9828571428571429,0.9771428571428571,0.9657142857142857,0.9542857142857143,0.991219641875228,0.9682746309787974,0.6564317941665649,0.9047761559486389,0.24834434688091278,190,astronomy_solar,1,1,16,C
0.2948717948717949,-3.2004264665865207,5.903846153846154,0.9933865885063843,0.9149928930185051,1.1182227944609997,0.0,0.41025641025641024,1.0,0.9935897435897436,0.9871794871794872,0.9807692307692307,0.9743589743589743,0.967948717948718,0.9934850507318559,0.9999850470362094,0.4722556173801422,0.6760532855987549,0.20379765331745148,156,astronomy_solar,1,2,4,C
0.29605263157894735,-1.0105668383285706,5.796052631578948,-0.10083778364759308,0.4822287086393154,1.1169466981919347,0.0,0.40789473684210525,1.0,0.993421052631579,0.9802631578947368,0.9605263157894737,0.9407894736842105,0.9210526315789473,0.9809462122705908,0.9936672013166076,0.4722556173801422,0.6760532855987549,0.20379765331745148,156,astronomy_solar,1,2,8,C
0.2361111111111111,-1.6671651275611776,5.777777777777778,-0.8384539564281471,-0.2527212256439986,1.0541947308786195,0.0,0.5277777777777778,1.0,0.9861111111111112,0.9652777777777778,0.9513888888888888,0.9444444444444444,0.9305555555555556,0.9863151445088137,0.9728152205816841,0.4722556173801422,0.6760532855987549,0.20379765331745148,156,astronomy_solar,1,2,16,C
0.38333333333333336,0.11922479391192531,5.208333333333333,-1.6717950693852663,-1.4798227718771109,0.8869631340185642,0.0,0.23333333333333334,1.0,0.9396551724137931,0.9051724137931034,0.8793103448275862,0.8448275862068966,0.8189655172413793,0.966191247801401,0.9981162941785013,0.555942177772522,0.8243371248245239,0.26839491724967957,120,astronomy_solar,1,3,4,C
0.3,-0.8597359669362463,5.4,-2.826825805240784,-0.00887455628186641,0.9368503078454534,0.0,0.4,1.0,0.9833333333333333,0.9416666666666667,0.875,0.8166666666666667,0.7833333333333333,0.9420282622726017,0.9906606852076304,0.555942177772522,0.8243371248245239,0.26839491724967957,120,astronomy_solar,1,3,8,C
0.23214285714285715,-1.80270356429286,5.741071428571429,-1.2443919509695602,-0.6327531439056645,0.7578742030920856,0.0,0.5357142857142857,1.0,0.9821428571428571,0.9642857142857143,0.9464285714285714,0.9285714285714286,0.9196428571428571,0.9832181032574859,0.989117826006007,0.555942177772522,0.8243371248245239,0.26839491724967957,120,astronomy_solar,1,3,16,C
0.375,-0.1934959770045959,5.229166666666667,-1.5919624390797538,-1.830942361843008,1.0533121017663998,0.018518518518518517,0.25,1.0,0.9347826086956522,0.9057971014492754,0.8840579710144928,0.8695652173913043,0.8623188405797102,0.9799830712493733,0.9514632910155844,0.4851226806640625,0.7714177966117859,0.2862951159477234,145,astronomy_solar,1,4,4,C
0.3194444444444444,-0.11675426711480007,5.666666666666667,-0.9913875802921025,-0.5497998915573644,1.0765917232759896,0.0,0.3611111111111111,1.0,0.9790209790209791,0.958041958041958,0.9370629370629371,0.9230769230769231,0.9090909090909091,0.9816313045383953,0.990933967017768,0.4851226806640625,0.7714177966117859,0.2862951159477234,145,astronomy_solar,1,4,8,C
0.19444444444444445,-3.090318713243847,5.895833333333333,0.4671304043942456,0.4123346313138981,1.029532186693306,0.03571428571428571,0.6111111111111112,1.0,0.9930555555555556,0.9861111111111112,0.9791666666666666,0.9722222222222222,0.9652777777777778,0.9929324902227952,0.9999823932422358,0.4851226806640625,0.7714177966117859,0.2862951159477234,145,astronomy_solar,1,4,16,C
0.375,-0.1934959770045959,5.79296875,0.5685081185631148,0.5464298618844283,0.8291491874064341,0.0,0.25,1.0,0.9881889763779528,0.984251968503937,0.9763779527559056,0.9566929133858267,0.9330708661417323,0.9857835152544285,0.9051998753994156,0.5657678842544556,0.9428212642669678,0.3770533800125122,256,astronomy_solar,1,5,4,C
0.3046875,-0.6806243071578614,5.8984375,0.6038663456886836,0.23200625708300715,0.9296508637663159,0.01282051282051282,0.390625,1.0,0.9921568627450981,0.9882352941176471,0.984313725490196,0.9803921568627451,0.9764705882352941,0.9960237907202696,0.9999944443325324,0.5657678842544556,0.9428212642669678,0.3770533800125122,256,astronomy_solar,1,5,8,C
0.234375,-1.7264631936312886,5.8984375,0.4959300594123899,-0.04489127034465989,0.9071084857880352,0.016666666666666666,0.53125,1.0,0.9921568627450981,0.9882352941176471,0.984313725490196,0.9803921568627451,0.9764705882352941,0.9960237907202696,0.9999944443325324,0.5657678842544556,0.9428212642669678,0.3770533800125122,256,astronomy_solar,1,5,16,C
0.33620689655172414,-1.6492650829952933,5.870689655172414,0.8663320044657828,0.8529027798503537,0.8886485642058555,0.0,0.3275862068965517,1.0,0.9913793103448276,0.9827586206896551,0.9741379310344828,0.9655172413793104,0.9568965517241379,0.991188705882612,0.9999725849943412,0.5319147706031799,0.6674374341964722,0.13552263379096985,119,astronomy_solar,1,6,4,C
0.3125,-0.3821048741938873,5.866071428571429,0.38109412809586257,0.3678413022135751,0.7415173997367438,0.0,0.375,1.0,0.9910714285714286,0.9821428571428571,0.9732142857142857,0.9642857142857143,0.9553571428571429,0.990866776354173,0.9999705355729572,0.5319147706031799,0.6674374341964722,0.13552263379096985,119,astronomy_solar,1,6,8,C
0.25892857142857145,-0.8878191163540002,5.723214285714286,-1.4418752996653887,-0.6327531439056645,1.0633878176816072,0.034482758620689655,0.48214285714285715,1.0,0.9821428571428571,0.9553571428571429,0.9375,0.9285714285714286,0.9196428571428571,0.984133156887828,0.9426207169513388,0.5319147706031799,0.6674374341964722,0.13552263379096985,119,astronomy_solar,1,6,16,C
0.36904761904761907,-0.41686795623068096,5.607142857142857,-0.14357043210835713,0.760654611714814,0.5747064964904297,0.0,0.2619047619047619,1.0,0.9880952380952381,0.9761904761904762,0.9523809523809523,0.8809523809523809,0.8095238095238095,0.9511038743743174,0.8960073230522368,0.4993734359741211,0.7314831018447876,0.23210956156253815,85,astronomy_solar,1,7,4,C
0.325,0.09552621854847182,5.675,-0.9340301357624594,0.19397244444645073,0.6463931265677831,0.0,0.35,1.0,0.9875,0.975,0.95,0.9,0.8625,0.9655353734515995,0.9495624441036163,0.4993734359741211,0.7314831018447876,0.23210956156253815,85,astronomy_solar,1,7,8,C
0.275,-0.3388884475906847,5.6,-2.80451040566658,-0.11971005425241929,0.7772815877574013,0.0,0.45,1.0,0.9875,0.975,0.95,0.875,0.8125,0.9513878411910759,0.908566270381041,0.4993734359741211,0.7314831018447876,0.23210956156253815,85,astronomy_solar,1,7,16,C
0.23076923076923078,-5.605970858252061,5.634615384615385,-0.03829663390328569,0.5548702366432228,1.5352297543274356,0.0,0.5384615384615384,1.0,0.9807692307692307,0.9615384615384616,0.9423076923076923,0.9038461538461539,0.8461538461538461,0.9649155058965859,0.9282105111201177,0.8127483129501343,1.128316044807434,0.31556767225265503,55,astronomy_solar,1,8,4,C
0.2916666666666667,-1.1781566954311509,5.520833333333333,-1.995142859560917,-0.21172155701017814,1.5772776794365606,0.0,0.4166666666666667,1.0,0.9791666666666666,0.9583333333333334,0.9375,0.875,0.7708333333333334,0.9446478035298351,0.8644870824541063,0.8127483129501343,1.128316044807434,0.31556767225265503,55,astronomy_solar,1,8,8,C
0.20833333333333334,-2.615934184682957,5.520833333333333,-3.6800199182180675,-0.9177770826019059,1.2190615698606495,0.0,0.5833333333333334,1.0,0.9791666666666666,0.9583333333333334,0.9375,0.875,0.7708333333333334,0.9446478035298351,0.8644870824541063,0.8127483129501343,1.128316044807434,0.31556767225265503,55,astronomy_solar,1,8,16,C
0.3716216216216216,-0.32027466791669945,5.25,-1.5121298087742447,-1.75186137311195,1.0409250053397938,0.0,0.25675675675675674,1.0,0.9366197183098591,0.9084507042253521,0.8873239436619719,0.8732394366197183,0.8661971830985915,0.9806045218703014,0.9513255068159542,0.5990291237831116,0.7311203479766846,0.1320912092924118,149,astronomy_solar,1,9,4,C
0.24305555555555555,-3.035610944984769,5.666666666666667,-0.9913875802921025,-0.5497998915573644,1.346291201783626,0.02857142857142857,0.5138888888888888,1.0,0.9790209790209791,0.958041958041958,0.9370629370629371,0.9230769230769231,0.9090909090909091,0.9816313045383953,0.990933967017768,0.5990291237831116,0.7311203479766846,0.1320912092924118,149,astronomy_solar,1,9,8,C
0.16666666666666666,-4.039087770365628,5.895833333333333,0.4671304043942456,0.4123346313138981,1.01828829941259,0.08333333333333333,0.6666666666666666,1.0,0.9930555555555556,0.9861111111111112,0.9791666666666666,0.9722222222222222,0.9652777777777778,0.9929324902227952,0.9999823932422358,0.5990291237831116,0.7311203479766846,0.1320912092924118,149,astronomy_solar,1,9,16,C
0.3515625,-1.073023145207309,5.61328125,-0.1200483178219107,-0.002194497437287988,0.8822010057977876,0.0,0.296875,1.0,0.9723320158102767,0.9486166007905138,0.9288537549407114,0.9169960474308301,0.9130434782608695,0.9841539703382332,0.9362214310600537,0.4146931767463684,0.56526780128479,0.15057462453842163,256,astronomy_solar,1,10,4,C
0.328125,0.21493399173406105,5.75,-0.4178131349956414,-0.7188390588309576,0.9361165890560958,0.0,0.34375,1.0,0.9763779527559056,0.9606299212598425,0.9566929133858267,0.952755905511811,0.9488188976377953,0.9934719882071317,0.879377038101443,0.4146931767463684,0.56526780128479,0.15057462453842163,256,astronomy_solar,1,10,8,C
0.25,-1.1927805990002873,5.81640625,-0.4112590736590536,0.7032965687329766,0.9005576951705568,0.015625,0.5,1.0,0.99609375,0.98828125,0.9609375,0.9375,0.93359375,0.981930197446719,0.9501335986286369,0.4146931767463684,0.56526780128479,0.15057462453842163,256,astronomy_solar,1,10,16,C
0.25,-4.884307540752399,5.4125,-0.8894352923912666,0.7439346312402475,1.0316624861746777,0.0,0.5,1.0,0.9875,0.975,0.95,0.825,0.675,0.9113774253622848,0.828814411450973,0.6043055653572083,0.701041042804718,0.09673556685447693,83,astronomy_solar,1,11,4,C
0.1875,-5.1584158016174735,5.7625,-0.3317769682011707,0.19397244444645073,0.7732293307186412,0.0,0.625,1.0,0.9875,0.975,0.9625,0.9375,0.9,0.9777723392428502,0.9320294508758946,0.6043055653572083,0.701041042804718,0.09673556685447693,83,astronomy_solar,1,11,8,C
0.1875,-3.3275109775242924,5.6375,-2.3897953734053425,-2.513911139300858,0.8660254037844387,0.0,0.625,1.0,0.9746835443037974,0.9620253164556962,0.9493670886075949,0.9240506329113924,0.8987341772151899,0.9799512054872143,0.9662041214039564,0.6043055653572083,0.701041042804718,0.09673556685447693,83,astronomy_solar,1,11,16,C
0.3541666666666667,-0.9752979042958957,5.71875,0.2841043730997347,0.8024545629012303,0.8340379128042982,0.0,0.2916666666666667,1.0,0.9895833333333334,0.9791666666666666,0.96875,0.9270833333333334,0.8541666666666666,0.965704521310039,0.8373368536797681,0.5647012591362,0.8864741921424866,0.3217729926109314,97,astronomy_solar,1,12,4,C
0.2916666666666667,-1.1781566954311509,5.833333333333333,0.15576131030081972,0.2953959448106066,0.9959085851796851,0.03571428571428571,0.4166666666666667,1.0,0.9895833333333334,0.9791666666666666,0.96875,0.9583333333333334,0.9375,0.9871196067469752,0.970294712410191,0.5647012591362,0.8864741921424866,0.3217729926109314,97,astronomy_solar,1,12,8,C
0.28125,-0.125415409738285,5.833333333333333,-0.22406131604113996,0.07980670283494973,0.5631805249407346,0.0,0.4375,1.0,0.9895833333333334,0.9791666666666666,0.96875,0.9583333333333334,0.9375,0.9871196067469752,0.970294712410191,0.5647012591362,0.8864741921424866,0.3217729926109314,97,astronomy_solar,1,12,16,C
0.3125,-2.5389017588784974,5.1875,-1.7516276996907754,0.5098549045963129,0.8770259859236731,0.0,0.375,1.0,0.9791666666666666,0.9583333333333334,0.9375,0.7708333333333334,0.5416666666666666,0.8691995388701045,0.7877852796315531,0.737364649772644,0.8545926213264465,0.1172279492020607,51,astronomy_solar,1,13,4,C
0.16666666666666666,-5.954467622854739,5.604166666666667,-1.4215684142644498,-0.21172155701017814,0.792974693332598,0.0,0.6666666666666666,1.0,0.9791666666666666,0.9583333333333334,0.9375,0.8958333333333334,0.8333333333333334,0.9617528657797505,0.9272499329529126,0.737364649772644,0.8545926213264465,0.1172279492020607,51,astronomy_solar,1,13,8,C
0.20833333333333334,-2.615934184682957,5.395833333333333,-5.062403359088838,-4.908112224349297,0.7483314773547882,0.0,0.5833333333333334,1.0,0.9574468085106383,0.9361702127659575,0.9148936170212766,0.8723404255319149,0.8297872340425532,0.964947169813026,0.9633083426026593,0.737364649772644,0.8545926213264465,0.1172279492020607,51,astronomy_solar,1,13,16,C
0.37719298245614036,-0.11120103728972189,5.8464912280701755,0.7736044483940475,0.9718543650777589,0.8920337805454487,0.0,0.24561403508771928,1.0,0.9956140350877193,0.9868421052631579,0.9736842105263158,0.956140350877193,0.9342105263157895,0.9842335088939351,0.9692902678289357,0.34686514735221863,0.5191155076026917,0.17225037515163422,228,astronomy_solar,1,14,4,C
0.30357142857142855,-0.7232699404384301,5.857142857142857,0.31963972324266576,0.3678413022135751,0.7181299893441736,0.0,0.39285714285714285,1.0,0.9910714285714286,0.9821428571428571,0.9732142857142857,0.9598214285714286,0.9508928571428571,0.9894797341437233,0.9938860672494715,0.34686514735221863,0.5191155076026917,0.17225037515163422,228,astronomy_solar,1,14,8,C
0.19196428571428573,-3.175030236201149,5.857142857142857,0.039249815553291684,0.22231867218307047,0.7900639095167279,0.09302325581395349,0.6160714285714286,1.0,0.9910714285714286,0.9776785714285714,0.96875,0.9642857142857143,0.9553571428571429,0.9913182999237454,0.9719600217607897,0.34686514735221863,0.5191155076026917,0.17225037515163422,228,astronomy_solar,1,14,16,C
0.3515625,-1.073023145207309,5.7578125,0.4337905549225663,0.8756044774774582,0.9060992528154411,0.0,0.296875,1.0,0.9921875,0.984375,0.9609375,0.921875,0.8984375,0.9739349929991366,0.9561024278078812,0.6150884628295898,0.8280007243156433,0.2129121720790863,131,astronomy_solar,1,15,4,C
0.3046875,-0.6806243071578614,5.2421875,-3.9130324110209638,-3.7615440697556446,0.7794562207077446,0.0,0.390625,1.0,0.9354838709677419,0.8951612903225806,0.8790322580645161,0.8629032258064516,0.8387096774193549,0.97481263558868,0.9701361312615259,0.6150884628295898,0.8280007243156433,0.2129121720790863,131,astronomy_solar,1,15,8,C
0.2734375,-0.39225670705378557,5.484375,-4.0832150884720395,-2.6635487071163877,1.0321361554050588,0.0,0.453125,1.0,0.968503937007874,0.937007874015748,0.8976377952755905,0.8661417322834646,0.8582677165354331,0.9684759706262234,0.9670579201110626,0.6150884628295898,0.8280007243156433,0.2129121720790863,131,astronomy_solar,1,15,16,C
0.3515625,-1.073023145207309,5.61328125,-0.1200483178219107,-0.22164424116597453,1.0600362947866298,0.0,0.296875,1.0,0.9721115537848606,0.9601593625498008,0.9482071713147411,0.9322709163346613,0.9123505976095617,0.9844847942607986,0.9840456427854462,0.4365960657596588,0.5832497477531433,0.1466536968946457,256,astronomy_solar,1,16,4,C
0.2890625,-1.2776631730858097,5.26171875,-3.778600900404605,-3.1910368802072657,1.098919971832699,0.02702702702702703,0.421875,1.0,0.9437751004016064,0.8995983935742972,0.8755020080321285,0.8554216867469879,0.8353413654618473,0.9709844011925359,0.9727110945024462,0.4365960657596588,0.5832497477531433,0.1466536968946457,256,astronomy_solar,1,16,8,C
0.20703125,-2.6604077342355406,5.8515625,-0.022463730914149244,0.7032965687329766,0.8772406716033385,0.018867924528301886,0.5859375,1.0,0.99609375,0.98828125,0.96875,0.953125,0.9453125,0.9860114714231523,0.9788010407273761,0.4365960657596588,0.5832497477531433,0.1466536968946457,256,astronomy_solar,1,16,16,C
0.33974358974358976,-1.5165453924206425,5.903846153846154,0.9933865885063843,0.9149928930185051,0.8781024937280739,0.0,0.32051282051282054,1.0,0.9935897435897436,0.9871794871794872,0.9807692307692307,0.9743589743589743,0.967948717948718,0.9934850507318559,0.9999850470362094,0.6334674954414368,0.9253373742103577,0.29186975955963135,158,astronomy_solar,1,17,4,C
0.3157894736842105,-0.25641248136695144,5.901315789473684,0.6236773051479354,0.4822287086393154,0.9070575626387177,0.0,0.3684210526315789,1.0,0.993421052631579,0.9868421052631579,0.9802631578947368,0.9736842105263158,0.9671052631578947,0.9933107214603107,0.9999842333329242,0.6334674954414368,0.9253373742103577,0.29186975955963135,158,astronomy_solar,1,17,8,C
0.16666666666666666,-4.039087770365628,5.777777777777778,-0.8384539564281471,-0.2527212256439986,1.0527222862641923,0.041666666666666664,0.6666666666666666,1.0,0.9861111111111112,0.9652777777777778,0.9513888888888888,0.9444444444444444,0.9305555555555556,0.9863151445088137,0.9728152205816841,0.6334674954414368,0.9253373742103577,0.29186975955963135,158,astronomy_solar,1,17,16,C
0.3557692307692308,-0.9151592945042575,5.605769230769231,-0.14883412201860882,-0.2554057402011585,0.7417364831128523,0.0,0.28846153846153844,1.0,0.9705882352941176,0.9607843137254902,0.9509803921568627,0.9313725490196079,0.9019607843137255,0.982381735649463,0.9333652847421625,0.49245941638946533,0.7082467675209045,0.2157873511314392,106,astronomy_solar,1,18,4,C
0.3557692307692308,1.2712335237604315,5.75,-0.4178131349956414,-0.6018119430261623,0.8532291603080616,0.02702702702702703,0.28846153846153844,1.0,0.9805825242718447,0.970873786407767,0.9611650485436893,0.9514563106796117,0.941747572815534,0.989948677209996,0.9999642810886515,0.49245941638946533,0.7082467675209045,0.2157873511314392,106,astronomy_solar,1,18,8,C
0.2916666666666667,0.23037298668238312,5.729166666666667,-1.376047516766776,-1.915360868038751,0.8077191392677956,0.03571428571428571,0.4166666666666667,1.0,0.9789473684210527,0.968421052631579,0.9578947368421052,0.9473684210526315,0.9368421052631579,0.9890696597043951,0.9999577229885696,0.49245941638946533,0.7082467675209045,0.2157873511314392,106,astronomy_solar,1,18,16,C
0.3387096774193548,-1.5553444955120235,5.939516129032258,1.1300727297242539,0.9817898373461775,0.9713573616999817,0.0,0.3225806451612903,1.0,0.9959677419354839,0.9919354838709677,0.9879032258064516,0.9838709677419355,0.9798387096774194,0.9959266091334906,0.9999941688757825,0.47562044858932495,0.6935619115829468,0.2179414927959442,251,astronomy_solar,1,19,4,C
0.33064516129032256,0.3112305830127618,5.798387096774194,-0.08476990869446649,0.40990634844755575,0.8950718749196805,0.0,0.3387096774193548,1.0,0.9919354838709677,0.9838709677419355,0.9637096774193549,0.9354838709677419,0.9233870967741935,0.980821305131602,0.9695777801789593,0.47562044858932495,0.6935619115829468,0.2179414927959442,251,astronomy_solar,1,19,8,C
0.2791666666666667,-0.1965730890224182,5.866666666666666,0.14457426819106434,0.2793234599223188,0.7511362646156047,0.0,0.44166666666666665,1.0,0.9916666666666667,0.9791666666666666,0.9708333333333333,0.9666666666666667,0.9583333333333334,0.9919098159234523,0.9718576153984324,0.47562044858932495,0.6935619115829468,0.2179414927959442,251,astronomy_solar,1,19,16,C
0.2857142857142857,-3.5440756653958845,5.517857142857143,-0.4857102762748265,0.5934548069691455,1.2353305900311329,0.0,0.42857142857142855,1.0,0.9821428571428571,0.9642857142857143,0.9285714285714286,0.8571428571428571,0.7857142857142857,0.9451543666952229,0.9307146561626526,0.6813844442367554,0.8307057023048401,0.14932119846343994,57,astronomy_solar,1,20,4,C
0.39285714285714285,2.6883807220069893,5.392857142857143,-2.875989329123338,-0.0668308422042412,0.8706420003143485,0.0,0.21428571428571427,1.0,0.9821428571428571,0.9642857142857143,0.9285714285714286,0.8392857142857143,0.6785714285714286,0.9159137761431904,0.833354154541014,0.6813844442367554,0.8307057023048401,0.14932119846343994,57,astronomy_solar,1,20,8,C
0.22916666666666666,-1.9043573918416228,5.479166666666667,-4.140814398508318,-0.9177770826019059,0.9176629354822471,0.0,0.5416666666666666,1.0,0.9791666666666666,0.9583333333333334,0.9375,0.875,0.7291666666666666,0.9342071420324759,0.8082803457229246,0.6813844442367554,0.8307057023048401,0.14932119846343994,57,astronomy_solar,1,20,16,C
0.37790697674418605,-0.08440733598720492,5.912790697674419,1.0276617786196622,0.9317427840127033,0.8969966314687761,0.0,0.2441860465116279,1.0,0.9941860465116279,0.9883720930232558,0.9825581395348837,0.9767441860465116,0.9709302325581395,0.9941000787149847,0.9999877445534662,0.5238917469978333,0.907397449016571,0.38350576162338257,175,astronomy_solar,1,21,4,C
0.27380952380952384,-1.8604868279202345,5.910714285714286,0.6883661523618223,0.5127320170195121,0.9294999412460994,0.06521739130434782,0.4523809523809524,1.0,0.9940476190476191,0.9880952380952381,0.9821428571428571,0.9761904761904762,0.9702380952380952,0.9939574715764461,0.9999871430974028,0.5238917469978333,0.907397449016571,0.38350576162338257,175,astronomy_solar,1,21,8,C
0.18125,-3.540984015376693,5.8,-0.5926969002733443,-0.11971005425241929,0.9753705949543711,0.034482758620689655,0.6375,1.0,0.9875,0.96875,0.95625,0.95,0.9375,0.9877294967918575,0.9725754669804468,0.5238917469978333,0.907397449016571,0.38350576162338257,175,astronomy_solar,1,21,16,C
0.4140625,1.2723826366665927,5.89453125,0.957692191302477,0.9853293493418014,0.8695868857760441,0.0,0.171875,1.0,0.99609375,0.9921875,0.98828125,0.97265625,0.9453125,0.9876239206089402,0.8448275506728808,0.3700227737426758,0.6413367986679077,0.27131399512290955,256,astronomy_solar,1,22,4,C
0.38671875,2.4538297389638672,5.9375,0.8727293669214007,0.612344383448593,0.817903951414798,0.0,0.2265625,1.0,0.99609375,0.9921875,0.98828125,0.984375,0.9765625,0.9952602249442511,0.9720086167693385,0.3700227737426758,0.6413367986679077,0.27131399512290955,256,astronomy_solar,1,22,8,C
0.2890625,0.14142588757721564,5.9375,0.9279248846845058,0.7032965687329766,0.9401232561618413,0.0,0.421875,1.0,0.99609375,0.9921875,0.98828125,0.984375,0.9765625,0.9952602249442511,0.9720086167693385,0.3700227737426758,0.6413367986679077,0.27131399512290955,256,astronomy_solar,1,22,16,C
0.4140625,1.2723826366665927,5.73046875,0.32901022764658416,0.21725524629139856,0.8987101868789515,0.0,0.171875,1.0,0.9802371541501976,0.9683794466403162,0.9565217391304348,0.9486166007905138,0.9446640316205533,0.9905895900978757,0.9668316302260672,0.35642388463020325,0.6346555948257446,0.27823176980018616,256,astronomy_solar,1,23,4,C
0.31640625,-0.23284515771190017,5.72265625,-0.6060172498585433,-0.7188390588309576,0.8520606083056641,0.0,0.3671875,1.0,0.9763779527559056,0.9566929133858267,0.9488188976377953,0.9448818897637795,0.9409448818897638,0.9914018861889854,0.8714328685596096,0.35642388463020325,0.6346555948257446,0.27823176980018616,256,astronomy_solar,1,23,8,C
0.2265625,-1.9933044909467892,5.875,0.23673316424912033,0.7032965687329766,0.9623637565910304,0.0,0.546875,1.0,0.99609375,0.98828125,0.97265625,0.9609375,0.95703125,0.9892513221477021,0.97001614097003,0.35642388463020325,0.6346555948257446,0.27823176980018616,256,astronomy_solar,1,23,16,C
0.43478260869565216,2.049935640440005,5.396739130434782,-0.9498304127093482,-1.1948561481366722,0.8329831874688626,0.0,0.13043478260869565,1.0,0.949438202247191,0.9269662921348315,0.9101123595505618,0.898876404494382,0.8932584269662921,0.9848400188550305,0.9503834283290282,0.44922110438346863,0.6442015171051025,0.19498038291931152,187,astronomy_solar,1,24,4,C
0.3641304347826087,1.5907192045245508,5.739130434782608,-0.4926271930777906,-0.2558187310815479,1.063934176282919,0.014925373134328358,0.2717391304347826,1.0,0.9836065573770492,0.9672131147540983,0.9508196721311475,0.9398907103825137,0.9289617486338798,0.9858045113927462,0.9904929209476147,0.44922110438346863,0.6442015171051025,0.19498038291931152,187,astronomy_solar,1,24,8,C
0.25,-1.1927805990002873,5.9147727272727275,0.6765824408898229,0.5332538780335089,1.1034332949573324,0.022727272727272728,0.5,1.0,0.9943181818181818,0.9886363636363636,0.9829545454545454,0.9772727272727273,0.9715909090909091,0.9942361095993613,0.9999883047700467,0.44922110438346863,0.6442015171051025,0.19498038291931152,187,astronomy_solar,1,24,16,C
0.3,-3.007982915253278,5.55,-0.3625399323748986,0.6268947679182786,1.0200325447348455,0.0,0.4,1.0,0.9833333333333333,0.9666666666666667,0.95,0.8666666666666667,0.7833333333333333,0.9451629829439754,0.8764748342930165,0.5723629593849182,0.7682372331619263,0.19587434828281403,61,astronomy_solar,1,25,4,C
0.26785714285714285,-2.087930205416597,5.160714285714286,-4.473803855306346,-0.0668308422042412,1.140433470915523,0.0,0.4642857142857143,1.0,0.9821428571428571,0.9642857142857143,0.8928571428571429,0.7321428571428571,0.5892857142857143,0.8783533454514024,0.8947651892981017,0.5723629593849182,0.7682372331619263,0.19587434828281403,61,astronomy_solar,1,25,8,C
0.2916666666666667,0.23037298668238312,5.270833333333333,-6.444786799959609,-0.9177770826019059,0.6069769786668839,0.0,0.4166666666666667,1.0,0.9791666666666666,0.9583333333333334,0.9166666666666666,0.7916666666666666,0.625,0.8968240700209917,0.850915417360426,0.5723629593849182,0.7682372331619263,0.19587434828281403,61,astronomy_solar,1,25,16,C
0.36764705882352944,-0.4694260689897598,4.911764705882353,-2.8082360419695855,-2.2096007431787825,1.0187212056965105,0.0,0.2647058823529412,1.0,0.9230769230769231,0.8769230769230769,0.8153846153846154,0.7692307692307693,0.7538461538461538,0.9478038768755086,0.9736909368235527,0.5047892928123474,0.6751630902290344,0.1703738570213318,70,astronomy_solar,1,26,4,C
0.328125,0.21493399173406105,5.0,-5.57998314266381,-5.282896575217988,1.1164590884999632,0.0,0.34375,1.0,0.9032258064516129,0.8387096774193549,0.8225806451612904,0.8064516129032258,0.7903225806451613,0.9698359457897905,0.8890162777523801,0.5047892928123474,0.6751630902290344,0.1703738570213318,70,astronomy_solar,1,26,8,C
0.234375,-1.7264631936312886,5.734375,-1.318448206730497,-0.4189851898834781,0.9105606424161249,0.06666666666666667,0.53125,1.0,0.984375,0.96875,0.953125,0.9375,0.890625,0.9769735753852642,0.9164673399456293,0.5047892928123474,0.6751630902290344,0.1703738570213318,70,astronomy_solar,1,26,16,C
0.3235294117647059,-2.1250066209007494,5.514705882352941,-0.49778580018658597,0.6819723506580303,0.7048959155939406,0.0,0.35294117647058826,1.0,0.9852941176470589,0.9705882352941176,0.9411764705882353,0.8529411764705882,0.7647058823529411,0.9383699982672576,0.8929179115795767,0.5647901892662048,0.7456851005554199,0.18089495599269867,68,astronomy_solar,1,27,4,C
0.359375,1.4090117235899577,5.359375,-3.1064433473228124,0.04183719390021423,0.5856069741052553,0.0,0.28125,1.0,0.984375,0.96875,0.9375,0.8125,0.65625,0.9060307000321969,0.8382461252646453,0.5647901892662048,0.7456851005554199,0.18089495599269867,68,astronomy_solar,1,27,8,C
0.25,-1.1927805990002873,5.578125,-3.046427507818961,-0.4189851898834781,1.1509202174515727,0.0,0.5,1.0,0.984375,0.96875,0.9375,0.875,0.8125,0.9526035433188517,0.932397610752992,0.5647901892662048,0.7456851005554199,0.18089495599269867,68,astronomy_solar,1,27,16,C
0.35909090909090907,-0.7905083578452261,5.931818181818182,1.1005744557697248,0.9673743703094551,1.0039130888095233,0.0,0.2818181818181818,1.0,0.9954545454545455,0.990909090909091,0.9863636363636363,0.9818181818181818,0.9772727272727273,0.9954021965609835,0.9999925669080648,0.5575238466262817,0.7939152121543884,0.23639142513275146,223,astronomy_solar,1,28,4,C
0.2824074074074074,-1.5319575048699368,5.768518518518518,-0.29035214715198543,0.3517423339018007,0.8854589536988411,0.0,0.4351851851851852,1.0,0.9907407407407407,0.9814814814814815,0.9583333333333334,0.9259259259259259,0.9120370370370371,0.9778672561483011,0.9694055607061486,0.5575238466262817,0.7939152121543884,0.23639142513275146,223,astronomy_solar,1,28,8,C
0.24519230769230768,-1.356990628117519,5.846153846153846,-0.0822783990287537,0.15654391709932244,0.9085427150675687,0.0,0.5096153846153846,1.0,0.9903846153846154,0.9759615384615384,0.9663461538461539,0.9615384615384616,0.9519230769230769,0.9906334530868466,0.9720782459025209,0.5575238466262817,0.7939152121543884,0.23639142513275146,223,astronomy_solar,1,28,16,C
0.4772727272727273,3.64444075697088,5.113636363636363,-2.03467066168304,-1.7777424239693886,1.0779515055652826,0.0,0.045454545454545456,1.0,0.9404761904761905,0.9166666666666666,0.8809523809523809,0.8333333333333334,0.7857142857142857,0.9555295017408119,0.9765192088042782,0.5313871502876282,0.6838396787643433,0.1524524837732315,89,astronomy_solar,1,29,4,C
0.2159090909090909,-4.0728905908393855,5.818181818181818,0.051475047519647744,0.24929435373598882,0.6907581446529836,0.05263157894736842,0.5681818181818182,1.0,0.9886363636363636,0.9772727272727273,0.9659090909090909,0.9545454545454546,0.9318181818181818,0.9859093911188958,0.9700336459278519,0.5313871502876282,0.6838396787643433,0.1524524837732315,89,astronomy_solar,1,29,8,C
0.275,-0.3388884475906847,5.6375,-2.3897953734053425,-1.316810596776644,0.8472470872883164,0.045454545454545456,0.45,1.0,0.975,0.95,0.925,0.9,0.8875,0.9760782593174592,0.9896395245423208,0.5313871502876282,0.6838396787643433,0.1524524837732315,89,astronomy_solar,1,29,16,C
0.39453125,0.5394433298309984,5.55859375,-0.32960897237387493,0.6561547337487716,0.8785611669878548,0.0,0.2109375,1.0,0.9882352941176471,0.9764705882352941,0.9529411764705882,0.8745098039215686,0.788235294117647,0.9452999935340252,0.8773695786370241,0.44672536849975586,0.8358795642852783,0.3891541361808777,256,astronomy_solar,2,0,4,C
0.3359375,0.5134534246980352,5.57421875,-1.6276967305428682,-1.0991771851965433,0.8936828569626146,0.0,0.328125,1.0,0.9723320158102767,0.9525691699604744,0.9367588932806324,0.9090909090909091,0.8695652173913043,0.9733490158211063,0.9600778007693084,0.44672536849975586,0.8358795642852783,0.3891541361808777,256,astronomy_solar,2,0,8,C
0.28515625,0.008005238919465321,5.91796875,0.7119274720484479,0.7032965687329766,0.8102529158161079,0.0136986301369863,0.4296875,1.0,0.99609375,0.9921875,0.98828125,0.98046875,0.9609375,0.9916604340975759,0.864868978727722,0.44672536849975586,0.8358795642852783,0.3891541361808777,256,astronomy_solar,2,0,16,C
0.41796875,1.4189704980337114,5.23046875,-1.5869728996856605,-1.648067575402437,0.9448470775739319,0.0,0.1640625,1.0,0.9390243902439024,0.9146341463414634,0.8943089430894309,0.8617886178861789,0.8333333333333334,0.9706076512516163,0.9911553395969404,0.34083032608032227,0.6207607984542847,0.2799304723739624,256,astronomy_solar,2,1,4,C
0.3671875,1.7075311565539317,5.52734375,-1.9503323560221288,-1.2893462483793363,0.8779066009547941,0.0,0.265625,1.0,0.9683794466403162,0.9367588932806324,0.9130434782608695,0.8932806324110671,0.8814229249011858,0.9767057962682544,0.9761279571079525,0.34083032608032227,0.6207607984542847,0.2799304723739624,256,astronomy_solar,2,1,8,C
0.24609375,-1.3262012476580378,5.89453125,0.4527305768851783,0.7032965687329766,0.7931155389125321,0.015873015873015872,0.5078125,1.0,0.99609375,0.9921875,0.984375,0.96875,0.953125,0.9888529775857997,0.9400957142937522,0.34083032608032227,0.6207607984542847,0.2799304723739624,256,astronomy_solar,2,1,16,C
0.3984375,0.6860311911981172,5.41015625,-0.8984164633006351,0.21725524629139856,0.8085432503178235,0.0,0.203125,1.0,0.9802371541501976,0.9683794466403162,0.932806324110672,0.841897233201581,0.7509881422924901,0.9349356839445973,0.8947725845983298,0.36420196294784546,0.6168081760406494,0.25260627269744873,256,astronomy_solar,2,2,4,C
0.34765625,0.9612325741439964,5.67578125,-0.9286528753378038,-0.33850093246537166,0.7911105443474756,0.0,0.3046875,1.0,0.9803921568627451,0.9607843137254902,0.9411764705882353,0.9176470588235294,0.8980392156862745,0.9781018313036124,0.9983662570267299,0.36420196294784546,0.6168081760406494,0.25260627269744873,256,astronomy_solar,2,2,8,C
0.29296875,0.2748465362349659,5.81640625,-0.4112590736590536,0.7032965687329766,0.8105735490737717,0.0,0.4140625,1.0,0.99609375,0.984375,0.9609375,0.94140625,0.93359375,0.9827276924499778,0.9779137023498377,0.36420196294784546,0.6168081760406494,0.25260627269744873,256,astronomy_solar,2,2,16,C
0.39453125,0.5394433298309984,5.76953125,0.4786964094694158,0.9853293493418014,0.7932976561546701,0.0,0.2109375,1.0,0.99609375,0.9921875,0.97265625,0.92578125,0.8828125,0.9694046859021762,0.9033164550488115,0.44080880284309387,0.6270011067390442,0.1861923187971115,256,astronomy_solar,2,3,4,C
0.265625,-2.1732214719777323,5.890625,0.5500937414421402,0.612344383448593,0.7186022390304987,0.014705882352941176,0.46875,1.0,0.99609375,0.98828125,0.9765625,0.96875,0.9609375,0.990859554086763,0.9947277422356916,0.44080880284309387,0.6270011067390442,0.1861923187971115,256,astronomy_solar,2,3,8,C
0.20703125,-2.6604077342355406,5.890625,0.4095310943579667,0.7032965687329766,1.0034656875057844,0.0,0.5859375,1.0,0.99609375,0.98828125,0.9765625,0.96875,0.9609375,0.990859554086763,0.9947277422356916,0.44080880284309387,0.6270011067390442,0.1861923187971115,256,astronomy_solar,2,3,16,C
0.3828125,0.09967974572964182,5.72265625,0.29907299128201786,0.9853293493418014,0.8736024490649473,0.0,0.234375,1.0,0.99609375,0.98828125,0.96875,0.9140625,0.85546875,0.9624769122261857,0.8925830842090574,0.3072377145290375,0.7155468463897705,0.4083092212677002,256,astronomy_solar,2,4,4,C
0.390625,2.603089455445854,5.91796875,0.7382978563050421,0.612344383448593,0.9381219754332817,0.0,0.21875,1.0,0.99609375,0.9921875,0.98828125,0.98046875,0.9609375,0.9916604340975759,0.864868978727722,0.3072377145290375,0.7155468463897705,0.4083092212677002,256,astronomy_solar,2,4,8,C
0.31640625,1.0753704281814678,5.578125,-3.046427507818961,-1.915360868038751,0.9596769572136643,0.024691358024691357,0.3671875,1.0,0.9763779527559056,0.9448818897637795,0.9173228346456693,0.8976377952755905,0.8858267716535433,0.9757049942672592,0.974109352747293,0.3072377145290375,0.7155468463897705,0.4083092212677002,256,astronomy_solar,2,4,16,C
0.45,2.6209909612440865,3.05,-9.942455569036122,-3.820620038316435,0.7897299977763003,0.0,0.1,1.0,0.868421052631579,0.7105263157894737,0.4473684210526316,0.15789473684210525,0.02631578947368421,0.4275392200651754,0.8746730880346502,0.6146299242973328,0.7771155834197998,0.16248564422130585,42,astronomy_solar,2,5,4,C
0.4,2.9613127750026242,4.825,-6.784489477786381,-4.065814570848112,1.3232025740237643,0.0,0.2,1.0,0.9230769230769231,0.8461538461538461,0.7692307692307693,0.717948717948718,0.6923076923076923,0.9287026009029293,0.9760583489772984,0.6146299242973328,0.7771155834197998,0.16248564422130585,42,astronomy_solar,2,5,8,C
0.40625,4.144045347309725,2.875,-32.940469416649385,-16.879117649591482,0.7008025830110999,0.0,0.1875,1.0,0.8387096774193549,0.6129032258064516,0.3548387096774194,0.12903225806451613,0.03225806451612903,0.4460011406701508,0.9300683986462497,0.6146299242973328,0.7771155834197998,0.16248564422130585,42,astronomy_solar,2,5,16,C
0.3828125,0.09967974572964182,5.57421875,-0.26973449964474233,-0.11191936930163125,0.8826839456413231,0.0,0.234375,1.0,0.9722222222222222,0.9563492063492064,0.9404761904761905,0.9087301587301587,0.8849206349206349,0.9763591479396017,0.9770391649523011,0.5250664353370667,0.9122728705406189,0.38720643520355225,256,astronomy_solar,2,6,4,C
0.35546875,1.2597520071079706,5.51953125,-2.0041049602686725,-1.2893462483793363,0.9611659586148483,0.0,0.2890625,1.0,0.9722222222222222,0.9563492063492064,0.9285714285714286,0.8888888888888888,0.8611111111111112,0.9689064064139109,0.9788049307962251,0.5250664353370667,0.9122728705406189,0.38720643520355225,256,astronomy_solar,2,6,8,C
0.2421875,-1.459621896315788,5.91015625,0.6255285069940247,0.7032965687329766,0.9795651525864978,0.016129032258064516,0.515625,1.0,0.99609375,0.9921875,0.98828125,0.98046875,0.953125,0.9900427086220625,0.8054245891927587,0.5250664353370667,0.9122728705406189,0.38720643520355225,256,astronomy_solar,2,6,16,C
0.3671875,-0.48667169973883356,5.81640625,0.6583198276568137,0.9853293493418014,0.8380167062773869,0.0,0.265625,1.0,0.99609375,0.9921875,0.98046875,0.94140625,0.90625,0.9761305238563306,0.889832874310875,0.4812808334827423,0.7473839521408081,0.2661030888557434,256,astronomy_solar,2,7,4,C
0.34375,0.8119728576620093,5.5234375,-1.9772186581454005,-0.33850093246537166,0.8277020617032713,0.011363636363636364,0.3125,1.0,0.9803921568627451,0.9568627450980393,0.9333333333333333,0.8745098039215686,0.8,0.9515454466844612,0.9196083317646534,0.4812808334827423,0.7473839521408081,0.2661030888557434,256,astronomy_solar,2,7,8,C
0.2265625,-1.9933044909467892,5.93359375,0.8847254021572942,0.7032965687329766,0.9062077913413261,0.017241379310344827,0.546875,1.0,0.99609375,0.9921875,0.98828125,0.984375,0.97265625,0.9944627397651815,0.922639787895895,0.4812808334827423,0.7473839521408081,0.2661030888557434,256,astronomy_solar,2,7,16,C
0.3671875,-0.48667169973883356,5.76953125,0.4786964094694158,0.6561547337487716,0.8188910858456248,0.0,0.265625,1.0,0.9882352941176471,0.9725490196078431,0.9529411764705882,0.9411764705882353,0.9372549019607843,0.9862236846602767,0.9556650607911817,0.39103275537490845,0.7166003584861755,0.3255676031112671,256,astronomy_solar,2,8,4,C
0.36328125,1.5582714400719448,5.29296875,-3.5635104834184315,-2.430360627476094,0.8570981178335496,0.0,0.2734375,1.0,0.9484126984126984,0.9047619047619048,0.8809523809523809,0.8412698412698413,0.8015873015873016,0.9599106168198926,0.9921782879589819,0.39103275537490845,0.7166003584861755,0.3255676031112671,256,astronomy_solar,2,8,8,C
0.23046875,-1.859883842289039,5.88671875,0.36633161183075513,0.7032965687329766,0.92142960563479,0.0,0.5390625,1.0,0.99609375,0.9921875,0.984375,0.96875,0.9453125,0.9872265658554515,0.9041172134907293,0.39103275537490845,0.7166003584861755,0.3255676031112671,256,astronomy_solar,2,8,16,C
0.3359375,-1.6593745906757844,5.58203125,-0.23979726328017598,-0.11191936930163125,0.9884348197741847,0.0,0.328125,1.0,0.9722222222222222,0.9563492063492064,0.9404761904761905,0.9126984126984127,0.8888888888888888,0.9776591430403836,0.9821483843256223,0.42637568712234497,0.8082625269889832,0.3818868398666382,256,astronomy_solar,2,9,4,C
0.328125,0.21493399173406105,5.4453125,-2.5149447006108345,-1.4795153115621293,0.8070513485351787,0.011904761904761904,0.34375,1.0,0.9682539682539683,0.9444444444444444,0.9087301587301587,0.8650793650793651,0.8452380952380952,0.9646858516212246,0.9864570841308287,0.42637568712234497,0.8082625269889832,0.3818868398666382,256,astronomy_solar,2,9,8,C
0.34375,2.00931496878572,5.93359375,0.8847254021572942,0.7032965687329766,0.8716022181241382,0.0,0.3125,1.0,0.99609375,0.9921875,0.98828125,0.984375,0.97265625,0.9944627397651815,0.922639787895895,0.42637568712234497,0.8082625269889832,0.3818868398666382,256,astronomy_solar,2,9,16,C
0.375,-0.1934959770045959,5.34375,-1.152882972399449,0.21725524629139856,0.6815401979488211,0.0,0.25,1.0,0.96875,0.9375,0.90625,0.8125,0.71875,0.9286636310787441,0.9175553391420533,0.9006631970405579,1.315168023109436,0.4145047962665558,35,astronomy_solar,2,10,4,C
0.3125,-0.3821048741938873,5.21875,-4.074350223760594,-0.7188390588309576,0.35136418446315326,0.0,0.375,1.0,0.96875,0.90625,0.84375,0.78125,0.71875,0.9281697912498692,0.9980553134211221,0.9006631970405579,1.315168023109436,0.4145047962665558,35,astronomy_solar,2,10,8,C
0.3125,0.9419497795237175,5.21875,-7.020779900322427,-1.915360868038751,0.35136418446315326,0.0,0.375,1.0,0.96875,0.90625,0.84375,0.78125,0.71875,0.9281697912498692,0.9980553134211221,0.9006631970405579,1.315168023109436,0.4145047962665558,35,astronomy_solar,2,10,16,C
0.41015625,1.1257947752994737,5.2578125,-1.4821925724096785,-1.3188929598094072,0.971366048408117,0.0,0.1796875,1.0,0.9473684210526315,0.9271255060728745,0.8987854251012146,0.854251012145749,0.8218623481781376,0.964052607012342,0.9795643121223812,0.34239548444747925,0.5571209788322449,0.21472546458244324,256,astronomy_solar,2,11,4,C
0.37109375,1.8567908730359188,5.6015625,-1.4394926156799663,-1.4795153115621293,0.7809679595184327,0.0,0.2578125,1.0,0.9682539682539683,0.9484126984126984,0.9365079365079365,0.9246031746031746,0.9126984126984127,0.9857423241068319,0.9882396836349774,0.34239548444747925,0.5571209788322449,0.21472546458244324,256,astronomy_solar,2,11,8,C
0.265625,-0.6590980043692862,5.94140625,0.9711243672117175,0.7032965687329766,0.9654765349859603,0.029411764705882353,0.46875,1.0,0.99609375,0.9921875,0.98828125,0.984375,0.98046875,0.9960551622400232,0.9999945318250933,0.34239548444747925,0.5571209788322449,0.21472546458244324,256,astronomy_solar,2,11,16,C
0.29838709677419356,-3.06850951607583,5.782258064516129,0.5274651332245963,0.8685254534862104,1.1474034936220896,0.0,0.4032258064516129,1.0,0.9919354838709677,0.9838709677419355,0.9758064516129032,0.9435483870967742,0.8870967741935484,0.9738232023507101,0.8401422494657579,0.4475330710411072,0.7296066284179688,0.2820735573768616,127,astronomy_solar,2,12,4,C
0.2833333333333333,-1.4965774239260576,5.733333333333333,-0.5325280240549336,0.3968194451747625,0.7514086435296834,0.0,0.43333333333333335,1.0,0.9916666666666667,0.9833333333333333,0.9666666666666667,0.925,0.8666666666666667,0.9674786116837656,0.8842316245296262,0.4475330710411072,0.7296066284179688,0.2820735573768616,127,astronomy_solar,2,12,8,C
0.3125,0.9419497795237175,5.705357142857143,-1.6393586483612077,0.22231867218307047,0.778214540868029,0.0,0.375,1.0,0.9910714285714286,0.9821428571428571,0.9642857142857143,0.9285714285714286,0.8392857142857143,0.9618891819081956,0.8221446048434826,0.4475330710411072,0.7296066284179688,0.2820735573768616,127,astronomy_solar,2,12,16,C
0.36538461538461536,-0.5543276357544277,5.846153846153846,0.7723116122757381,0.9149928930185051,0.8845379626717034,0.0,0.2692307692307692,1.0,0.9935897435897436,0.9871794871794872,0.9743589743589743,0.9551282051282052,0.9358974358974359,0.9848515806672341,0.9628195630495742,0.5460211038589478,0.8549586534500122,0.3089374899864197,158,astronomy_solar,2,13,4,C
0.3157894736842105,-0.25641248136695144,5.855263157894737,0.30670195379989323,0.4822287086393154,0.8373561246144027,0.0,0.3684210526315789,1.0,0.993421052631579,0.9868421052631579,0.9802631578947368,0.9605263157894737,0.9342105263157895,0.9851184186252845,0.9055595701951078,0.5460211038589478,0.8549586534500122,0.3089374899864197,158,astronomy_solar,2,13,8,C
0.3194444444444444,1.1791420438041615,5.638888888888889,-2.3744355573956653,-0.9177770826019059,0.6987682049834866,0.0,0.3611111111111111,1.0,0.9791666666666666,0.9444444444444444,0.9166666666666666,0.9027777777777778,0.8958333333333334,0.9779453002449638,0.9312481526935453,0.5460211038589478,0.8549586534500122,0.3089374899864197,158,astronomy_solar,2,13,16,C
0.38671875,0.24626760709676068,5.32421875,-1.2277260633108646,-1.648067575402437,1.0315955880625904,0.0,0.2265625,1.0,0.9390243902439024,0.9146341463414634,0.9024390243902439,0.8943089430894309,0.8902439024390244,0.9871665780259771,0.9065478675012028,0.494766503572464,0.788135290145874,0.29336878657341003,256,astronomy_solar,2,14,4,C
0.31640625,-0.23284515771190017,5.73046875,-0.5522446456119999,-0.14833186928257872,0.8840582689351719,0.012345679012345678,0.3671875,1.0,0.984313725490196,0.9686274509803922,0.9568627450980393,0.9333333333333333,0.9098039215686274,0.9807331450770672,0.9780217378548839,0.494766503572464,0.788135290145874,0.29336878657341003,256,astronomy_solar,2,14,8,C
0.30078125,0.5416878335504666,5.84765625,-0.06566321344136083,0.7032965687329766,1.0914357516592537,0.012987012987012988,0.3984375,1.0,0.99609375,0.984375,0.96484375,0.953125,0.94921875,0.987215913047525,0.9600613854708394,0.494766503572464,0.788135290145874,0.29336878657341003,256,astronomy_solar,2,14,16,C
0.390625,0.39285546846387953,5.83984375,0.7481315367505127,0.6561547337487716,1.1193802071650056,0.0,0.21875,1.0,0.9882352941176471,0.9803921568627451,0.9764705882352941,0.9647058823529412,0.9529411764705882,0.991152900920653,0.966482927175066,0.37144821882247925,0.5954617261886597,0.2240135669708252,256,astronomy_solar,2,15,4,C
0.30078125,-0.8298840236398485,5.48828125,-2.219195377254846,-2.620529690658887,0.8634579285015305,0.025974025974025976,0.3984375,1.0,0.9558232931726908,0.9357429718875502,0.9236947791164659,0.9156626506024096,0.9116465863453815,0.9884339928155096,0.9283902708093963,0.37144821882247925,0.5954617261886597,0.2240135669708252,256,astronomy_solar,2,15,8,C
0.30859375,0.8085291308659671,5.58203125,-3.003228025291749,-2.2894547875775695,0.8069756361993556,0.0,0.3828125,1.0,0.9762845849802372,0.9486166007905138,0.9209486166007905,0.9051383399209486,0.8972332015810277,0.9786518126821782,0.9572789007698117,0.37144821882247925,0.5954617261886597,0.2240135669708252,256,astronomy_solar,2,15,16,C
0.38596491228070173,0.21797872156977202,5.4035087719298245,-0.9238893749441699,-1.1225431891047937,0.8575896327010489,0.0,0.22807017543859648,1.0,0.9502262443438914,0.9276018099547512,0.9095022624434389,0.8959276018099548,0.8914027149321267,0.9838763452327814,0.9517575542544725,0.4434283673763275,0.8498085141181946,0.40638014674186707,228,astronomy_solar,2,16,4,C
0.3169642857142857,-0.2115223410716169,5.383928571428571,-2.9374437339765347,-3.109535853128928,0.9647659773344903,0.0,0.36607142857142855,1.0,0.9493087557603687,0.9216589861751152,0.9032258064516129,0.8940092165898618,0.8894009216589862,0.9840455260143292,0.9123187493209546,0.4434283673763275,0.8498085141181946,0.40638014674186707,228,astronomy_solar,2,16,8,C
0.2544642857142857,-1.0402998576771447,5.875,0.23673316424912033,0.6498545802274326,0.8997451973299679,0.017543859649122806,0.49107142857142855,1.0,0.9955357142857143,0.9910714285714286,0.9866071428571429,0.9732142857142857,0.9285714285714286,0.9843783337963918,0.7686632836977906,0.4434283673763275,0.8498085141181946,0.40638014674186707,228,astronomy_solar,2,16,16,C
0.40234375,0.832619052565236,5.90234375,0.9876294276670433,0.9853293493418014,0.9659365083544389,0.0,0.1953125,1.0,0.99609375,0.9921875,0.98828125,0.97265625,0.953125,0.9892509869635201,0.8861109663195327,0.3876118063926697,0.5670558214187622,0.17944404482841492,256,astronomy_solar,2,17,4,C
0.28125,-1.5761826060497839,5.921875,0.7651841584283138,0.612344383448593,0.8389209612012002,0.0,0.4375,1.0,0.99609375,0.9921875,0.98828125,0.98046875,0.96484375,0.9924653543412915,0.8998881842421618,0.3876118063926697,0.5670558214187622,0.17944404482841492,256,astronomy_solar,2,17,8,C
0.2734375,-0.39225670705378557,5.921875,0.7551269545756595,0.7032965687329766,0.8389441921983035,0.02857142857142857,0.453125,1.0,0.99609375,0.9921875,0.98828125,0.98046875,0.96484375,0.9924653543412915,0.8998881842421618,0.3876118063926697,0.5670558214187622,0.17944404482841492,256,astronomy_solar,2,17,16,C
0.39655172413793105,0.6152646374346811,5.849137931034483,0.7837465248393947,0.6107513384945596,0.8297173060480342,0.0,0.20689655172413793,1.0,0.987012987012987,0.9783549783549783,0.974025974025974,0.9696969696969697,0.9653679653679653,0.9946904793572521,0.9740297890826269,0.5686041712760925,0.808418333530426,0.2398141324520111,232,astronomy_solar,2,18,4,C
0.38362068965517243,2.3354513431333266,5.831896551724138,0.1458720957267446,-0.03685345293404659,0.8305557467952068,0.0,0.23275862068965517,1.0,0.987012987012987,0.9783549783549783,0.974025974025974,0.9653679653679653,0.9523809523809523,0.9915559139675558,0.9688749160097955,0.5686041712760925,0.808418333530426,0.2398141324520111,232,astronomy_solar,2,18,8,C
0.26785714285714285,-0.5828576337077148,5.883928571428571,0.33547483859702976,-0.20521723586129173,0.8550240420523036,0.05,0.4642857142857143,1.0,0.9910313901345291,0.9865470852017937,0.9820627802690582,0.9775784753363229,0.9730941704035875,0.995444091827218,0.9999927020587671,0.5686041712760925,0.808418333530426,0.2398141324520111,232,astronomy_solar,2,18,16,C
0.38671875,0.24626760709676068,5.41796875,-0.8684792269360688,-0.9897183442163774,0.8728769698576648,0.0,0.2265625,1.0,0.9556451612903226,0.9395161290322581,0.9193548387096774,0.8951612903225806,0.8830645161290323,0.9795776305712565,0.991499592405527,0.3096064329147339,0.7093545794487,0.3997481167316437,256,astronomy_solar,2,19,4,C
0.296875,-0.9791437401218356,5.61328125,-1.3588337093101512,-1.4795153115621293,0.8755242094023739,0.013157894736842105,0.40625,1.0,0.9682539682539683,0.9484126984126984,0.9365079365079365,0.9285714285714286,0.9206349206349206,0.9878737089215569,0.9587159185439029,0.3096064329147339,0.7093545794487,0.3997481167316437,256,astronomy_solar,2,19,8,C
0.26953125,-0.5256773557115358,5.94140625,0.9711243672117175,0.7032965687329766,0.7742326192850159,0.0,0.4609375,1.0,0.99609375,0.9921875,0.98828125,0.984375,0.98046875,0.9960551622400232,0.9999945318250933,0.3096064329147339,0.7093545794487,0.3997481167316437,256,astronomy_solar,2,19,16,C
0.30859375,-2.685489620245616,5.91015625,1.0175666640316097,0.9853293493418014,1.2266890609117085,0.0,0.3828125,1.0,0.99609375,0.9921875,0.98828125,0.9765625,0.95703125,0.990457420315849,0.8803104743248519,0.37923091650009155,0.5795291066169739,0.20029813051223755,256,astronomy_solar,2,20,4,C
0.25390625,-2.6210006214236934,5.89453125,0.5769800435654119,0.612344383448593,1.1620730196527198,0.0,0.4921875,1.0,0.99609375,0.9921875,0.98828125,0.97265625,0.9453125,0.9876239206089402,0.8448275506728808,0.37923091650009155,0.5795291066169739,0.20029813051223755,256,astronomy_solar,2,20,8,C
0.24609375,-1.3262012476580378,5.62109375,-2.571233200019633,-4.15992438527166,0.8268466407688518,0.0,0.5078125,1.0,0.9641434262948207,0.9482071713147411,0.9442231075697212,0.9402390438247012,0.9362549800796812,0.993308161476756,0.8794439154540147,0.37923091650009155,0.5795291066169739,0.20029813051223755,256,astronomy_solar,2,20,16,C
0.34523809523809523,-1.3103558731350253,5.488095238095238,-0.5997568909969851,0.760654611714814,0.984532083707219,0.0,0.30952380952380953,1.0,0.9880952380952381,0.9761904761904762,0.9404761904761905,0.8452380952380952,0.7380952380952381,0.9298377396305988,0.879463822774309,0.5748688578605652,0.7684991955757141,0.19363033771514893,85,astronomy_solar,2,21,4,C
0.2375,-3.2478914306480395,5.6375,-1.1921386361458655,0.19397244444645073,1.0243938285880987,0.05263157894736842,0.525,1.0,0.9875,0.975,0.9625,0.9,0.8125,0.9540717628195927,0.8439591470397959,0.5748688578605652,0.7684991955757141,0.19363033771514893,85,astronomy_solar,2,21,8,C
0.2375,-1.6197266747050887,5.675,-1.9750803411441153,-2.513911139300858,0.996688732630236,0.05263157894736842,0.525,1.0,0.9746835443037974,0.9620253164556962,0.9493670886075949,0.9367088607594937,0.9240506329113924,0.9867525098905316,0.999937752666864,0.5748688578605652,0.7684991955757141,0.19363033771514893,85,astronomy_solar,2,21,16,C
0.34375,-1.3661988679415467,5.89453125,0.957692191302477,0.9853293493418014,1.0807168473054976,0.0,0.3125,1.0,0.99609375,0.9921875,0.98828125,0.97265625,0.9453125,0.9876239206089402,0.8448275506728808,0.40062639117240906,0.5571614503860474,0.15653501451015472,256,astronomy_solar,2,22,4,C
0.33203125,0.36419370821604813,5.8671875,0.3887759287025099,0.612344383448593,0.8748293351870288,0.0,0.3359375,1.0,0.99609375,0.9921875,0.98828125,0.96484375,0.92578125,0.9827158410256958,0.8171896419015625,0.40062639117240906,0.5571614503860474,0.15653501451015472,256,astronomy_solar,2,22,8,C
0.2265625,-1.9933044909467892,5.890625,0.4095310943579667,0.7032965687329766,0.9497970741292497,0.017241379310344827,0.546875,1.0,0.99609375,0.9921875,0.98828125,0.97265625,0.94140625,0.9868063500172477,0.8254051128388301,0.40062639117240906,0.5571614503860474,0.15653501451015472,256,astronomy_solar,2,22,16,C
0.390625,0.39285546846387953,5.11328125,-2.0360314451541552,-2.525866550317183,0.9103822007522488,0.0,0.21875,1.0,0.9214876033057852,0.8966942148760331,0.8842975206611571,0.8636363636363636,0.8429752066115702,0.9786642319771083,0.9924995831705574,0.3939165472984314,0.5768324136734009,0.18291586637496948,256,astronomy_solar,2,23,4,C
0.34375,0.8119728576620093,5.28515625,-3.617283087664975,-2.050022501110508,1.0969045208852504,0.0,0.3125,1.0,0.9601593625498008,0.9243027888446215,0.8804780876494024,0.8286852589641435,0.796812749003984,0.9529280824177406,0.9942636804944033,0.3939165472984314,0.5768324136734009,0.18291586637496948,256,astronomy_solar,2,23,8,C
0.26171875,-0.7925186530270365,5.86328125,0.10713471666748554,0.7032965687329766,1.019415190227248,0.029850746268656716,0.4765625,1.0,0.99609375,0.98828125,0.97265625,0.95703125,0.94921875,0.9872287058725973,0.9845916772595888,0.3939165472984314,0.5768324136734009,0.18291586637496948,256,astronomy_solar,2,23,16,C
0.359375,-0.7798474224730713,5.72265625,0.29907299128201786,0.6561547337487716,1.115079718126815,0.0,0.28125,1.0,0.9882352941176471,0.9764705882352941,0.9568627450980393,0.9254901960784314,0.8980392156862745,0.9757942483249106,0.9688009373870436,0.31452882289886475,0.5163733959197998,0.20184451341629028,256,astronomy_solar,2,24,4,C
0.30859375,-0.5313645906758744,5.80078125,-0.06829120739310916,0.04183719390021423,0.9434063104384096,0.0,0.3828125,1.0,0.9882352941176471,0.9803921568627451,0.9686274509803922,0.9490196078431372,0.9372549019607843,0.9862499808031514,0.9784229445506805,0.31452882289886475,0.5163733959197998,0.20184451341629028,256,astronomy_solar,2,24,8,C
0.23046875,-1.859883842289039,5.8515625,-0.022463730914149244,-0.04489127034465989,1.0275218969439395,0.05084745762711865,0.5390625,1.0,0.9921568627450981,0.984313725490196,0.9725490196078431,0.9647058823529412,0.9607843137254902,0.9915971073727573,0.976447500918134,0.31452882289886475,0.5163733959197998,0.20184451341629028,256,astronomy_solar,2,24,16,C
0.421875,1.5655583594008304,5.19140625,-1.7366590815084921,-2.0869670628598103,0.7650568606319402,0.0,0.15625,1.0,0.930327868852459,0.9057377049180327,0.889344262295082,0.8688524590163934,0.8524590163934426,0.9785924353401891,0.9963693083672286,0.32484525442123413,0.6495575904846191,0.324712336063385,256,astronomy_solar,2,25,4,C
0.29296875,-1.1284034566038226,5.5859375,-1.5470378241730531,-1.4795153115621293,0.9982275959586236,0.0,0.4140625,1.0,0.9682539682539683,0.9444444444444444,0.9285714285714286,0.9206349206349206,0.9126984126984127,0.9857316580738438,0.9421897049049546,0.32484525442123413,0.6495575904846191,0.324712336063385,256,astronomy_solar,2,25,8,C
0.22265625,-2.1267251396045395,5.94140625,0.9711243672117175,0.7032965687329766,0.7962617361520151,0.017543859649122806,0.5546875,1.0,0.99609375,0.9921875,0.98828125,0.984375,0.98046875,0.9960551622400232,0.9999945318250933,0.32484525442123413,0.6495575904846191,0.324712336063385,256,astronomy_solar,2,25,16,C
0.40625,0.9792069139323549,5.75390625,0.4188219367402832,0.6561547337487716,0.8852514334778543,0.0,0.1875,1.0,0.9882352941176471,0.9764705882352941,0.9607843137254902,0.9372549019607843,0.9137254901960784,0.9804172219416959,0.9766596532565407,0.3572419583797455,0.6554546356201172,0.2982126474380493,256,astronomy_solar,2,26,4,C
0.3515625,1.1104922906259835,5.81640625,0.039254001099977676,0.04183719390021423,0.7181931052904382,0.0,0.296875,1.0,0.9882352941176471,0.9764705882352941,0.9647058823529412,0.9568627450980393,0.9529411764705882,0.9907411337785568,0.9668076196438378,0.3572419583797455,0.6554546356201172,0.2982126474380493,256,astronomy_solar,2,26,8,C
0.26171875,-0.7925186530270365,5.8359375,-0.19526166102299564,-0.04489127034465989,0.8094549465131589,0.0,0.4765625,1.0,0.9921568627450981,0.9882352941176471,0.9764705882352941,0.9568627450980393,0.9450980392156862,0.9871388236918387,0.9574976826254706,0.3572419583797455,0.6554546356201172,0.2982126474380493,256,astronomy_solar,2,26,16,C
0.37109375,-0.34008383837171474,5.87890625,0.8978177185733444,0.9853293493418014,1.0628565284176412,0.0,0.2578125,1.0,0.99609375,0.9921875,0.98046875,0.9609375,0.94921875,0.987241396492548,0.9575082936499935,0.35583412647247314,0.808527946472168,0.4526938796043396,256,astronomy_solar,2,27,4,C
0.296875,-0.9791437401218356,5.80859375,-0.014518603146565745,0.612344383448593,0.9789837634798281,0.0,0.40625,1.0,0.99609375,0.98828125,0.96875,0.94140625,0.9140625,0.978193533525654,0.9595097233617024,0.35583412647247314,0.808527946472168,0.4526938796043396,256,astronomy_solar,2,27,8,C
0.30078125,0.5416878335504666,5.9375,0.9279248846845058,0.7032965687329766,0.8144891195878562,0.012987012987012988,0.3984375,1.0,0.99609375,0.9921875,0.98828125,0.984375,0.9765625,0.9952602249442511,0.9720086167693385,0.35583412647247314,0.808527946472168,0.4526938796043396,256,astronomy_solar,2,27,16,C
0.34274193548387094,-1.404027993455643,5.907258064516129,1.0064609150576576,0.9817898373461775,0.8474135005012358,0.0,0.31451612903225806,1.0,0.9959677419354839,0.9919354838709677,0.9838709677419355,0.9717741935483871,0.9637096774193549,0.9913987867375169,0.9748387921774002,0.4575905203819275,0.9010075926780701,0.4434169828891754,250,astronomy_solar,2,28,4,C
0.3024193548387097,-0.7672912393086923,5.891129032258065,0.5535629417161136,0.6062098975394709,0.8313045061385619,0.0,0.3951612903225806,1.0,0.9959677419354839,0.9879032258064516,0.9758064516129032,0.967741935483871,0.9637096774193549,0.9913903911361321,0.9764665904551485,0.4575905203819275,0.9010075926780701,0.4434169828891754,250,astronomy_solar,2,28,8,C
0.2708333333333333,-0.4812038061589531,5.920833333333333,0.7436070925684037,0.6783569740970568,0.8506510822737303,0.0,0.4583333333333333,1.0,0.9958333333333333,0.9916666666666667,0.9875,0.9791666666666666,0.9666666666666667,0.9928122046507651,0.9363239994231931,0.4575905203819275,0.9010075926780701,0.4434169828891754,250,astronomy_solar,2,28,16,C
0.31640625,-2.3923138975113787,5.92578125,1.0774411367607424,0.9853293493418014,0.9718657908212411,0.0,0.3671875,1.0,0.99609375,0.9921875,0.98828125,0.98046875,0.96875,0.9932676717632941,0.9364511861910951,0.42838573455810547,0.6780045032501221,0.2496187537908554,256,astronomy_solar,2,29,4,C
0.25390625,-2.6210006214236934,5.92578125,0.7920704605515856,0.612344383448593,0.8467357902197863,0.0,0.4921875,1.0,0.99609375,0.9921875,0.98828125,0.98046875,0.96875,0.9932676717632941,0.9364511861910951,0.42838573455810547,0.6780045032501221,0.2496187537908554,256,astronomy_solar,2,29,8,C
0.23828125,-1.5930425449735384,5.875,0.23673316424912033,-0.04489127034465989,0.8234103078947896,0.01639344262295082,0.5234375,1.0,0.9921568627450981,0.9882352941176471,0.9803921568627451,0.9725490196078431,0.9647058823529412,0.9928143166744238,0.9872019436599238,0.42838573455810547,0.6780045032501221,0.2496187537908554,256,astronomy_solar,2,29,16,C
0.34765625,-1.219611006574428,5.77734375,0.5086336458339821,0.21725524629139856,1.1089501736204297,0.0,0.3046875,1.0,0.9802371541501976,0.9723320158102767,0.9683794466403162,0.9644268774703557,0.9604743083003953,0.9951221439402106,0.9739446031279753,0.3271440267562866,0.47949114441871643,0.1523471623659134,256,language_grammar,0,0,4,C
0.3671875,1.7075311565539317,5.33984375,-3.240874857939171,-3.3812059433900585,0.9945091327215809,0.02127659574468085,0.265625,1.0,0.9435483870967742,0.907258064516129,0.8911290322580645,0.8870967741935484,0.8830645161290323,0.984622300423076,0.8178940011297265,0.3271440267562866,0.47949114441871643,0.1523471623659134,256,language_grammar,0,0,8,C
0.29296875,0.2748465362349659,5.86328125,0.10713471666748554,-0.4189851898834781,0.9748433137290504,0.013333333333333334,0.4140625,1.0,0.9882352941176471,0.9803921568627451,0.9764705882352941,0.9725490196078431,0.9686274509803922,0.9952001887405004,0.9739291875786131,0.3271440267562866,0.47949114441871643,0.1523471623659134,256,language_grammar,0,0,16,C
0.42578125,1.7121462207679492,5.64453125,-0.000299372363645391,0.21725524629139856,0.7953949089757173,0.0,0.1484375,1.0,0.9802371541501976,0.9723320158102767,0.9565217391304348,0.9169960474308301,0.8853754940711462,0.9741246995115306,0.9303079579816638,0.32522618770599365,0.6798632740974426,0.35463711619377136,256,language_grammar,0,1,4,C
0.3046875,-0.6806243071578614,5.9296875,0.8189567626748573,0.612344383448593,0.8216511193412154,0.01282051282051282,0.390625,1.0,0.99609375,0.9921875,0.98828125,0.98046875,0.97265625,0.9940674052246967,0.9687840401147957,0.32522618770599365,0.6798632740974426,0.35463711619377136,256,language_grammar,0,1,8,C
0.23046875,-1.859883842289039,5.9296875,0.8415259196300827,0.7032965687329766,0.9066037066752685,0.03389830508474576,0.5390625,1.0,0.99609375,0.9921875,0.98828125,0.98046875,0.97265625,0.9940674052246967,0.9687840401147957,0.32522618770599365,0.6798632740974426,0.35463711619377136,256,language_grammar,0,1,16,C
0.40625,0.9792069139323549,5.84765625,0.778068773115079,0.6561547337487716,0.8519727838551552,0.0,0.1875,1.0,0.9882352941176471,0.9803921568627451,0.9764705882352941,0.9686274509803922,0.9568627450980393,0.9923698281219457,0.9690282696580095,0.3805568218231201,0.6405193209648132,0.2599625587463379,256,language_grammar,0,2,4,C
0.33203125,0.36419370821604813,5.90625,0.657638949935227,0.612344383448593,0.9660444523204756,0.0,0.3359375,1.0,0.99609375,0.9921875,0.98828125,0.9765625,0.953125,0.9896475603442696,0.8541516019672862,0.3805568218231201,0.6405193209648132,0.2599625587463379,256,language_grammar,0,2,8,C
0.25,-1.1927805990002873,5.94140625,0.9711243672117175,0.7032965687329766,0.7292890906168694,0.0,0.5,1.0,0.99609375,0.9921875,0.98828125,0.984375,0.98046875,0.9960551622400232,0.9999945318250933,0.3805568218231201,0.6405193209648132,0.2599625587463379,256,language_grammar,0,2,16,C
0.3671875,-0.48667169973883356,5.83203125,0.7181943003859463,0.6561547337487716,1.0554617917324722,0.0,0.265625,1.0,0.9882352941176471,0.9803921568627451,0.9764705882352941,0.9647058823529412,0.9450980392156862,0.9895159755494415,0.9202658390125867,0.29976391792297363,0.5644456744194031,0.26468169689178467,256,language_grammar,0,3,4,C
0.25,-2.7702603379056807,5.9296875,0.8189567626748573,0.612344383448593,0.9805957372944266,0.03125,0.5,1.0,0.99609375,0.9921875,0.98828125,0.98046875,0.97265625,0.9940674052246967,0.9687840401147957,0.29976391792297363,0.5644456744194031,0.26468169689178467,256,language_grammar,0,3,8,C
0.1953125,-3.060669680208792,5.94140625,0.9711243672117175,0.7032965687329766,0.9436206772600174,0.0,0.609375,1.0,0.99609375,0.9921875,0.98828125,0.984375,0.98046875,0.9960551622400232,0.9999945318250933,0.29976391792297363,0.5644456744194031,0.26468169689178467,256,language_grammar,0,3,16,C
0.33203125,-1.8059624520429032,5.77734375,0.5086336458339821,0.21725524629139856,0.8806604405102093,0.0,0.3359375,1.0,0.9802371541501976,0.9723320158102767,0.9683794466403162,0.9644268774703557,0.9604743083003953,0.9951221439402106,0.9739446031279753,0.29647180438041687,0.6022022366523743,0.305730402469635,256,language_grammar,0,4,4,C
0.28515625,-1.4269228895677968,5.9296875,0.8189567626748573,0.612344383448593,0.9331171396206921,0.0,0.4296875,1.0,0.99609375,0.9921875,0.98828125,0.98046875,0.97265625,0.9940674052246967,0.9687840401147957,0.29647180438041687,0.6022022366523743,0.305730402469635,256,language_grammar,0,4,8,C
0.21875,-2.2601457882622897,5.71484375,-1.534445619366555,-1.5412669484999328,0.8401544994284998,0.05357142857142857,0.5625,1.0,0.9803149606299213,0.9645669291338582,0.952755905511811,0.937007874015748,0.9251968503937008,0.9856319892034248,0.9978922817254625,0.29647180438041687,0.6022022366523743,0.305730402469635,256,language_grammar,0,4,16,C
0.3828125,0.09967974572964182,5.39453125,-0.9582909360297678,-0.3313691130303178,1.001478485604155,0.0,0.234375,1.0,0.9642857142857143,0.9404761904761905,0.9166666666666666,0.8611111111111112,0.7976190476190477,0.9543091668047314,0.9370619585792609,0.5411295890808105,0.8175470232963562,0.27641740441322327,256,language_grammar,0,5,4,C
0.34375,0.8119728576620093,5.47265625,-2.326740585747933,-2.8106987538416797,0.918700074100728,0.0,0.3125,1.0,0.9556451612903226,0.9354838709677419,0.9233870967741935,0.9193548387096774,0.9153225806451613,0.9896922933128659,0.8867801246968757,0.5411295890808105,0.8175470232963562,0.27641740441322327,256,language_grammar,0,5,8,C
0.23046875,-1.859883842289039,5.73828125,-1.2752487242032855,-1.5412669484999328,0.8087905450531154,0.0,0.5390625,1.0,0.9803149606299213,0.9645669291338582,0.952755905511811,0.9448818897637795,0.9409448818897638,0.9897926545605524,0.949275276721125,0.5411295890808105,0.8175470232963562,0.27641740441322327,256,language_grammar,0,5,16,C
0.35546875,-0.9264352838401901,5.390625,-0.9732595542120509,-1.209168087945064,1.0453079931234288,0.0,0.2890625,1.0,0.9475806451612904,0.9274193548387096,0.9193548387096774,0.8991935483870968,0.8709677419354839,0.9802455523917445,0.9643872575670819,0.32501208782196045,0.654070258140564,0.32905814051628113,256,language_grammar,0,6,4,C
0.25,-2.7702603379056807,5.921875,0.7651841584283138,0.612344383448593,1.059556186309429,0.0,0.5,1.0,0.99609375,0.9921875,0.98828125,0.98046875,0.96484375,0.9924653543412915,0.8998881842421618,0.32501208782196045,0.654070258140564,0.32905814051628113,256,language_grammar,0,6,8,C
0.2578125,-0.9259393016847868,5.90625,0.5823290244668131,0.7032965687329766,0.8590842930550688,0.015151515151515152,0.484375,1.0,0.99609375,0.9921875,0.98828125,0.9765625,0.953125,0.9896475603442696,0.8541516019672862,0.32501208782196045,0.654070258140564,0.32905814051628113,256,language_grammar,0,6,16,C
0.3515625,-1.073023145207309,5.36328125,-1.078039881488033,-0.8799934723520342,0.9390894535614238,0.0,0.296875,1.0,0.9558232931726908,0.9317269076305221,0.9076305220883534,0.8755020080321285,0.8433734939759037,0.9692265860645904,0.9913867554820084,0.3837665617465973,0.7644615769386292,0.38069504499435425,256,language_grammar,0,7,4,C
0.2578125,-2.4717409049417065,5.9296875,0.8189567626748573,0.612344383448593,1.097529981528431,0.0,0.484375,1.0,0.99609375,0.9921875,0.98828125,0.98046875,0.97265625,0.9940674052246967,0.9687840401147957,0.3837665617465973,0.7644615769386292,0.38069504499435425,256,language_grammar,0,7,8,C
0.33203125,1.6090530228124689,5.94140625,0.9711243672117175,0.7032965687329766,0.8920644465765036,0.0,0.3359375,1.0,0.99609375,0.9921875,0.98828125,0.984375,0.98046875,0.9960551622400232,0.9999945318250933,0.3837665617465973,0.7644615769386292,0.38069504499435425,256,language_grammar,0,7,16,C
0.328125,-1.9525503134100222,5.68359375,0.14938680945918623,-0.11191936930163125,1.0813726498264389,0.011904761904761904,0.34375,1.0,0.9722222222222222,0.9603174603174603,0.9563492063492064,0.9484126984126984,0.9365079365079365,0.9913053207346961,0.9752219833585958,0.26455703377723694,0.4680176377296448,0.20346063375473022,256,language_grammar,0,8,4,C
0.30859375,-0.5313645906758744,5.9375,0.8727293669214007,0.612344383448593,0.8461069476879229,0.0,0.3828125,1.0,0.99609375,0.9921875,0.98828125,0.984375,0.9765625,0.9952602249442511,0.9720086167693385,0.26455703377723694,0.4680176377296448,0.20346063375473022,256,language_grammar,0,8,8,C
0.23046875,-1.859883842289039,5.9375,0.9279248846845058,0.7032965687329766,1.2841682310046127,0.0,0.5390625,1.0,0.99609375,0.9921875,0.98828125,0.984375,0.9765625,0.9952602249442511,0.9720086167693385,0.26455703377723694,0.4680176377296448,0.20346063375473022,256,language_grammar,0,8,16,C
0.37890625,-0.04690811563747703,5.77734375,0.5086336458339821,0.6561547337487716,0.9551078957388097,0.0,0.2421875,1.0,0.9882352941176471,0.9803921568627451,0.9686274509803922,0.9450980392156862,0.9176470588235294,0.9816818617048169,0.9384889071218268,0.3989920914173126,0.8387963175773621,0.43980419635772705,256,language_grammar,0,9,4,C
0.28515625,-1.4269228895677968,5.921875,0.7651841584283138,0.612344383448593,1.1174542496227753,0.0136986301369863,0.4296875,1.0,0.99609375,0.9921875,0.98828125,0.98046875,0.96484375,0.9924653543412915,0.8998881842421618,0.3989920914173126,0.8387963175773621,0.43980419635772705,256,language_grammar,0,9,8,C
0.23046875,-1.859883842289039,5.94140625,0.9711243672117175,0.7032965687329766,0.7591155265786785,0.01694915254237288,0.5390625,1.0,0.99609375,0.9921875,0.98828125,0.984375,0.98046875,0.9960551622400232,0.9999945318250933,0.3989920914173126,0.8387963175773621,0.43980419635772705,256,language_grammar,0,9,16,C
0.390625,0.39285546846387953,5.75390625,0.4188219367402832,0.6561547337487716,0.8116219309075863,0.0,0.21875,1.0,0.9882352941176471,0.9803921568627451,0.9686274509803922,0.9372549019607843,0.9019607843137255,0.977487580757524,0.9134028631126229,0.3518177270889282,0.5888479351997375,0.23703019320964813,256,language_grammar,0,10,4,C
0.30078125,-0.8298840236398485,5.94140625,0.8996156690446724,0.612344383448593,0.922576177966334,0.012987012987012988,0.3984375,1.0,0.99609375,0.9921875,0.98828125,0.984375,0.98046875,0.9960551622400232,0.9999945318250933,0.3518177270889282,0.5888479351997375,0.23703019320964813,256,language_grammar,0,10,8,C
0.22265625,-2.1267251396045395,5.94140625,0.9711243672117175,0.7032965687329766,0.8091490729292237,0.0,0.5546875,1.0,0.99609375,0.9921875,0.98828125,0.984375,0.98046875,0.9960551622400232,0.9999945318250933,0.3518177270889282,0.5888479351997375,0.23703019320964813,256,language_grammar,0,10,16,C
0.3671875,-0.48667169973883356,5.84765625,0.778068773115079,0.6561547337487716,1.1052220249123084,0.0,0.265625,1.0,0.9882352941176471,0.9803921568627451,0.9764705882352941,0.9686274509803922,0.9568627450980393,0.9923698281219457,0.9690282696580095,0.4069715738296509,0.6795366406440735,0.2725650370121002,256,language_grammar,0,11,4,C
0.26953125,-2.023961755495745,5.9296875,0.8189567626748573,0.612344383448593,1.078842241594513,0.028985507246376812,0.4609375,1.0,0.99609375,0.9921875,0.98828125,0.98046875,0.97265625,0.9940674052246967,0.9687840401147957,0.4069715738296509,0.6795366406440735,0.2725650370121002,256,language_grammar,0,11,8,C
0.2578125,-0.9259393016847868,5.94140625,0.9711243672117175,0.7032965687329766,0.8811115717457553,0.0,0.484375,1.0,0.99609375,0.9921875,0.98828125,0.984375,0.98046875,0.9960551622400232,0.9999945318250933,0.4069715738296509,0.6795366406440735,0.2725650370121002,256,language_grammar,0,11,16,C
0.390625,0.39285546846387953,5.78515625,0.5385708821985484,0.6561547337487716,0.8780221175891693,0.0,0.21875,1.0,0.9882352941176471,0.9803921568627451,0.9725490196078431,0.9450980392156862,0.9215686274509803,0.9825194754338884,0.9266086617896836,0.2173842340707779,0.5255327224731445,0.30814850330352783,256,language_grammar,0,12,4,C
0.34765625,0.9612325741439964,5.82421875,0.09302660534652109,0.04183719390021423,0.8175758895032325,0.0,0.3046875,1.0,0.9882352941176471,0.9803921568627451,0.9764705882352941,0.9607843137254902,0.9411764705882353,0.9882907891208811,0.923091326590586,0.2173842340707779,0.5255327224731445,0.30814850330352783,256,language_grammar,0,12,8,C
0.3125,0.9419497795237175,5.89453125,0.4527305768851783,0.32920264919415837,0.904848923690555,0.0,0.375,1.0,0.9921875,0.984375,0.98046875,0.97265625,0.96484375,0.9932361731669301,0.9893270465499124,0.2173842340707779,0.5255327224731445,0.30814850330352783,256,language_grammar,0,12,16,C
0.4296875,1.858734082135068,5.22265625,-1.616910136050227,-1.7577924472667803,0.7606411032191122,0.0,0.140625,1.0,0.9387755102040817,0.9224489795918367,0.9061224489795918,0.8612244897959184,0.8285714285714286,0.9686592767020952,0.9524959812039865,0.34033653140068054,0.6988505125045776,0.35851389169692993,256,language_grammar,0,13,4,C
0.34765625,0.9612325741439964,5.5078125,-2.0847638666384873,-1.0991771851965433,0.8270235788658024,0.0,0.3046875,1.0,0.9723320158102767,0.9446640316205533,0.9169960474308301,0.8853754940711462,0.8537549407114624,0.9680298303943536,0.9971010061117481,0.34033653140068054,0.6988505125045776,0.35851389169692993,256,language_grammar,0,13,8,C
0.2578125,-0.9259393016847868,5.94140625,0.9711243672117175,0.7032965687329766,0.8167405286762107,0.0,0.484375,1.0,0.99609375,0.9921875,0.98828125,0.984375,0.98046875,0.9960551622400232,0.9999945318250933,0.34033653140068054,0.6988505125045776,0.35851389169692993,256,language_grammar,0,13,16,C
0.359375,-0.7798474224730713,5.42578125,-0.8385419905715025,-1.4286178316737506,0.8839450613068146,0.0,0.28125,1.0,0.9471544715447154,0.9349593495934959,0.9308943089430894,0.9227642276422764,0.9105691056910569,0.9908507023965768,0.975196199359807,0.2991522252559662,0.6156182289123535,0.31646597385406494,256,language_grammar,0,14,4,C
0.28515625,-1.4269228895677968,5.9296875,0.8189567626748573,0.612344383448593,1.0828998106934917,0.0136986301369863,0.4296875,1.0,0.99609375,0.9921875,0.98828125,0.98046875,0.97265625,0.9940674052246967,0.9687840401147957,0.2991522252559662,0.6156182289123535,0.31646597385406494,256,language_grammar,0,14,8,C
0.25390625,-1.059359950342537,5.9296875,0.8415259196300827,0.7032965687329766,0.9201521027850789,0.015384615384615385,0.4921875,1.0,0.99609375,0.9921875,0.98828125,0.98046875,0.97265625,0.9940674052246967,0.9687840401147957,0.2991522252559662,0.6156182289123535,0.31646597385406494,256,language_grammar,0,14,16,C
0.37109375,-0.34008383837171474,5.25390625,-1.4971611905919615,-1.9772421909954667,0.9176421216544393,0.0,0.2578125,1.0,0.9382716049382716,0.9300411522633745,0.9218106995884774,0.8888888888888888,0.8559670781893004,0.9773727554882781,0.9032237491853591,0.3859672546386719,0.8604359030723572,0.4744686782360077,256,language_grammar,0,15,4,C
0.32421875,0.06567427525207398,5.92578125,0.7920704605515856,0.612344383448593,0.8090381773302455,0.0,0.3515625,1.0,0.99609375,0.9921875,0.98828125,0.98046875,0.96875,0.9932676717632941,0.9364511861910951,0.3859672546386719,0.8604359030723572,0.4744686782360077,256,language_grammar,0,15,8,C
0.26953125,-0.5256773557115358,5.86328125,0.10713471666748554,-0.4189851898834781,0.9346314781773617,0.0,0.4609375,1.0,0.9882352941176471,0.9803921568627451,0.9764705882352941,0.9725490196078431,0.9686274509803922,0.9952001887405004,0.9739291875786131,0.3859672546386719,0.8604359030723572,0.4744686782360077,256,language_grammar,0,15,16,C
0.34765625,-1.219611006574428,5.80859375,0.6283825912922474,0.6561547337487716,0.8370399321919255,0.0,0.3046875,1.0,0.9882352941176471,0.9803921568627451,0.9764705882352941,0.9568627450980393,0.9294117647058824,0.9854045036234373,0.8881624839517129,0.3530728220939636,0.642112135887146,0.28903937339782715,256,language_grammar,0,16,4,C
0.359375,1.4090117235899577,5.9296875,0.8189567626748573,0.612344383448593,0.9792660612573525,0.0,0.28125,1.0,0.99609375,0.9921875,0.98828125,0.98046875,0.97265625,0.9940674052246967,0.9687840401147957,0.3530728220939636,0.642112135887146,0.28903937339782715,256,language_grammar,0,16,8,C
0.30078125,0.5416878335504666,5.94140625,0.9711243672117175,0.7032965687329766,0.8273135944859951,0.0,0.3984375,1.0,0.99609375,0.9921875,0.98828125,0.984375,0.98046875,0.9960551622400232,0.9999945318250933,0.3530728220939636,0.642112135887146,0.28903937339782715,256,language_grammar,0,16,16,C
0.43359375,2.005321943502187,5.50390625,-0.5391696269258393,-0.002194497437287988,0.8198223037504879,0.0,0.1328125,1.0,0.9723320158102767,0.9486166007905138,0.9169960474308301,0.8774703557312253,0.8537549407114624,0.9667582838243981,0.9917339453308794,0.30109739303588867,0.541205644607544,0.24010828137397766,256,language_grammar,0,17,4,C
0.2734375,-1.874702039013758,5.9296875,0.8189567626748573,0.612344383448593,1.0427411485141955,0.014285714285714285,0.453125,1.0,0.99609375,0.9921875,0.98828125,0.98046875,0.97265625,0.9940674052246967,0.9687840401147957,0.30109739303588867,0.541205644607544,0.24010828137397766,256,language_grammar,0,17,8,C
0.28125,-0.125415409738285,5.94140625,0.9711243672117175,0.7032965687329766,0.9966919951259656,0.0,0.4375,1.0,0.99609375,0.9921875,0.98828125,0.984375,0.98046875,0.9960551622400232,0.9999945318250933,0.30109739303588867,0.541205644607544,0.24010828137397766,256,language_grammar,0,17,16,C
0.33203125,-1.8059624520429032,5.5078125,-0.524201008743556,-0.9897183442163774,0.9727095253531305,0.0,0.3359375,1.0,0.9556451612903226,0.9435483870967742,0.9354838709677419,0.9274193548387096,0.9233870967741935,0.9914449959440728,0.9723971410275342,0.34526538848876953,0.5902107954025269,0.24494537711143494,256,language_grammar,0,18,4,C
0.3046875,-0.6806243071578614,5.9296875,0.8189567626748573,0.612344383448593,0.890761866667729,0.01282051282051282,0.390625,1.0,0.99609375,0.9921875,0.98828125,0.98046875,0.97265625,0.9940674052246967,0.9687840401147957,0.34526538848876953,0.5902107954025269,0.24494537711143494,256,language_grammar,0,18,8,C
0.2734375,-0.39225670705378557,5.9296875,0.8415259196300827,0.7032965687329766,0.8579366737108006,0.014285714285714285,0.453125,1.0,0.99609375,0.9921875,0.98828125,0.98046875,0.97265625,0.9940674052246967,0.9687840401147957,0.34526538848876953,0.5902107954025269,0.24494537711143494,256,language_grammar,0,18,16,C
0.36328125,-0.6332595611059524,5.69140625,0.17932404582375255,0.3269801181557418,0.9610056512447162,0.0,0.2734375,1.0,0.9803149606299213,0.9645669291338582,0.9488188976377953,0.9291338582677166,0.9133858267716536,0.9822732550754404,0.9978720025710781,0.2981073260307312,0.7820470929145813,0.4839398264884949,256,language_grammar,0,19,4,C
0.32421875,0.06567427525207398,5.9296875,0.8189567626748573,0.612344383448593,0.9715743330876451,0.012048192771084338,0.3515625,1.0,0.99609375,0.9921875,0.98828125,0.98046875,0.97265625,0.9940674052246967,0.9687840401147957,0.2981073260307312,0.7820470929145813,0.4839398264884949,256,language_grammar,0,19,8,C
0.234375,-1.7264631936312886,5.94140625,0.9711243672117175,0.7032965687329766,0.993555623897212,0.0,0.53125,1.0,0.99609375,0.9921875,0.98828125,0.984375,0.98046875,0.9960551622400232,0.9999945318250933,0.2981073260307312,0.7820470929145813,0.4839398264884949,256,language_grammar,0,19,16,C
0.39453125,0.5394433298309984,5.57421875,-0.26973449964474233,-0.11191936930163125,0.9344378443183432,0.0,0.2109375,1.0,0.9722222222222222,0.9563492063492064,0.9404761904761905,0.9126984126984127,0.8809523809523809,0.9759070544586751,0.9681725879299524,0.364370197057724,0.7275766730308533,0.36320650577545166,256,language_grammar,0,20,4,C
0.26171875,-2.322481188459719,5.9296875,0.8189567626748573,0.612344383448593,1.0108899091550687,0.029850746268656716,0.4765625,1.0,0.99609375,0.9921875,0.98828125,0.98046875,0.97265625,0.9940674052246967,0.9687840401147957,0.364370197057724,0.7275766730308533,0.36320650577545166,256,language_grammar,0,20,8,C
0.28125,-0.125415409738285,5.94140625,0.9711243672117175,0.7032965687329766,0.9465675268122072,0.0,0.4375,1.0,0.99609375,0.9921875,0.98828125,0.984375,0.98046875,0.9960551622400232,0.9999945318250933,0.364370197057724,0.7275766730308533,0.36320650577545166,256,language_grammar,0,20,16,C
0.37109375,-0.34008383837171474,5.84765625,0.778068773115079,0.6561547337487716,0.7785375362519747,0.0,0.2578125,1.0,0.9882352941176471,0.9803921568627451,0.9764705882352941,0.9686274509803922,0.9568627450980393,0.9923698281219457,0.9690282696580095,0.42373985052108765,0.750480055809021,0.32674017548561096,256,language_grammar,0,21,4,C
0.328125,0.21493399173406105,5.9296875,0.8189567626748573,0.612344383448593,0.9512034084895351,0.011904761904761904,0.34375,1.0,0.99609375,0.9921875,0.98828125,0.98046875,0.97265625,0.9940674052246967,0.9687840401147957,0.42373985052108765,0.750480055809021,0.32674017548561096,256,language_grammar,0,21,8,C
0.2265625,-1.9933044909467892,5.94140625,0.9711243672117175,0.7032965687329766,0.9203689519537547,0.0,0.546875,1.0,0.99609375,0.9921875,0.98828125,0.984375,0.98046875,0.9960551622400232,0.9999945318250933,0.42373985052108765,0.750480055809021,0.32674017548561096,256,language_grammar,0,21,16,C
0.375,-0.1934959770045959,5.78515625,0.5385708821985484,0.9853293493418014,1.010742301479462,0.0,0.25,1.0,0.99609375,0.9921875,0.96875,0.9296875,0.8984375,0.9732218597685585,0.9351069854643262,0.3066295385360718,0.48520368337631226,0.17857417464256287,256,language_grammar,0,22,4,C
0.33984375,0.6627131411800223,5.8828125,0.49632113719559673,0.612344383448593,0.9899024080816377,0.0,0.3203125,1.0,0.99609375,0.98828125,0.9765625,0.96484375,0.95703125,0.9896527231075642,0.9940949087675385,0.3066295385360718,0.48520368337631226,0.17857417464256287,256,language_grammar,0,22,8,C
0.2265625,-1.9933044909467892,5.94140625,0.9711243672117175,0.7032965687329766,0.8370313166426956,0.017241379310344827,0.546875,1.0,0.99609375,0.9921875,0.98828125,0.984375,0.98046875,0.9960551622400232,0.9999945318250933,0.3066295385360718,0.48520368337631226,0.17857417464256287,256,language_grammar,0,22,16,C
0.3828125,0.09967974572964182,4.81640625,-3.1736464270076756,-2.7453162940458697,1.191684856259394,0.0,0.234375,1.0,0.9132231404958677,0.8801652892561983,0.8347107438016529,0.7603305785123967,0.7066115702479339,0.9361912749404238,0.9742938526112936,0.3837122917175293,0.7779893279075623,0.39427703619003296,256,language_grammar,0,23,4,C
0.2578125,-2.4717409049417065,5.92578125,0.7920704605515856,0.612344383448593,0.8425507557050185,0.0,0.484375,1.0,0.99609375,0.9921875,0.98828125,0.98046875,0.96875,0.9932676717632941,0.9364511861910951,0.3837122917175293,0.7779893279075623,0.39427703619003296,256,language_grammar,0,23,8,C
0.31640625,1.0753704281814678,5.94140625,0.9711243672117175,0.7032965687329766,0.5939441718716427,0.0,0.3671875,1.0,0.99609375,0.9921875,0.98828125,0.984375,0.98046875,0.9960551622400232,0.9999945318250933,0.3837122917175293,0.7779893279075623,0.39427703619003296,256,language_grammar,0,23,16,C
0.390625,0.39285546846387953,5.84765625,0.778068773115079,0.6561547337487716,0.924360505455187,0.0,0.21875,1.0,0.9882352941176471,0.9803921568627451,0.9764705882352941,0.9686274509803922,0.9568627450980393,0.9923698281219457,0.9690282696580095,0.4578154981136322,0.7592707872390747,0.3014552593231201,256,language_grammar,0,24,4,C
0.328125,0.21493399173406105,5.9296875,0.8189567626748573,0.612344383448593,0.9182940705460315,0.011904761904761904,0.34375,1.0,0.99609375,0.9921875,0.98828125,0.98046875,0.97265625,0.9940674052246967,0.9687840401147957,0.4578154981136322,0.7592707872390747,0.3014552593231201,256,language_grammar,0,24,8,C
0.28515625,0.008005238919465321,5.94140625,0.9711243672117175,0.7032965687329766,0.9869596322307724,0.0136986301369863,0.4296875,1.0,0.99609375,0.9921875,0.98828125,0.984375,0.98046875,0.9960551622400232,0.9999945318250933,0.4578154981136322,0.7592707872390747,0.3014552593231201,256,language_grammar,0,24,16,C
0.37890625,-0.04690811563747703,5.53515625,-0.41942068146757394,-0.8799934723520342,0.971181993554972,0.0,0.2421875,1.0,0.9558232931726908,0.9397590361445783,0.9357429718875502,0.9317269076305221,0.927710843373494,0.9931942974086477,0.8794903970170619,0.3717590570449829,0.6180897951126099,0.24633073806762695,256,language_grammar,0,25,4,C
0.1953125,-4.8598963686535,5.91796875,0.7382978563050421,0.612344383448593,1.0713122047365709,0.04,0.609375,1.0,0.99609375,0.9921875,0.98828125,0.98046875,0.9609375,0.9916604340975759,0.864868978727722,0.3717590570449829,0.6180897951126099,0.24633073806762695,256,language_grammar,0,25,8,C
0.234375,-1.7264631936312886,5.9296875,0.8415259196300827,0.7032965687329766,1.2627945080956777,0.0,0.53125,1.0,0.99609375,0.9921875,0.98828125,0.98046875,0.97265625,0.9940674052246967,0.9687840401147957,0.3717590570449829,0.6180897951126099,0.24633073806762695,256,language_grammar,0,25,16,C
0.375,-0.1934959770045959,5.31640625,-1.2576632996754311,-1.4286178316737506,0.8795332372873318,0.010416666666666666,0.25,1.0,0.9471544715447154,0.9349593495934959,0.9186991869918699,0.8821138211382114,0.8495934959349594,0.9728172497567176,0.9490462502101366,0.3497726321220398,0.6242637634277344,0.27449119091033936,256,language_grammar,0,26,4,C
0.26953125,-2.023961755495745,5.9296875,0.8189567626748573,0.612344383448593,0.8918466218633571,0.014492753623188406,0.4609375,1.0,0.99609375,0.9921875,0.98828125,0.984375,0.96875,0.993662688254662,0.8741099600541478,0.3497726321220398,0.6242637634277344,0.27449119091033936,256,language_grammar,0,26,8,C
0.30078125,0.5416878335504666,5.84375,-0.10886269596857244,0.7032965687329766,0.9150085675661104,0.012987012987012988,0.3984375,1.0,0.99609375,0.98828125,0.97265625,0.953125,0.93359375,0.9835546016631224,0.9751165950469018,0.3497726321220398,0.6242637634277344,0.27449119091033936,256,language_grammar,0,26,16,C
0.37890625,-0.04690811563747703,5.86328125,0.8379432458442116,0.6561547337487716,1.0872870499970197,0.0,0.2421875,1.0,0.9882352941176471,0.9803921568627451,0.9764705882352941,0.9725490196078431,0.9686274509803922,0.9952001887405004,0.9739291875786131,0.2917076349258423,0.5340663194656372,0.24235865473747253,256,language_grammar,0,27,4,C
0.296875,-0.9791437401218356,5.94140625,0.8996156690446724,0.612344383448593,1.0218258306084702,0.0,0.40625,1.0,0.99609375,0.9921875,0.98828125,0.984375,0.98046875,0.9960551622400232,0.9999945318250933,0.2917076349258423,0.5340663194656372,0.24235865473747253,256,language_grammar,0,27,8,C
0.234375,-1.7264631936312886,5.80859375,-0.4976580387134768,-0.04489127034465989,0.9497459809311062,0.03333333333333333,0.53125,1.0,0.98828125,0.97265625,0.9609375,0.94921875,0.9375,0.9870947379505215,0.9969399811909749,0.2917076349258423,0.5340663194656372,0.24235865473747253,256,language_grammar,0,27,16,C
0.4140625,1.2723826366665927,5.39453125,-0.9582909360297678,-1.4286178316737506,0.8307430258666121,0.0,0.171875,1.0,0.9471544715447154,0.9349593495934959,0.926829268292683,0.9105691056910569,0.8943089430894309,0.9859737897371702,0.9828124301433775,0.37060821056365967,0.7028844356536865,0.33227622509002686,256,language_grammar,0,28,4,C
0.35546875,1.2597520071079706,5.92578125,0.7920704605515856,0.612344383448593,0.8805077778599258,0.0,0.2890625,1.0,0.99609375,0.9921875,0.98828125,0.98046875,0.96875,0.9932676717632941,0.9364511861910951,0.37060821056365967,0.7028844356536865,0.33227622509002686,256,language_grammar,0,28,8,C
0.25390625,-1.059359950342537,5.94140625,0.9711243672117175,0.7032965687329766,0.8947226957156068,0.03076923076923077,0.4921875,1.0,0.99609375,0.9921875,0.98828125,0.984375,0.98046875,0.9960551622400232,0.9999945318250933,0.37060821056365967,0.7028844356536865,0.33227622509002686,256,language_grammar,0,28,16,C
0.328125,-1.9525503134100222,5.77734375,0.5086336458339821,0.21725524629139856,1.0887199646840493,0.0,0.34375,1.0,0.9802371541501976,0.9723320158102767,0.9683794466403162,0.9644268774703557,0.9604743083003953,0.9951221439402106,0.9739446031279753,0.32880455255508423,0.49721646308898926,0.16841185092926025,256,language_grammar,0,29,4,C
0.265625,-2.1732214719777323,5.7265625,-0.5791309477352716,-1.0991771851965433,1.018812560875805,0.014705882352941176,0.46875,1.0,0.9761904761904762,0.9682539682539683,0.9642857142857143,0.9603174603174603,0.9484126984126984,0.9934250633959059,0.9539987130855153,0.32880455255508423,0.49721646308898926,0.16841185092926025,256,language_grammar,0,29,8,C
0.19921875,-2.9272490315510415,5.94140625,0.9711243672117175,0.7032965687329766,1.0360032772650658,0.058823529411764705,0.6015625,1.0,0.99609375,0.9921875,0.98828125,0.984375,0.98046875,0.9960551622400232,0.9999945318250933,0.32880455255508423,0.49721646308898926,0.16841185092926025,256,language_grammar,0,29,16,C
0.375,-0.1934959770045959,5.75,0.403853318558,0.21725524629139856,0.9050403358824404,0.0,0.25,1.0,0.9802371541501976,0.9723320158102767,0.9644268774703557,0.9565217391304348,0.9446640316205533,0.9910082499387758,0.9908279190766941,0.30165112018585205,0.5543549060821533,0.25270378589630127,256,language_grammar,1,0,4,C
0.28125,-1.5761826060497839,5.75,-0.4178131349956414,0.42217532026580007,1.0709995331464903,0.0,0.4375,1.0,0.9921875,0.98046875,0.97265625,0.9375,0.8671875,0.9690754768795145,0.827319953056451,0.30165112018585205,0.5543549060821533,0.25270378589630127,256,language_grammar,1,0,8,C
0.2421875,-1.459621896315788,5.80078125,-0.5840570037678999,-0.04489127034465989,0.9503157404830367,0.03225806451612903,0.515625,1.0,0.98828125,0.96875,0.95703125,0.94921875,0.9375,0.9874920396438044,0.9749926548364459,0.30165112018585205,0.5543549060821533,0.25270378589630127,256,language_grammar,1,0,16,C
0.3671875,-0.48667169973883356,5.86328125,0.8379432458442116,0.6561547337487716,1.023310921659585,0.0,0.265625,1.0,0.9882352941176471,0.9803921568627451,0.9764705882352941,0.9725490196078431,0.9686274509803922,0.9952001887405004,0.9739291875786131,0.33007171750068665,0.7334492206573486,0.4033775329589844,256,language_grammar,1,1,4,C
0.34765625,0.9612325741439964,5.89453125,0.5769800435654119,0.612344383448593,0.8652953253080707,0.0,0.3046875,1.0,0.99609375,0.98828125,0.9765625,0.96875,0.96484375,0.9916638242646785,0.976441337854549,0.33007171750068665,0.7334492206573486,0.4033775329589844,256,language_grammar,1,1,8,C
0.26171875,-0.7925186530270365,5.921875,0.7551269545756595,0.7032965687329766,0.9457610691924255,0.029850746268656716,0.4765625,1.0,0.99609375,0.9921875,0.984375,0.9765625,0.97265625,0.9936706506001096,0.9846095996310225,0.33007171750068665,0.7334492206573486,0.4033775329589844,256,language_grammar,1,1,16,C
0.28515625,-3.5650167884483293,5.90234375,0.9876294276670433,0.9853293493418014,1.2167052787338561,0.0,0.4296875,1.0,0.99609375,0.9921875,0.984375,0.97265625,0.95703125,0.9900605224065302,0.9446746649052585,0.288502037525177,0.48158758878707886,0.19308559596538544,256,language_grammar,1,2,4,C
0.2890625,-1.2776631730858097,5.91015625,0.6845252520584987,0.612344383448593,1.040933075018114,0.0,0.421875,1.0,0.99609375,0.98828125,0.98046875,0.9765625,0.96875,0.9932629792820502,0.9900833792082879,0.288502037525177,0.48158758878707886,0.19308559596538544,256,language_grammar,1,2,8,C
0.25390625,-1.059359950342537,5.91015625,0.6255285069940247,0.7032965687329766,0.8857011579829573,0.015384615384615385,0.4921875,1.0,0.99609375,0.98828125,0.98046875,0.9765625,0.96875,0.9932629792820502,0.9900833792082879,0.288502037525177,0.48158758878707886,0.19308559596538544,256,language_grammar,1,2,16,C
0.390625,0.39285546846387953,5.82421875,0.6882570640213801,0.6561547337487716,0.9293666063793674,0.0,0.21875,1.0,0.9882352941176471,0.9803921568627451,0.9764705882352941,0.9607843137254902,0.9411764705882353,0.9882907891208811,0.923091326590586,0.35745587944984436,0.5658726692199707,0.20841683447360992,256,language_grammar,1,3,4,C
0.26953125,-2.023961755495745,5.53515625,-1.8965597517755854,-1.0991771851965433,0.9113103780023342,0.028985507246376812,0.4609375,1.0,0.9723320158102767,0.9407114624505929,0.9130434782608695,0.8972332015810277,0.8774703557312253,0.9750535402344096,0.9847646689647441,0.35745587944984436,0.5658726692199707,0.20841683447360992,256,language_grammar,1,3,8,C
0.25390625,-1.059359950342537,5.84375,-0.10886269596857244,-0.4189851898834781,0.9778023738458976,0.015384615384615385,0.4921875,1.0,0.9882352941176471,0.9803921568627451,0.9725490196078431,0.9647058823529412,0.9607843137254902,0.9927790834189142,0.9883845405121553,0.35745587944984436,0.5658726692199707,0.20841683447360992,256,language_grammar,1,3,16,C
0.3671875,-0.48667169973883356,5.69921875,0.20926128218831888,0.3269801181557418,1.0202199278439619,0.0,0.265625,1.0,0.9803149606299213,0.9645669291338582,0.952755905511811,0.9330708661417323,0.9133858267716536,0.9826886810446674,0.9892380427436921,0.3618272542953491,0.6001343131065369,0.23830702900886536,256,language_grammar,1,4,4,C
0.33203125,0.36419370821604813,5.875,0.44254853294905333,0.612344383448593,0.943684981568444,0.011764705882352941,0.3359375,1.0,0.99609375,0.98828125,0.9765625,0.96484375,0.94921875,0.9880316616201166,0.9852614741363925,0.3618272542953491,0.6001343131065369,0.23830702900886536,256,language_grammar,1,4,8,C
0.2734375,-0.39225670705378557,5.94140625,0.9711243672117175,0.7032965687329766,1.0925812960866563,0.014285714285714285,0.453125,1.0,0.99609375,0.9921875,0.98828125,0.984375,0.98046875,0.9960551622400232,0.9999945318250933,0.3618272542953491,0.6001343131065369,0.23830702900886536,256,language_grammar,1,4,16,C
0.39453125,0.5394433298309984,5.90234375,0.9876294276670433,0.9853293493418014,0.9096831388518435,0.0,0.2109375,1.0,0.99609375,0.9921875,0.98828125,0.97265625,0.953125,0.9892509869635201,0.8861109663195327,0.37697821855545044,0.6215482950210571,0.24457009136676788,256,language_grammar,1,5,4,C
0.3515625,1.1104922906259835,5.89453125,0.5769800435654119,0.612344383448593,0.9121285040543512,0.0,0.296875,1.0,0.99609375,0.9921875,0.984375,0.96875,0.953125,0.9888529775857997,0.9400957142937522,0.37697821855545044,0.6215482950210571,0.24457009136676788,256,language_grammar,1,5,8,C
0.27734375,-0.2588360583960353,5.76171875,-1.016051829040016,0.7032965687329766,1.029117530905108,0.0,0.4453125,1.0,0.99609375,0.98046875,0.95703125,0.9296875,0.8984375,0.9743788637718935,0.9818428700356835,0.37697821855545044,0.6215482950210571,0.24457009136676788,256,language_grammar,1,5,16,C
0.3828125,0.09967974572964182,5.94140625,1.1373156094898749,0.9853293493418014,1.0077684336550554,0.01020408163265306,0.234375,1.0,0.99609375,0.9921875,0.98828125,0.984375,0.98046875,0.9960551622400232,0.9999945318250933,0.2969404458999634,0.6893851161003113,0.3924447000026703,256,language_grammar,1,6,4,C
0.33984375,0.6627131411800223,5.859375,0.3350033244559665,0.42217532026580007,0.8597575328652042,0.0,0.3203125,1.0,0.9921875,0.98046875,0.96875,0.9609375,0.95703125,0.9908150897534144,0.9667958997054663,0.2969404458999634,0.6893851161003113,0.3924447000026703,256,language_grammar,1,6,8,C
0.3125,0.9419497795237175,5.91015625,0.6255285069940247,0.7032965687329766,1.012937658225512,0.0,0.375,1.0,0.99609375,0.98828125,0.98046875,0.9765625,0.96875,0.9932629792820502,0.9900833792082879,0.2969404458999634,0.6893851161003113,0.3924447000026703,256,language_grammar,1,6,16,C
0.39453125,0.5394433298309984,5.54296875,-0.3894834451030076,0.6561547337487716,0.8426912221227784,0.0,0.2109375,1.0,0.9882352941176471,0.9764705882352941,0.9607843137254902,0.8745098039215686,0.7647058823529411,0.9395877927090783,0.8340641749963127,0.33274877071380615,0.6051092147827148,0.2723604440689087,256,language_grammar,1,7,4,C
0.31640625,-0.23284515771190017,5.91796875,0.7382978563050421,0.612344383448593,0.7894425657596398,0.0,0.3671875,1.0,0.99609375,0.9921875,0.98828125,0.98046875,0.9609375,0.9916604340975759,0.864868978727722,0.33274877071380615,0.6051092147827148,0.2723604440689087,256,language_grammar,1,7,8,C
0.2890625,0.14142588757721564,5.86328125,0.10713471666748554,-0.4189851898834781,0.7892282035870547,0.013513513513513514,0.421875,1.0,0.9882352941176471,0.9803921568627451,0.9764705882352941,0.9725490196078431,0.9686274509803922,0.9952001887405004,0.9739291875786131,0.33274877071380615,0.6051092147827148,0.2723604440689087,256,language_grammar,1,7,16,C
0.41796875,1.4189704980337114,5.66796875,0.08951233673005358,0.3269801181557418,0.8190978431759325,0.0,0.1640625,1.0,0.9803149606299213,0.9645669291338582,0.9488188976377953,0.9212598425196851,0.8976377952755905,0.9780297765694647,0.9821970702965304,0.2365046590566635,0.44638922810554504,0.20988456904888153,256,language_grammar,1,8,4,C
0.31640625,-0.23284515771190017,5.87109375,0.41566223082578163,0.612344383448593,1.0210522517694844,0.0,0.3671875,1.0,0.99609375,0.98828125,0.9765625,0.96484375,0.9453125,0.9872171249299374,0.9708555921179377,0.2365046590566635,0.44638922810554504,0.20988456904888153,256,language_grammar,1,8,8,C
0.2421875,-1.459621896315788,5.94140625,0.9711243672117175,0.7032965687329766,0.9070452427882074,0.04838709677419355,0.515625,1.0,0.99609375,0.9921875,0.98828125,0.984375,0.98046875,0.9960551622400232,0.9999945318250933,0.2365046590566635,0.44638922810554504,0.20988456904888153,256,language_grammar,1,8,16,C
0.3984375,0.6860311911981172,5.67578125,0.11944957309461991,0.9853293493418014,0.9931272852626989,0.0,0.203125,1.0,0.99609375,0.98828125,0.953125,0.890625,0.84765625,0.9582202472024207,0.9382219316363886,0.23687529563903809,0.4907292127609253,0.2538539469242096,256,language_grammar,1,9,4,C
0.2890625,-1.2776631730858097,5.578125,-1.6008104284195965,-0.9090081220137505,1.1395448684326004,0.0,0.421875,1.0,0.9724409448818898,0.9488188976377953,0.9291338582677166,0.8976377952755905,0.8740157480314961,0.9734709246810478,0.9937822700745503,0.23687529563903809,0.4907292127609253,0.2538539469242096,256,language_grammar,1,9,8,C
0.265625,-0.6590980043692862,5.859375,0.06393523414027395,0.7032965687329766,0.8498817812294871,0.0,0.46875,1.0,0.99609375,0.98828125,0.97265625,0.95703125,0.9453125,0.98641483114189,0.9892022565717792,0.23687529563903809,0.4907292127609253,0.2538539469242096,256,language_grammar,1,9,16,C
0.30859375,-2.685489620245616,5.94140625,1.1373156094898749,0.9853293493418014,0.9190568059285101,0.0,0.3828125,1.0,0.99609375,0.9921875,0.98828125,0.984375,0.98046875,0.9960551622400232,0.9999945318250933,0.270122766494751,0.6330077648162842,0.3628849685192108,256,language_grammar,1,10,4,C
0.3671875,1.7075311565539317,5.84765625,0.2543444180861513,0.42217532026580007,0.976201311457865,0.0,0.265625,1.0,0.9921875,0.98046875,0.97265625,0.9609375,0.94140625,0.9875584372205745,0.9702206829513581,0.270122766494751,0.6330077648162842,0.3628849685192108,256,language_grammar,1,10,8,C
0.27734375,-0.2588360583960353,5.84765625,-0.06566321344136083,0.32920264919415837,0.8225813353902987,0.0,0.4453125,1.0,0.9921875,0.98046875,0.97265625,0.9609375,0.94140625,0.9875584372205745,0.9702206829513581,0.270122766494751,0.6330077648162842,0.3628849685192108,256,language_grammar,1,10,16,C
0.3984375,0.6860311911981172,5.76171875,0.4487591731048495,0.9853293493418014,0.7818215315516881,0.0,0.203125,1.0,0.99609375,0.984375,0.95703125,0.921875,0.90234375,0.9740146881901879,0.9764703100629352,0.35212522745132446,0.5455431938171387,0.19341793656349182,256,language_grammar,1,11,4,C
0.31640625,-0.23284515771190017,5.65625,-1.0630843859541623,-0.9090081220137505,0.9359413386757258,0.012345679012345678,0.3671875,1.0,0.9724409448818898,0.952755905511811,0.9488188976377953,0.9291338582677166,0.8976377952755905,0.9816512918420056,0.93156974485537,0.35212522745132446,0.5455431938171387,0.19341793656349182,256,language_grammar,1,11,8,C
0.296875,0.40826718489271624,5.79296875,-0.6704559688223232,0.7032965687329766,0.9299828169293514,0.0,0.40625,1.0,0.99609375,0.98828125,0.97265625,0.9375,0.8984375,0.9744209286226925,0.9187894592027888,0.35212522745132446,0.5455431938171387,0.19341793656349182,256,language_grammar,1,11,16,C
0.36328125,-0.6332595611059524,5.65234375,0.029637864000920933,0.21725524629139856,0.8737596923639818,0.0,0.2734375,1.0,0.9802371541501976,0.9683794466403162,0.9486166007905138,0.9209486166007905,0.9011857707509882,0.978398136608804,0.9820460977621013,0.29297810792922974,0.6133706569671631,0.3203926086425781,256,language_grammar,1,12,4,C
0.2890625,-1.2776631730858097,5.88671875,0.5232074393188685,0.23200625708300715,0.7791875384704362,0.0,0.421875,1.0,0.9921568627450981,0.9882352941176471,0.984313725490196,0.9803921568627451,0.9647058823529412,0.9936120825266515,0.8740890523258215,0.29297810792922974,0.6133706569671631,0.3203926086425781,256,language_grammar,1,12,8,C
0.2734375,-0.39225670705378557,5.8984375,0.4959300594123899,-0.04489127034465989,0.726283912774285,0.0,0.453125,1.0,0.9921568627450981,0.9882352941176471,0.984313725490196,0.9803921568627451,0.9764705882352941,0.9960237907202696,0.9999944443325324,0.29297810792922974,0.6133706569671631,0.3203926086425781,256,language_grammar,1,12,16,C
0.37890625,-0.04690811563747703,5.75390625,0.4188219367402832,0.6561547337487716,1.0041003905988621,0.0,0.2421875,1.0,0.9882352941176471,0.9803921568627451,0.9686274509803922,0.9333333333333333,0.9058823529411765,0.9779259771309127,0.9271166371750249,0.28471508622169495,0.4712350070476532,0.18651992082595825,256,language_grammar,1,13,4,C
0.37890625,2.155310305999893,5.9296875,0.8189567626748573,0.612344383448593,0.8326663997864531,0.0,0.2421875,1.0,0.99609375,0.9921875,0.98828125,0.98046875,0.97265625,0.9940674052246967,0.9687840401147957,0.28471508622169495,0.4712350070476532,0.18651992082595825,256,language_grammar,1,13,8,C
0.25390625,-1.059359950342537,5.94140625,0.9711243672117175,0.7032965687329766,0.9350657161179285,0.015384615384615385,0.4921875,1.0,0.99609375,0.9921875,0.98828125,0.984375,0.98046875,0.9960551622400232,0.9999945318250933,0.28471508622169495,0.4712350070476532,0.18651992082595825,256,language_grammar,1,13,16,C
0.375,-0.1934959770045959,5.92578125,1.0774411367607424,0.9853293493418014,0.9166309260771506,0.0,0.25,1.0,0.99609375,0.9921875,0.98828125,0.98046875,0.96875,0.9932676717632941,0.9364511861910951,0.31944578886032104,0.6078811287879944,0.28843528032302856,256,language_grammar,1,14,4,C
0.3359375,0.5134534246980352,5.9140625,0.7114115541817704,0.612344383448593,0.9290855719469546,0.011627906976744186,0.328125,1.0,0.99609375,0.98828125,0.98046875,0.9765625,0.97265625,0.9940627089652826,0.9708543259014171,0.31944578886032104,0.6078811287879944,0.28843528032302856,256,language_grammar,1,14,8,C
0.29296875,0.2748465362349659,5.8671875,0.15033419919469715,0.7032965687329766,0.9616205723621104,0.0,0.4140625,1.0,0.99609375,0.984375,0.96875,0.9609375,0.95703125,0.9896431829528066,0.9562929270262627,0.31944578886032104,0.6078811287879944,0.28843528032302856,256,language_grammar,1,14,16,C
0.34765625,-1.219611006574428,5.7421875,0.37391608219343364,0.9853293493418014,1.0643203360726403,0.0,0.3046875,1.0,0.99609375,0.98828125,0.9609375,0.91796875,0.87890625,0.9681066462296852,0.9443281162632021,0.27691999077796936,0.4510977268218994,0.17417772114276886,256,language_grammar,1,15,4,C
0.33984375,0.6627131411800223,5.55078125,-1.7890145432824986,-1.0991771851965433,0.9712318143667398,0.011494252873563218,0.3203125,1.0,0.9761904761904762,0.9642857142857143,0.9325396825396826,0.8928571428571429,0.873015873015873,0.97040972279944,0.9730452476247615,0.27691999077796936,0.4510977268218994,0.17417772114276886,256,language_grammar,1,15,8,C
0.1640625,-4.1280348694707945,5.78125,-0.8000544164039579,-0.7930791094222963,0.9436104093778951,0.09523809523809523,0.671875,1.0,0.984313725490196,0.9686274509803922,0.9568627450980393,0.9490196078431372,0.9450980392156862,0.9898753407904677,0.9492567164490542,0.27691999077796936,0.4510977268218994,0.17417772114276886,256,language_grammar,1,15,16,C
0.37890625,-0.04690811563747703,5.32421875,-1.2277260633108646,-0.9897183442163774,0.8900831225958077,0.0,0.2421875,1.0,0.9556451612903226,0.9435483870967742,0.9193548387096774,0.8588709677419355,0.8185483870967742,0.9604304329185466,0.9348137950288314,0.30355778336524963,0.5725917816162109,0.26903393864631653,256,language_grammar,1,16,4,C
0.3125,-0.3821048741938873,5.86328125,0.3618896265792382,0.42217532026580007,0.8951733625138747,0.0125,0.375,1.0,0.9921875,0.98046875,0.97265625,0.96484375,0.953125,0.9904066440774625,0.9930549357196329,0.30355778336524963,0.5725917816162109,0.26903393864631653,256,language_grammar,1,16,8,C
0.27734375,-0.2588360583960353,5.81640625,-0.4112590736590536,-0.04489127034465989,0.7965039242173452,0.0,0.4453125,1.0,0.98828125,0.96875,0.95703125,0.953125,0.94921875,0.9903551516301825,0.8865650411514611,0.30355778336524963,0.5725917816162109,0.26903393864631653,256,language_grammar,1,16,16,C
0.375,-0.1934959770045959,5.85546875,0.8080060094796454,0.5464298618844283,0.889136424361955,0.0,0.25,1.0,0.9881889763779528,0.984251968503937,0.9803149606299213,0.9763779527559056,0.9724409448818898,0.995991916224948,0.9999943547231583,0.3259912431240082,0.5725741386413574,0.24658292531967163,256,language_grammar,1,17,4,C
0.296875,-0.9791437401218356,5.77734375,-0.22960902013273943,-0.7188390588309576,0.9283574487706249,0.013157894736842105,0.40625,1.0,0.9802371541501976,0.9723320158102767,0.9683794466403162,0.9644268774703557,0.9604743083003953,0.9951221439402106,0.9739446031279753,0.3259912431240082,0.5725741386413574,0.24658292531967163,256,language_grammar,1,17,8,C
0.29296875,0.2748465362349659,5.8359375,-0.19526166102299564,-0.7930791094222963,0.8897289380677502,0.0,0.4140625,1.0,0.9881889763779528,0.984251968503937,0.9763779527559056,0.968503937007874,0.9645669291338582,0.9935688848028168,0.9846094114965687,0.3259912431240082,0.5725741386413574,0.24658292531967163,256,language_grammar,1,17,16,C
0.37890625,-0.04690811563747703,5.69921875,0.20926128218831888,0.3269801181557418,1.1439440220913863,0.0,0.2421875,1.0,0.9803149606299213,0.9645669291338582,0.952755905511811,0.9330708661417323,0.9133858267716536,0.9826886810446674,0.9892380427436921,0.3298253118991852,0.5737060308456421,0.24388077855110168,256,language_grammar,1,18,4,C
0.28125,-1.5761826060497839,5.875,0.44254853294905333,0.612344383448593,1.0911421061447937,0.027777777777777776,0.4375,1.0,0.99609375,0.98828125,0.9765625,0.96484375,0.94921875,0.9880316616201166,0.9852614741363925,0.3298253118991852,0.5737060308456421,0.24388077855110168,256,language_grammar,1,18,8,C
0.25390625,-1.059359950342537,5.94140625,0.9711243672117175,0.7032965687329766,0.8667691450406131,0.015384615384615385,0.4921875,1.0,0.99609375,0.9921875,0.98828125,0.984375,0.98046875,0.9960551622400232,0.9999945318250933,0.3298253118991852,0.5737060308456421,0.24388077855110168,256,language_grammar,1,18,16,C
0.3828125,0.09967974572964182,5.79296875,0.5685081185631148,0.9853293493418014,0.9231834585868949,0.0,0.234375,1.0,0.99609375,0.984375,0.9609375,0.93359375,0.91796875,0.9786001373624407,0.9840566487212872,0.31545552611351013,0.5479629039764404,0.2325073629617691,256,language_grammar,1,19,4,C
0.265625,-2.1732214719777323,5.66796875,-0.9824254795843473,-0.9090081220137505,0.8768124086713188,0.029411764705882353,0.46875,1.0,0.9724409448818898,0.9488188976377953,0.937007874015748,0.9291338582677166,0.9251968503937008,0.9880153179630528,0.9062715442085083,0.31545552611351013,0.5479629039764404,0.2325073629617691,256,language_grammar,1,19,8,C
0.2734375,-0.39225670705378557,5.8671875,0.15033419919469715,0.7032965687329766,0.9307531145638481,0.0,0.453125,1.0,0.99609375,0.98828125,0.9765625,0.9609375,0.9453125,0.9868167118433195,0.981115264243261,0.31545552611351013,0.5479629039764404,0.2325073629617691,256,language_grammar,1,19,16,C
0.33203125,-1.8059624520429032,5.49609375,-0.5691068632904056,-0.44109398489466106,0.9521594931061577,0.0,0.3359375,1.0,0.9641434262948207,0.9442231075697212,0.9243027888446215,0.896414342629482,0.8764940239043825,0.9760338509169634,0.9951804455066885,0.2506309449672699,0.6514369249343872,0.4008059501647949,256,language_grammar,1,20,4,C
0.26953125,-2.023961755495745,5.64453125,-1.1437432923239776,-1.2893462483793363,0.9437931567345015,0.0,0.4609375,1.0,0.9683794466403162,0.9446640316205533,0.9367588932806324,0.932806324110672,0.9288537549407114,0.9904481970882231,0.8409340145581965,0.2506309449672699,0.6514369249343872,0.4008059501647949,256,language_grammar,1,20,8,C
0.30859375,0.8085291308659671,5.8984375,0.4959300594123899,0.7032965687329766,1.1350693571074977,0.0,0.3828125,1.0,0.99609375,0.9921875,0.984375,0.96875,0.95703125,0.9896621873251187,0.9532849921417738,0.2506309449672699,0.6514369249343872,0.4008059501647949,256,language_grammar,1,20,16,C
0.32421875,-2.099138174777141,5.83984375,0.7481315367505127,0.6561547337487716,1.0870427561911944,0.0,0.3515625,1.0,0.9882352941176471,0.9803921568627451,0.9764705882352941,0.9647058823529412,0.9529411764705882,0.991152900920653,0.966482927175066,0.302580326795578,0.5100972056388855,0.2075168788433075,256,language_grammar,1,21,4,C
0.33984375,0.6627131411800223,5.6796875,-0.9017665732145321,-0.33850093246537166,0.9582921777838143,0.0,0.3203125,1.0,0.9803921568627451,0.9568627450980393,0.9372549019607843,0.9215686274509803,0.9058823529411765,0.980623276956942,0.9934831268826732,0.302580326795578,0.5100972056388855,0.2075168788433075,256,language_grammar,1,21,8,C
0.28515625,0.008005238919465321,5.84375,-0.10886269596857244,-0.4189851898834781,0.9049139304462742,0.0273972602739726,0.4296875,1.0,0.9882352941176471,0.9803921568627451,0.9725490196078431,0.9647058823529412,0.9607843137254902,0.9927790834189142,0.9883845405121553,0.302580326795578,0.5100972056388855,0.2075168788433075,256,language_grammar,1,21,16,C
0.390625,0.39285546846387953,5.79296875,0.5685081185631148,0.6561547337487716,0.8867860023639627,0.01,0.21875,1.0,0.9882352941176471,0.9803921568627451,0.9725490196078431,0.9490196078431372,0.9254901960784314,0.9837615134669591,0.9309733959601241,0.34849029779434204,0.7079139947891235,0.3594237267971039,256,language_grammar,1,22,4,C
0.32421875,0.06567427525207398,5.8984375,0.6038663456886836,0.612344383448593,0.9926552281047636,0.0,0.3515625,1.0,0.99609375,0.9921875,0.98828125,0.9765625,0.9453125,0.9880198417273081,0.8076134001611172,0.34849029779434204,0.7079139947891235,0.3594237267971039,256,language_grammar,1,22,8,C
0.3203125,1.208791076839218,5.94140625,0.9711243672117175,0.7032965687329766,0.8655858732799372,0.012195121951219513,0.359375,1.0,0.99609375,0.9921875,0.98828125,0.984375,0.98046875,0.9960551622400232,0.9999945318250933,0.34849029779434204,0.7079139947891235,0.3594237267971039,256,language_grammar,1,22,16,C
0.359375,-0.7798474224730713,5.69921875,0.20926128218831888,0.3269801181557418,1.1118879871777758,0.0,0.28125,1.0,0.9803149606299213,0.9645669291338582,0.952755905511811,0.9330708661417323,0.9133858267716536,0.9826886810446674,0.9892380427436921,0.30815115571022034,0.6395807266235352,0.3314296007156372,256,language_grammar,1,23,4,C
0.3046875,-0.6806243071578614,5.875,0.44254853294905333,0.612344383448593,0.9739431942984303,0.02564102564102564,0.390625,1.0,0.99609375,0.98828125,0.9765625,0.96484375,0.94921875,0.9880316616201166,0.9852614741363925,0.30815115571022034,0.6395807266235352,0.3314296007156372,256,language_grammar,1,23,8,C
0.25390625,-1.059359950342537,5.94140625,0.9711243672117175,0.7032965687329766,0.9907619647338759,0.015384615384615385,0.4921875,1.0,0.99609375,0.9921875,0.98828125,0.984375,0.98046875,0.9960551622400232,0.9999945318250933,0.30815115571022034,0.6395807266235352,0.3314296007156372,256,language_grammar,1,23,16,C
0.375,-0.1934959770045959,5.75390625,0.4188219367402832,0.9853293493418014,0.9053123823171714,0.0,0.25,1.0,0.99609375,0.98828125,0.9609375,0.91796875,0.890625,0.97067460445638,0.9548245099231301,0.3308393955230713,0.5644460916519165,0.2336067110300064,256,language_grammar,1,24,4,C
0.30859375,-0.5313645906758744,5.703125,-0.7404487604749019,-0.9090081220137505,0.8798649412744496,0.0,0.3828125,1.0,0.9724409448818898,0.952755905511811,0.9488188976377953,0.9409448818897638,0.9330708661417323,0.9905320494558799,0.934159362718383,0.3308393955230713,0.5644460916519165,0.2336067110300064,256,language_grammar,1,24,8,C
0.2890625,0.14142588757721564,5.85546875,0.02073575161306235,0.7032965687329766,0.851468347940457,0.0,0.421875,1.0,0.99609375,0.98828125,0.9765625,0.95703125,0.9375,0.9847789766453908,0.9651927319695263,0.3308393955230713,0.5644460916519165,0.2336067110300064,256,language_grammar,1,24,16,C
0.34765625,-1.219611006574428,5.69921875,0.20926128218831888,0.3269801181557418,1.028044892765401,0.011235955056179775,0.3046875,1.0,0.9803149606299213,0.9645669291338582,0.952755905511811,0.9330708661417323,0.9133858267716536,0.9826886810446674,0.9892380427436921,0.3368831276893616,0.5922173857688904,0.2553342580795288,256,language_grammar,1,25,4,C
0.3359375,0.5134534246980352,5.875,0.44254853294905333,0.612344383448593,0.9321242212181888,0.011627906976744186,0.328125,1.0,0.99609375,0.98828125,0.9765625,0.96484375,0.94921875,0.9880316616201166,0.9852614741363925,0.3368831276893616,0.5922173857688904,0.2553342580795288,256,language_grammar,1,25,8,C
0.29296875,0.2748465362349659,5.94140625,0.9711243672117175,0.7032965687329766,0.8826740330013885,0.013333333333333334,0.4140625,1.0,0.99609375,0.9921875,0.98828125,0.984375,0.98046875,0.9960551622400232,0.9999945318250933,0.3368831276893616,0.5922173857688904,0.2553342580795288,256,language_grammar,1,25,16,C
0.390625,0.39285546846387953,5.34765625,-1.1379143542171657,-0.002194497437287988,0.919582715472239,0.0,0.21875,1.0,0.9723320158102767,0.9407114624505929,0.8932806324110671,0.8260869565217391,0.7786561264822134,0.9441981751090421,0.9814126722242701,0.3257429897785187,0.6091776490211487,0.2834346294403076,256,language_grammar,1,26,4,C
0.328125,0.21493399173406105,5.7421875,-0.47158573924218483,-0.7188390588309576,0.8238841664135884,0.0,0.34375,1.0,0.9763779527559056,0.9606299212598425,0.9566929133858267,0.952755905511811,0.9409448818897638,0.9918175710498356,0.9357746130850062,0.3257429897785187,0.6091776490211487,0.2834346294403076,256,language_grammar,1,26,8,C
0.2890625,0.14142588757721564,5.875,0.23673316424912033,0.32920264919415837,0.8355547991603992,0.013513513513513514,0.421875,1.0,0.9921875,0.984375,0.9765625,0.96484375,0.95703125,0.9908230809388089,0.9939500915989724,0.3257429897785187,0.6091776490211487,0.2834346294403076,256,language_grammar,1,26,16,C
0.4296875,1.858734082135068,5.76953125,0.4786964094694158,0.6561547337487716,0.9008037729396252,0.0,0.140625,1.0,0.9882352941176471,0.9764705882352941,0.9607843137254902,0.9411764705882353,0.9254901960784314,0.9833394934511261,0.9923915526941688,0.4041997492313385,0.7073583602905273,0.30315861105918884,256,language_grammar,1,27,4,C
0.3359375,0.5134534246980352,5.77734375,-0.22960902013273943,-0.14833186928257872,0.891091795203999,0.011627906976744186,0.328125,1.0,0.984313725490196,0.9686274509803922,0.9607843137254902,0.9490196078431372,0.9372549019607843,0.9882269130875957,0.9922799724428772,0.4041997492313385,0.7073583602905273,0.30315861105918884,256,language_grammar,1,27,8,C
0.21484375,-2.39356643692004,5.91015625,0.6255285069940247,0.7032965687329766,1.0786361759184604,0.03636363636363636,0.5703125,1.0,0.99609375,0.9921875,0.984375,0.97265625,0.96484375,0.9916716953308852,0.9748654282796898,0.4041997492313385,0.7073583602905273,0.30315861105918884,256,language_grammar,1,27,16,C
0.3515625,-1.073023145207309,5.83984375,0.7481315367505127,0.6561547337487716,0.9760821481054054,0.0,0.296875,1.0,0.9882352941176471,0.9803921568627451,0.9764705882352941,0.9647058823529412,0.9529411764705882,0.991152900920653,0.966482927175066,0.36619988083839417,0.7157436609268188,0.3495437502861023,256,language_grammar,1,28,4,C
0.33984375,0.6627131411800223,5.62109375,-1.3050611050636078,-0.33850093246537166,0.9288923091083351,0.0,0.3203125,1.0,0.984251968503937,0.968503937007874,0.9488188976377953,0.9133858267716536,0.8503937007874016,0.9655128013127388,0.9073426411518049,0.36619988083839417,0.7157436609268188,0.3495437502861023,256,language_grammar,1,28,8,C
0.21875,-2.2601457882622897,5.84375,-0.10886269596857244,-0.4189851898834781,1.09945441015078,0.0,0.5625,1.0,0.9882352941176471,0.9803921568627451,0.9725490196078431,0.9647058823529412,0.9607843137254902,0.9927790834189142,0.9883845405121553,0.36619988083839417,0.7157436609268188,0.3495437502861023,256,language_grammar,1,28,16,C
0.390625,0.39285546846387953,5.69921875,0.20926128218831888,0.3269801181557418,0.9442256743365443,0.0,0.21875,1.0,0.9803149606299213,0.9645669291338582,0.952755905511811,0.9330708661417323,0.9133858267716536,0.9826886810446674,0.9892380427436921,0.34648263454437256,0.6478511691093445,0.3013685345649719,256,language_grammar,1,29,4,C
0.29296875,-1.1284034566038226,5.875,0.44254853294905333,0.612344383448593,0.8022019721148621,0.0,0.4140625,1.0,0.99609375,0.98828125,0.9765625,0.96484375,0.94921875,0.9880316616201166,0.9852614741363925,0.34648263454437256,0.6478511691093445,0.3013685345649719,256,language_grammar,1,29,8,C
0.2734375,-0.39225670705378557,5.94140625,0.9711243672117175,0.7032965687329766,0.7798589135422105,0.014285714285714285,0.453125,1.0,0.99609375,0.9921875,0.98828125,0.984375,0.98046875,0.9960551622400232,0.9999945318250933,0.34648263454437256,0.6478511691093445,0.3013685345649719,256,language_grammar,1,29,16,C
0.34765625,-1.219611006574428,5.67578125,0.11944957309461991,0.21725524629139856,1.075672655503318,0.0,0.3046875,1.0,0.9802371541501976,0.9683794466403162,0.9565217391304348,0.932806324110672,0.9051383399209486,0.9805084757450114,0.956203280182233,0.32345646619796753,0.5176792144775391,0.19422274827957153,256,language_grammar,2,0,4,C
0.31640625,-0.23284515771190017,5.70703125,-0.7135624583516302,-1.0991771851965433,0.8387552943760382,0.0,0.3671875,1.0,0.9761904761904762,0.9642857142857143,0.9563492063492064,0.9523809523809523,0.9484126984126984,0.9930087048121334,0.9402186264794583,0.32345646619796753,0.5176792144775391,0.19422274827957153,256,language_grammar,2,0,8,C
0.18359375,-3.4609316261820426,5.89453125,0.4527305768851783,0.7032965687329766,1.089688157507571,0.0425531914893617,0.6328125,1.0,0.99609375,0.9921875,0.984375,0.96875,0.953125,0.9888529775857997,0.9400957142937522,0.32345646619796753,0.5176792144775391,0.19422274827957153,256,language_grammar,2,0,16,C
0.40234375,0.832619052565236,5.83984375,0.7481315367505127,0.6561547337487716,0.7201598382506216,0.0,0.1953125,1.0,0.9882352941176471,0.9803921568627451,0.9764705882352941,0.9647058823529412,0.9529411764705882,0.991152900920653,0.966482927175066,0.33019840717315674,0.6466349959373474,0.3164365887641907,256,language_grammar,2,1,4,C
0.29296875,-1.1284034566038226,5.94140625,0.8996156690446724,0.612344383448593,0.8873305751429088,0.0,0.4140625,1.0,0.99609375,0.9921875,0.98828125,0.984375,0.98046875,0.9960551622400232,0.9999945318250933,0.33019840717315674,0.6466349959373474,0.3164365887641907,256,language_grammar,2,1,8,C
0.265625,-0.6590980043692862,5.87890625,0.27993264677633195,0.32920264919415837,0.9064948915273953,0.029411764705882353,0.46875,1.0,0.9921875,0.98046875,0.97265625,0.96875,0.96484375,0.993231405454032,0.9401580794561831,0.33019840717315674,0.6466349959373474,0.3164365887641907,256,language_grammar,2,1,16,C
0.3671875,-0.48667169973883356,5.84375,0.7631001549327959,0.6561547337487716,0.8797818786371691,0.0,0.265625,1.0,0.9882352941176471,0.9803921568627451,0.9725490196078431,0.9647058823529412,0.9607843137254902,0.9927790834189142,0.9883845405121553,0.2229842096567154,0.5618187189102173,0.3388344943523407,256,language_grammar,2,2,4,C
0.296875,-0.9791437401218356,5.94140625,0.8996156690446724,0.612344383448593,0.9430733717481091,0.013157894736842105,0.40625,1.0,0.99609375,0.9921875,0.98828125,0.984375,0.98046875,0.9960551622400232,0.9999945318250933,0.2229842096567154,0.5618187189102173,0.3388344943523407,256,language_grammar,2,2,8,C
0.25,-1.1927805990002873,5.94140625,0.9711243672117175,0.7032965687329766,0.9563456591151444,0.015625,0.5,1.0,0.99609375,0.9921875,0.98828125,0.984375,0.98046875,0.9960551622400232,0.9999945318250933,0.2229842096567154,0.5618187189102173,0.3388344943523407,256,language_grammar,2,2,16,C
0.40234375,0.832619052565236,5.58203125,-0.23979726328017598,0.21725524629139856,0.9822512140722651,0.0,0.1953125,1.0,0.9802371541501976,0.9723320158102767,0.9604743083003953,0.9011857707509882,0.83399209486166,0.9608733070139841,0.8552113477090959,0.3538035750389099,0.652288019657135,0.2984844148159027,256,language_grammar,2,3,4,C
0.234375,-3.3672992038336287,5.6875,-0.8479939689679887,-1.0991771851965433,1.126906194050757,0.0,0.53125,1.0,0.9761904761904762,0.9642857142857143,0.9563492063492064,0.9484126984126984,0.9325396825396826,0.9892492137622771,0.9813652379611446,0.3538035750389099,0.652288019657135,0.2984844148159027,256,language_grammar,2,3,8,C
0.2109375,-2.5269870855777903,5.89453125,0.4527305768851783,0.7032965687329766,0.8244579868502067,0.018518518518518517,0.578125,1.0,0.99609375,0.9921875,0.984375,0.96875,0.953125,0.9888529775857997,0.9400957142937522,0.3538035750389099,0.652288019657135,0.2984844148159027,256,language_grammar,2,3,16,C
0.37109375,-0.34008383837171474,5.72265625,0.29907299128201786,0.21725524629139856,0.7847796589043016,0.0,0.2578125,1.0,0.9802371541501976,0.9723320158102767,0.9644268774703557,0.9446640316205533,0.9288537549407114,0.986437367835881,0.9597866570878585,0.3215180039405823,0.6885849833488464,0.36706697940826416,256,language_grammar,2,4,4,C
0.3203125,-0.0835854412299131,5.70703125,-0.7135624583516302,-1.0991771851965433,0.9642648733238984,0.0,0.359375,1.0,0.9761904761904762,0.9642857142857143,0.9563492063492064,0.9523809523809523,0.9484126984126984,0.9930087048121334,0.9402186264794583,0.3215180039405823,0.6885849833488464,0.36706697940826416,256,language_grammar,2,4,8,C
0.2734375,-0.39225670705378557,5.89453125,0.4527305768851783,0.7032965687329766,0.9268856480287461,0.0,0.453125,1.0,0.99609375,0.9921875,0.984375,0.96875,0.953125,0.9888529775857997,0.9400957142937522,0.3215180039405823,0.6885849833488464,0.36706697940826416,256,language_grammar,2,4,16,C
0.3359375,-1.6593745906757844,5.84375,0.7631001549327959,0.6561547337487716,0.9244869488675496,0.0,0.328125,1.0,0.9882352941176471,0.9803921568627451,0.9725490196078431,0.9647058823529412,0.9607843137254902,0.9927790834189142,0.9883845405121553,0.2727857530117035,0.4159466028213501,0.1431608498096466,256,language_grammar,2,5,4,C
0.28515625,-1.4269228895677968,5.94140625,0.8996156690446724,0.612344383448593,0.8170827656402677,0.0,0.4296875,1.0,0.99609375,0.9921875,0.98828125,0.984375,0.98046875,0.9960551622400232,0.9999945318250933,0.2727857530117035,0.4159466028213501,0.1431608498096466,256,language_grammar,2,5,8,C
0.23046875,-1.859883842289039,5.94140625,0.9711243672117175,0.7032965687329766,1.3062901102506266,0.01694915254237288,0.5390625,1.0,0.99609375,0.9921875,0.98828125,0.984375,0.98046875,0.9960551622400232,0.9999945318250933,0.2727857530117035,0.4159466028213501,0.1431608498096466,256,language_grammar,2,5,16,C
0.40234375,0.832619052565236,5.81640625,0.6583198276568137,0.6561547337487716,0.9919373762851487,0.0,0.1953125,1.0,0.9882352941176471,0.9803921568627451,0.9725490196078431,0.9607843137254902,0.9372549019607843,0.9874658373955786,0.930916230060909,0.39037829637527466,0.6556042432785034,0.26522597670555115,256,language_grammar,2,6,4,C
0.36328125,1.5582714400719448,5.94140625,0.8996156690446724,0.612344383448593,0.8314731585719022,0.010752688172043012,0.2734375,1.0,0.99609375,0.9921875,0.98828125,0.984375,0.98046875,0.9960551622400232,0.9999945318250933,0.39037829637527466,0.6556042432785034,0.26522597670555115,256,language_grammar,2,6,8,C
0.26953125,-0.5256773557115358,5.94140625,0.9711243672117175,0.7032965687329766,0.8092800605369579,0.0,0.4609375,1.0,0.99609375,0.9921875,0.98828125,0.984375,0.98046875,0.9960551622400232,0.9999945318250933,0.39037829637527466,0.6556042432785034,0.26522597670555115,256,language_grammar,2,6,16,C
0.3984375,0.6860311911981172,5.69140625,0.17932404582375255,0.21725524629139856,0.8964057405718828,0.0,0.203125,1.0,0.9802371541501976,0.9683794466403162,0.9565217391304348,0.9367588932806324,0.9169960474308301,0.9834798967891383,0.9804103402601242,0.3000313341617584,0.48119887709617615,0.1811675727367401,256,language_grammar,2,7,4,C
0.328125,0.21493399173406105,5.70703125,-0.7135624583516302,-1.0991771851965433,0.9312185565161382,0.0,0.34375,1.0,0.9761904761904762,0.9642857142857143,0.9563492063492064,0.9523809523809523,0.9484126984126984,0.9930087048121334,0.9402186264794583,0.3000313341617584,0.48119887709617615,0.1811675727367401,256,language_grammar,2,7,8,C
0.3125,0.9419497795237175,5.89453125,0.4527305768851783,0.7032965687329766,1.010356837912584,0.0,0.375,1.0,0.99609375,0.9921875,0.984375,0.96875,0.953125,0.9888529775857997,0.9400957142937522,0.3000313341617584,0.48119887709617615,0.1811675727367401,256,language_grammar,2,7,16,C
0.34765625,-1.219611006574428,5.84375,0.7631001549327959,0.6561547337487716,1.0056550874974242,0.0,0.3046875,1.0,0.9882352941176471,0.9803921568627451,0.9725490196078431,0.9647058823529412,0.9607843137254902,0.9927790834189142,0.9883845405121553,0.1829611361026764,0.33485147356987,0.151890367269516,256,language_grammar,2,8,4,C
0.375,2.006050589517906,5.94140625,0.8996156690446724,0.612344383448593,0.7024524479884137,0.0,0.25,1.0,0.99609375,0.9921875,0.98828125,0.984375,0.98046875,0.9960551622400232,0.9999945318250933,0.1829611361026764,0.33485147356987,0.151890367269516,256,language_grammar,2,8,8,C
0.2421875,-1.459621896315788,5.94140625,0.9711243672117175,0.7032965687329766,0.7924180943734694,0.016129032258064516,0.515625,1.0,0.99609375,0.9921875,0.98828125,0.984375,0.98046875,0.9960551622400232,0.9999945318250933,0.1829611361026764,0.33485147356987,0.151890367269516,256,language_grammar,2,8,16,C
0.375,-0.1934959770045959,5.8203125,0.6732884458390969,0.6561547337487716,1.109370061134127,0.0,0.25,1.0,0.9882352941176471,0.9803921568627451,0.9725490196078431,0.9607843137254902,0.9411764705882353,0.9882907891208811,0.9526571951007503,0.27561816573143005,0.5408856868743896,0.265267550945282,256,language_grammar,2,9,4,C
0.296875,-0.9791437401218356,5.94140625,0.8996156690446724,0.612344383448593,0.7645928797706428,0.0,0.40625,1.0,0.99609375,0.9921875,0.98828125,0.984375,0.98046875,0.9960551622400232,0.9999945318250933,0.27561816573143005,0.5408856868743896,0.265267550945282,256,language_grammar,2,9,8,C
0.24609375,-1.3262012476580378,5.94140625,0.9711243672117175,0.7032965687329766,0.9625826922389635,0.015873015873015872,0.5078125,1.0,0.99609375,0.9921875,0.98828125,0.984375,0.98046875,0.9960551622400232,0.9999945318250933,0.27561816573143005,0.5408856868743896,0.265267550945282,256,language_grammar,2,9,16,C
0.35546875,-0.9264352838401901,4.93359375,-2.724587881539181,-3.1842157815032426,1.0448638455794612,0.0,0.2890625,1.0,0.9041666666666667,0.8708333333333333,0.8583333333333333,0.8333333333333334,0.7958333333333333,0.9705168894989775,0.9728927460798918,0.33874139189720154,0.5907207131385803,0.25197935104370117,256,language_grammar,2,10,4,C
0.3046875,-0.6806243071578614,5.75,-0.4178131349956414,-0.7188390588309576,0.9240504700635368,0.0,0.390625,1.0,0.9802371541501976,0.9683794466403162,0.9604743083003953,0.9565217391304348,0.9525691699604744,0.993065742711742,0.9402031204812088,0.33874139189720154,0.5907207131385803,0.25197935104370117,256,language_grammar,2,10,8,C
0.24609375,-1.3262012476580378,5.91796875,0.7119274720484479,0.7032965687329766,0.8543232282942532,0.0,0.5078125,1.0,0.99609375,0.9921875,0.98828125,0.9765625,0.96484375,0.9920692391311882,0.9328369922955833,0.33874139189720154,0.5907207131385803,0.25197935104370117,256,language_grammar,2,10,16,C
0.40234375,0.832619052565236,5.69921875,0.20926128218831888,0.6561547337487716,0.7876913955050344,0.0,0.1953125,1.0,0.9882352941176471,0.9764705882352941,0.9568627450980393,0.9176470588235294,0.8823529411764706,0.9715340953835387,0.9493324885202137,0.35261696577072144,0.7849737405776978,0.43235674500465393,256,language_grammar,2,11,4,C
0.30859375,-0.5313645906758744,5.94140625,0.8996156690446724,0.612344383448593,0.9154175049601168,0.012658227848101266,0.3828125,1.0,0.99609375,0.9921875,0.98828125,0.984375,0.98046875,0.9960551622400232,0.9999945318250933,0.35261696577072144,0.7849737405776978,0.43235674500465393,256,language_grammar,2,11,8,C
0.28515625,0.008005238919465321,5.94140625,0.9711243672117175,0.7032965687329766,0.953745476340972,0.0273972602739726,0.4296875,1.0,0.99609375,0.9921875,0.98828125,0.984375,0.98046875,0.9960551622400232,0.9999945318250933,0.35261696577072144,0.7849737405776978,0.43235674500465393,256,language_grammar,2,11,16,C
0.37109375,-0.34008383837171474,5.73828125,0.3589474640111505,0.6561547337487716,0.8396302682311463,0.0,0.2578125,1.0,0.9882352941176471,0.9803921568627451,0.9607843137254902,0.9294117647058824,0.9019607843137255,0.9766665028296523,0.9553983575111868,0.30623841285705566,0.699988842010498,0.3937504291534424,256,language_grammar,2,12,4,C
0.3359375,0.5134534246980352,5.94140625,0.8996156690446724,0.612344383448593,0.8135426557848767,0.011627906976744186,0.328125,1.0,0.99609375,0.9921875,0.98828125,0.984375,0.98046875,0.9960551622400232,0.9999945318250933,0.30623841285705566,0.699988842010498,0.3937504291534424,256,language_grammar,2,12,8,C
0.29296875,0.2748465362349659,5.94140625,0.9711243672117175,0.7032965687329766,0.8591489953325275,0.0,0.4140625,1.0,0.99609375,0.9921875,0.98828125,0.984375,0.98046875,0.9960551622400232,0.9999945318250933,0.30623841285705566,0.699988842010498,0.3937504291534424,256,language_grammar,2,12,16,C
0.3828125,0.09967974572964182,5.44140625,-0.7786675178423699,-0.5508188567590043,0.8367494151577936,0.0,0.234375,1.0,0.964,0.948,0.928,0.884,0.848,0.9678947995856362,0.9566573051859844,0.3243632912635803,0.6999725699424744,0.37560927867889404,256,language_grammar,2,13,4,C
0.32421875,0.06567427525207398,5.70703125,-0.7135624583516302,-1.0991771851965433,0.8870986416402632,0.012048192771084338,0.3515625,1.0,0.9761904761904762,0.9642857142857143,0.9563492063492064,0.9523809523809523,0.9484126984126984,0.9930087048121334,0.9402186264794583,0.3243632912635803,0.6999725699424744,0.37560927867889404,256,language_grammar,2,13,8,C
0.30078125,0.5416878335504666,5.89453125,0.4527305768851783,0.7032965687329766,0.9096527241097144,0.012987012987012988,0.3984375,1.0,0.99609375,0.9921875,0.984375,0.96875,0.953125,0.9888529775857997,0.9400957142937522,0.3243632912635803,0.6999725699424744,0.37560927867889404,256,language_grammar,2,13,16,C
0.421875,1.5655583594008304,5.67578125,0.11944957309461991,0.21725524629139856,0.8228573222234415,0.0,0.15625,1.0,0.9802371541501976,0.9723320158102767,0.9604743083003953,0.9288537549407114,0.9011857707509882,0.9788359439506459,0.9315129724091092,0.3741839826107025,0.619993269443512,0.24580925703048706,256,language_grammar,2,14,4,C
0.35546875,1.2597520071079706,5.70703125,-0.7135624583516302,-1.0991771851965433,0.87222591796329,0.0,0.2890625,1.0,0.9761904761904762,0.9642857142857143,0.9563492063492064,0.9523809523809523,0.9484126984126984,0.9930087048121334,0.9402186264794583,0.3741839826107025,0.619993269443512,0.24580925703048706,256,language_grammar,2,14,8,C
0.23828125,-1.5930425449735384,5.89453125,0.4527305768851783,0.7032965687329766,0.8853217939539112,0.03278688524590164,0.5234375,1.0,0.99609375,0.9921875,0.984375,0.96875,0.953125,0.9888529775857997,0.9400957142937522,0.3741839826107025,0.619993269443512,0.24580925703048706,256,language_grammar,2,14,16,C
0.34375,-1.3661988679415467,5.67578125,0.11944957309461991,0.21725524629139856,0.9636814328953499,0.0,0.3125,1.0,0.9802371541501976,0.9723320158102767,0.9604743083003953,0.9288537549407114,0.9011857707509882,0.9788359439506459,0.9315129724091092,0.30367881059646606,0.5068854093551636,0.20320653915405273,256,language_grammar,2,15,4,C
0.25390625,-2.6210006214236934,5.70703125,-0.7135624583516302,-1.0991771851965433,1.104847372169553,0.0,0.4921875,1.0,0.9761904761904762,0.9642857142857143,0.9563492063492064,0.9523809523809523,0.9484126984126984,0.9930087048121334,0.9402186264794583,0.30367881059646606,0.5068854093551636,0.20320653915405273,256,language_grammar,2,15,8,C
0.25,-1.1927805990002873,5.89453125,0.4527305768851783,0.7032965687329766,0.9471304028485201,0.0,0.5,1.0,0.99609375,0.9921875,0.984375,0.96875,0.953125,0.9888529775857997,0.9400957142937522,0.30367881059646606,0.5068854093551636,0.20320653915405273,256,language_grammar,2,15,16,C
0.359375,-0.7798474224730713,5.72265625,0.29907299128201786,0.21725524629139856,0.8594815990470298,0.0,0.28125,1.0,0.9802371541501976,0.9723320158102767,0.9644268774703557,0.9446640316205533,0.9288537549407114,0.986437367835881,0.9597866570878585,0.257477730512619,0.5761605501174927,0.31868278980255127,256,language_grammar,2,16,4,C
0.3046875,-0.6806243071578614,5.6640625,-1.009311781707619,-1.0991771851965433,0.9252896045996268,0.0,0.390625,1.0,0.9761904761904762,0.9642857142857143,0.9523809523809523,0.9365079365079365,0.9246031746031746,0.9863129509115622,0.9967872774797957,0.257477730512619,0.5761605501174927,0.31868278980255127,256,language_grammar,2,16,8,C
0.28125,-0.125415409738285,5.89453125,0.4527305768851783,0.7032965687329766,0.8612561928029646,0.0,0.4375,1.0,0.99609375,0.9921875,0.984375,0.96875,0.953125,0.9888529775857997,0.9400957142937522,0.257477730512619,0.5761605501174927,0.31868278980255127,256,language_grammar,2,16,16,C
0.359375,-0.7798474224730713,5.72265625,0.29907299128201786,0.21725524629139856,0.8693495959760645,0.0,0.28125,1.0,0.9802371541501976,0.9723320158102767,0.9644268774703557,0.9446640316205533,0.9288537549407114,0.986437367835881,0.9597866570878585,0.27793601155281067,0.5294741988182068,0.2515382468700409,256,language_grammar,2,17,4,C
0.3125,-0.3821048741938873,5.70703125,-0.7135624583516302,-1.0991771851965433,0.8669340828204048,0.0125,0.375,1.0,0.9761904761904762,0.9642857142857143,0.9563492063492064,0.9523809523809523,0.9484126984126984,0.9930087048121334,0.9402186264794583,0.27793601155281067,0.5294741988182068,0.2515382468700409,256,language_grammar,2,17,8,C
0.24609375,-1.3262012476580378,5.89453125,0.4527305768851783,0.7032965687329766,0.9579412790155055,0.015873015873015872,0.5078125,1.0,0.99609375,0.9921875,0.984375,0.96875,0.953125,0.9888529775857997,0.9400957142937522,0.27793601155281067,0.5294741988182068,0.2515382468700409,256,language_grammar,2,17,16,C
0.421875,1.5655583594008304,5.44140625,-0.7786675178423699,0.21725524629139856,0.8061690930581478,0.0,0.15625,1.0,0.9802371541501976,0.9723320158102767,0.9486166007905138,0.8537549407114624,0.7509881422924901,0.9358629374029004,0.8529464399719574,0.3460336923599243,0.5454303026199341,0.19939658045768738,256,language_grammar,2,18,4,C
0.3125,-0.3821048741938873,5.68359375,-0.8748802710912604,-1.0991771851965433,0.7680186245852053,0.0,0.375,1.0,0.9761904761904762,0.9642857142857143,0.9563492063492064,0.9484126984126984,0.9285714285714286,0.9884058628225365,0.9631644946245131,0.3460336923599243,0.5454303026199341,0.19939658045768738,256,language_grammar,2,18,8,C
0.26171875,-0.7925186530270365,5.89453125,0.4527305768851783,0.7032965687329766,0.9139628001182543,0.0,0.4765625,1.0,0.99609375,0.9921875,0.984375,0.96875,0.953125,0.9888529775857997,0.9400957142937522,0.3460336923599243,0.5454303026199341,0.19939658045768738,256,language_grammar,2,18,16,C
0.40625,0.9792069139323549,4.88671875,-2.9042112997265788,-3.1842157815032426,0.7563982370765676,0.0,0.1875,1.0,0.9041666666666667,0.8708333333333333,0.85,0.8083333333333333,0.7791666666666667,0.9634782583864349,0.990578372546981,0.3179144859313965,0.6862505674362183,0.3683360815048218,256,language_grammar,2,19,4,C
0.30859375,-0.5313645906758744,5.70703125,-0.7135624583516302,-1.0991771851965433,0.9078613441250489,0.012658227848101266,0.3828125,1.0,0.9761904761904762,0.9642857142857143,0.9563492063492064,0.9523809523809523,0.9484126984126984,0.9930087048121334,0.9402186264794583,0.3179144859313965,0.6862505674362183,0.3683360815048218,256,language_grammar,2,19,8,C
0.28515625,0.008005238919465321,5.89453125,0.4527305768851783,0.7032965687329766,0.9587658734018437,0.0136986301369863,0.4296875,1.0,0.99609375,0.9921875,0.984375,0.96875,0.953125,0.9888529775857997,0.9400957142937522,0.3179144859313965,0.6862505674362183,0.3683360815048218,256,language_grammar,2,19,16,C
0.375,-0.1934959770045959,5.84375,0.7631001549327959,0.6561547337487716,0.8829016823234603,0.0,0.25,1.0,0.9882352941176471,0.9803921568627451,0.9725490196078431,0.9647058823529412,0.9607843137254902,0.9927790834189142,0.9883845405121553,0.27084219455718994,0.5684123635292053,0.2975701689720154,256,language_grammar,2,20,4,C
0.26953125,-2.023961755495745,5.94140625,0.8996156690446724,0.612344383448593,0.7972227425221944,0.0,0.4609375,1.0,0.99609375,0.9921875,0.98828125,0.984375,0.98046875,0.9960551622400232,0.9999945318250933,0.27084219455718994,0.5684123635292053,0.2975701689720154,256,language_grammar,2,20,8,C
0.25390625,-1.059359950342537,5.94140625,0.9711243672117175,0.7032965687329766,1.0444295197731517,0.0,0.4921875,1.0,0.99609375,0.9921875,0.98828125,0.984375,0.98046875,0.9960551622400232,0.9999945318250933,0.27084219455718994,0.5684123635292053,0.2975701689720154,256,language_grammar,2,20,16,C
0.3984375,0.6860311911981172,5.51953125,-0.4792951541967066,0.21725524629139856,0.9191970161216604,0.0,0.203125,1.0,0.9802371541501976,0.9683794466403162,0.9486166007905138,0.8774703557312253,0.8102766798418972,0.9531892265035768,0.8913024366206718,0.3005472719669342,0.5141302943229675,0.2135830521583557,256,language_grammar,2,21,4,C
0.27734375,-1.725442322531771,5.70703125,-0.7135624583516302,-1.0991771851965433,0.9877651542750432,0.014084507042253521,0.4453125,1.0,0.9761904761904762,0.9642857142857143,0.9563492063492064,0.9523809523809523,0.9484126984126984,0.9930087048121334,0.9402186264794583,0.3005472719669342,0.5141302943229675,0.2135830521583557,256,language_grammar,2,21,8,C
0.23828125,-1.5930425449735384,5.89453125,0.4527305768851783,0.7032965687329766,0.9641576634555158,0.01639344262295082,0.5234375,1.0,0.99609375,0.9921875,0.984375,0.96875,0.953125,0.9888529775857997,0.9400957142937522,0.3005472719669342,0.5141302943229675,0.2135830521583557,256,language_grammar,2,21,16,C
0.34375,-1.3661988679415467,5.32421875,-1.2277260633108646,-0.8799934723520342,0.9582164364341678,0.0,0.3125,1.0,0.9558232931726908,0.9317269076305221,0.9036144578313253,0.8594377510040161,0.8232931726907631,0.9627819943662473,0.9829114797913288,0.35472291707992554,0.6787725687026978,0.3240496516227722,256,language_grammar,2,22,4,C
0.28125,-1.5761826060497839,5.70703125,-0.7135624583516302,-1.0991771851965433,1.0260219726864401,0.0,0.4375,1.0,0.9761904761904762,0.9642857142857143,0.9563492063492064,0.9523809523809523,0.9484126984126984,0.9930087048121334,0.9402186264794583,0.35472291707992554,0.6787725687026978,0.3240496516227722,256,language_grammar,2,22,8,C
0.2734375,-0.39225670705378557,5.89453125,0.4527305768851783,0.7032965687329766,0.8167686834141203,0.0,0.453125,1.0,0.99609375,0.9921875,0.984375,0.96875,0.953125,0.9888529775857997,0.9400957142937522,0.35472291707992554,0.6787725687026978,0.3240496516227722,256,language_grammar,2,22,16,C
0.3828125,0.09967974572964182,5.84375,0.7631001549327959,0.6561547337487716,0.9863179096942145,0.0,0.234375,1.0,0.9882352941176471,0.9803921568627451,0.9725490196078431,0.9647058823529412,0.9607843137254902,0.9927790834189142,0.9883845405121553,0.27808818221092224,0.5476343035697937,0.2695460915565491,256,language_grammar,2,23,4,C
0.265625,-2.1732214719777323,5.94140625,0.8996156690446724,0.612344383448593,0.7980286961873254,0.029411764705882353,0.46875,1.0,0.99609375,0.9921875,0.98828125,0.984375,0.98046875,0.9960551622400232,0.9999945318250933,0.27808818221092224,0.5476343035697937,0.2695460915565491,256,language_grammar,2,23,8,C
0.3125,0.9419497795237175,5.94140625,0.9711243672117175,0.7032965687329766,0.8398496051041002,0.0,0.375,1.0,0.99609375,0.9921875,0.98828125,0.984375,0.98046875,0.9960551622400232,0.9999945318250933,0.27808818221092224,0.5476343035697937,0.2695460915565491,256,language_grammar,2,23,16,C
0.3984375,0.6860311911981172,5.72265625,0.29907299128201786,0.21725524629139856,0.7359424813841693,0.0,0.203125,1.0,0.9802371541501976,0.9723320158102767,0.9644268774703557,0.9446640316205533,0.9288537549407114,0.986437367835881,0.9597866570878585,0.317095547914505,0.4971771240234375,0.1800815463066101,256,language_grammar,2,24,4,C
0.328125,0.21493399173406105,5.70703125,-0.7135624583516302,-1.0991771851965433,0.9873514621973751,0.0,0.34375,1.0,0.9761904761904762,0.9642857142857143,0.9563492063492064,0.9523809523809523,0.9484126984126984,0.9930087048121334,0.9402186264794583,0.317095547914505,0.4971771240234375,0.1800815463066101,256,language_grammar,2,24,8,C
0.31640625,1.0753704281814678,5.89453125,0.4527305768851783,0.7032965687329766,0.933267647074181,0.0,0.3671875,1.0,0.99609375,0.9921875,0.984375,0.96875,0.953125,0.9888529775857997,0.9400957142937522,0.317095547914505,0.4971771240234375,0.1800815463066101,256,language_grammar,2,24,16,C
0.34375,-1.3661988679415467,5.84375,0.7631001549327959,0.6561547337487716,0.9159562047567992,0.0,0.3125,1.0,0.9882352941176471,0.9803921568627451,0.9725490196078431,0.9647058823529412,0.9607843137254902,0.9927790834189142,0.9883845405121553,0.4020184278488159,0.7218024730682373,0.3197840452194214,256,language_grammar,2,25,4,C
0.2734375,-1.874702039013758,5.94140625,0.8996156690446724,0.612344383448593,0.9684380932333939,0.0,0.453125,1.0,0.99609375,0.9921875,0.98828125,0.984375,0.98046875,0.9960551622400232,0.9999945318250933,0.4020184278488159,0.7218024730682373,0.3197840452194214,256,language_grammar,2,25,8,C
0.30859375,0.8085291308659671,5.94140625,0.9711243672117175,0.7032965687329766,0.962825249947375,0.0,0.3828125,1.0,0.99609375,0.9921875,0.98828125,0.984375,0.98046875,0.9960551622400232,0.9999945318250933,0.4020184278488159,0.7218024730682373,0.3197840452194214,256,language_grammar,2,25,16,C
0.36328125,-0.6332595611059524,5.72265625,0.29907299128201786,0.21725524629139856,0.9660049940764636,0.0,0.2734375,1.0,0.9802371541501976,0.9723320158102767,0.9644268774703557,0.9446640316205533,0.9288537549407114,0.986437367835881,0.9597866570878585,0.29720866680145264,0.5434497594833374,0.24624107778072357,256,language_grammar,2,26,4,C
0.31640625,-0.23284515771190017,5.70703125,-0.7135624583516302,-1.0991771851965433,0.8582597193968687,0.012345679012345678,0.3671875,1.0,0.9761904761904762,0.9642857142857143,0.9563492063492064,0.9523809523809523,0.9484126984126984,0.9930087048121334,0.9402186264794583,0.29720866680145264,0.5434497594833374,0.24624107778072357,256,language_grammar,2,26,8,C
0.26953125,-0.5256773557115358,5.89453125,0.4527305768851783,0.7032965687329766,1.013919128924985,0.014492753623188406,0.4609375,1.0,0.99609375,0.9921875,0.984375,0.96875,0.953125,0.9888529775857997,0.9400957142937522,0.29720866680145264,0.5434497594833374,0.24624107778072357,256,language_grammar,2,26,16,C
0.37109375,-0.34008383837171474,5.62109375,-0.09011108145734437,0.21725524629139856,0.9552206342335301,0.0,0.2578125,1.0,0.9802371541501976,0.9723320158102767,0.9565217391304348,0.9090909090909091,0.8695652173913043,0.9697805573025892,0.9122026449959992,0.2749197781085968,0.5335056185722351,0.2585858702659607,256,language_grammar,2,27,4,C
0.2890625,-1.2776631730858097,5.70703125,-0.7135624583516302,-1.0991771851965433,1.0321731592791505,0.013513513513513514,0.421875,1.0,0.9761904761904762,0.9642857142857143,0.9563492063492064,0.9523809523809523,0.9484126984126984,0.9930087048121334,0.9402186264794583,0.2749197781085968,0.5335056185722351,0.2585858702659607,256,language_grammar,2,27,8,C
0.2890625,0.14142588757721564,5.89453125,0.4527305768851783,0.7032965687329766,0.8032739642325402,0.0,0.421875,1.0,0.99609375,0.9921875,0.984375,0.96875,0.953125,0.9888529775857997,0.9400957142937522,0.2749197781085968,0.5335056185722351,0.2585858702659607,256,language_grammar,2,27,16,C
0.38671875,0.24626760709676068,5.84375,0.7631001549327959,0.6561547337487716,0.8994900752746144,0.0,0.2265625,1.0,0.9882352941176471,0.9803921568627451,0.9725490196078431,0.9647058823529412,0.9607843137254902,0.9927790834189142,0.9883845405121553,0.2743563950061798,0.48386260867118835,0.20950625836849213,256,language_grammar,2,28,4,C
0.3125,-0.3821048741938873,5.94140625,0.8996156690446724,0.612344383448593,0.9484933289029497,0.0,0.375,1.0,0.99609375,0.9921875,0.98828125,0.984375,0.98046875,0.9960551622400232,0.9999945318250933,0.2743563950061798,0.48386260867118835,0.20950625836849213,256,language_grammar,2,28,8,C
0.2578125,-0.9259393016847868,5.94140625,0.9711243672117175,0.7032965687329766,0.8406992524792231,0.015151515151515152,0.484375,1.0,0.99609375,0.9921875,0.98828125,0.984375,0.98046875,0.9960551622400232,0.9999945318250933,0.2743563950061798,0.48386260867118835,0.20950625836849213,256,language_grammar,2,28,16,C
0.3515625,-1.073023145207309,5.84375,0.7631001549327959,0.6561547337487716,0.8727394454097526,0.0,0.296875,1.0,0.9882352941176471,0.9803921568627451,0.9725490196078431,0.9647058823529412,0.9607843137254902,0.9927790834189142,0.9883845405121553,0.29803502559661865,0.5097278356552124,0.21169278025627136,256,language_grammar,2,29,4,C
0.34375,0.8119728576620093,5.94140625,0.8996156690446724,0.612344383448593,0.891724012200374,0.0,0.3125,1.0,0.99609375,0.9921875,0.98828125,0.984375,0.98046875,0.9960551622400232,0.9999945318250933,0.29803502559661865,0.5097278356552124,0.21169278025627136,256,language_grammar,2,29,8,C
0.28125,-0.125415409738285,5.94140625,0.9711243672117175,0.7032965687329766,0.842021334022271,0.013888888888888888,0.4375,1.0,0.99609375,0.9921875,0.98828125,0.984375,0.98046875,0.9960551622400232,0.9999945318250933,0.29803502559661865,0.5097278356552124,0.21169278025627136,256,language_grammar,2,29,16,C
0.390625,0.39285546846387953,5.54296875,-0.3894834451030076,-0.11191936930163125,0.9507551651643094,0.0,0.21875,1.0,0.9722222222222222,0.9563492063492064,0.9404761904761905,0.9007936507936508,0.8611111111111112,0.9701962940072769,0.9447444051679902,0.3768862783908844,0.7389036417007446,0.36201736330986023,256,music_notation,0,0,4,C
0.3203125,-0.0835854412299131,5.73046875,-0.5522446456119999,-0.5286699956481645,0.7864520153735505,0.0,0.359375,1.0,0.9803149606299213,0.968503937007874,0.9566929133858267,0.9409448818897638,0.9291338582677166,0.9864811943635843,0.9967936909847415,0.3768862783908844,0.7389036417007446,0.36201736330986023,256,music_notation,0,0,8,C
0.27734375,-0.2588360583960353,5.87109375,0.19353368172190874,-0.04489127034465989,0.7384114361350198,0.014084507042253521,0.4453125,1.0,0.9921568627450981,0.984313725490196,0.9764705882352941,0.9725490196078431,0.9686274509803922,0.9940153301915359,0.9708624724171528,0.3768862783908844,0.7389036417007446,0.36201736330986023,256,music_notation,0,0,16,C
0.390625,0.39285546846387953,5.3359375,-1.1828202087640152,-0.7702686004876909,0.8954641193267024,0.0,0.21875,1.0,0.956,0.928,0.9,0.86,0.82,0.9624235457978251,0.9869916581574733,0.3898962736129761,0.8181131482124329,0.4282168447971344,256,music_notation,0,1,4,C
0.328125,0.21493399173406105,5.859375,0.3350033244559665,0.04183719390021423,0.8423547960442472,0.011904761904761904,0.34375,1.0,0.9882352941176471,0.9803921568627451,0.9764705882352941,0.9725490196078431,0.9647058823529412,0.9943930504611007,0.9799797895417592,0.3898962736129761,0.8181131482124329,0.4282168447971344,256,music_notation,0,1,8,C
0.24609375,-1.3262012476580378,5.90625,0.5823290244668131,0.32920264919415837,0.806210149239458,0.015873015873015872,0.5078125,1.0,0.9921875,0.984375,0.98046875,0.9765625,0.97265625,0.9952382820213871,0.9739216617740921,0.3898962736129761,0.8181131482124329,0.4282168447971344,256,music_notation,0,1,16,C
0.37890625,-0.04690811563747703,5.7578125,0.4337905549225663,0.21725524629139856,0.9984487937796247,0.0,0.2421875,1.0,0.9802371541501976,0.9723320158102767,0.9644268774703557,0.9565217391304348,0.9525691699604744,0.9926613170950525,0.9883938112042439,0.39002174139022827,0.6735174655914307,0.2834956645965576,256,music_notation,0,2,4,C
0.3671875,1.7075311565539317,5.765625,-0.3102679265025545,-0.5286699956481645,0.6983057892227091,0.0,0.265625,1.0,0.9803149606299213,0.968503937007874,0.9606299212598425,0.952755905511811,0.9488188976377953,0.9918627148403679,0.9723235493271334,0.39002174139022827,0.6735174655914307,0.2834956645965576,256,music_notation,0,2,8,C
0.265625,-0.6590980043692862,5.8671875,0.15033419919469715,-0.04489127034465989,1.0949758218901697,0.0,0.46875,1.0,0.9921568627450981,0.984313725490196,0.9764705882352941,0.9725490196078431,0.9647058823529412,0.9932091528692395,0.9900860818809883,0.39002174139022827,0.6735174655914307,0.2834956645965576,256,music_notation,0,2,16,C
0.26171875,-4.444543956651042,5.74609375,0.3888847003757168,0.10753037442705528,1.0494027837262512,0.0,0.4765625,1.0,0.9801587301587301,0.9761904761904762,0.9722222222222222,0.9603174603174603,0.9484126984126984,0.9918093894252035,0.9327793010071291,0.34240660071372986,0.6948690414428711,0.352462500333786,256,music_notation,0,3,4,C
0.30078125,-0.8298840236398485,5.7265625,-0.5791309477352716,-0.9090081220137505,1.2580749797686013,0.012987012987012988,0.3984375,1.0,0.9762845849802372,0.9644268774703557,0.9604743083003953,0.9525691699604744,0.9407114624505929,0.9913767337251529,0.9752260091713794,0.34240660071372986,0.6948690414428711,0.352462500333786,256,music_notation,0,3,8,C
0.25390625,-1.059359950342537,5.84765625,-0.06566321344136083,-0.7930791094222963,1.0011263319268264,0.0,0.4921875,1.0,0.9881889763779528,0.984251968503937,0.9803149606299213,0.9763779527559056,0.9645669291338582,0.9943737242206248,0.9226091702343193,0.34240660071372986,0.6948690414428711,0.352462500333786,256,music_notation,0,3,16,C
0.40234375,0.832619052565236,5.68359375,0.14938680945918623,0.21725524629139856,0.8354623845480968,0.0,0.1953125,1.0,0.9802371541501976,0.9723320158102767,0.9604743083003953,0.932806324110672,0.9051383399209486,0.9801091640701474,0.9354289457139,0.4774762988090515,0.8502962589263916,0.3728199601173401,256,music_notation,0,4,4,C
0.3046875,-0.6806243071578614,5.7578125,-0.364040530749098,-0.5286699956481645,0.8150381160879439,0.0,0.390625,1.0,0.9803149606299213,0.968503937007874,0.9606299212598425,0.952755905511811,0.9409448818897638,0.990210977586985,0.9930529267464728,0.4774762988090515,0.8502962589263916,0.3728199601173401,256,music_notation,0,4,8,C
0.27734375,-0.2588360583960353,5.84375,-0.10886269596857244,-0.04489127034465989,1.0810186355671818,0.0,0.4453125,1.0,0.9921568627450981,0.984313725490196,0.9764705882352941,0.9686274509803922,0.9450980392156862,0.9887389147928818,0.9206543910484902,0.4774762988090515,0.8502962589263916,0.3728199601173401,256,music_notation,0,4,16,C
0.359375,-0.7798474224730713,5.66796875,0.08951233673005358,-0.22164424116597453,0.8271277823170593,0.0,0.28125,1.0,0.9721115537848606,0.9641434262948207,0.9561752988047809,0.9482071713147411,0.9402390438247012,0.9917006421140755,0.9999756906138764,0.40129533410072327,0.6776304841041565,0.27633512020111084,256,music_notation,0,5,4,C
0.27734375,-1.725442322531771,5.77734375,-0.22960902013273943,-0.7188390588309576,0.908142586013272,0.04225352112676056,0.4453125,1.0,0.9802371541501976,0.9723320158102767,0.9683794466403162,0.9644268774703557,0.9604743083003953,0.9951221439402106,0.9739446031279753,0.40129533410072327,0.6776304841041565,0.27633512020111084,256,music_notation,0,5,8,C
0.23828125,-1.5930425449735384,5.8515625,-0.022463730914149244,-0.04489127034465989,0.964719576544253,0.01639344262295082,0.5234375,1.0,0.9921568627450981,0.984313725490196,0.9725490196078431,0.9647058823529412,0.9607843137254902,0.9915971073727573,0.976447500918134,0.40129533410072327,0.6776304841041565,0.27633512020111084,256,music_notation,0,5,16,C
0.359375,-0.7798474224730713,5.80859375,0.6283825912922474,0.5464298618844283,0.9433387514567606,0.0,0.28125,1.0,0.9881889763779528,0.9803149606299213,0.968503937007874,0.9606299212598425,0.9566929133858267,0.9915293138798668,0.9764537624411437,0.3765788674354553,0.7240594625473022,0.34748053550720215,256,music_notation,0,6,4,C
0.28515625,-1.4269228895677968,5.7734375,-0.2564953222560111,-0.14833186928257872,0.9468167820283336,0.0,0.4296875,1.0,0.9881889763779528,0.984251968503937,0.968503937007874,0.9448818897637795,0.9330708661417323,0.9845596840219606,0.9564305863727371,0.3765788674354553,0.7240594625473022,0.34748053550720215,256,music_notation,0,6,8,C
0.2265625,-1.9933044909467892,5.8984375,0.4959300594123899,0.32920264919415837,0.981940383806735,0.0,0.546875,1.0,0.9921875,0.984375,0.98046875,0.9765625,0.96484375,0.9936343441389749,0.9540386822183822,0.3765788674354553,0.7240594625473022,0.34748053550720215,256,music_notation,0,6,16,C
0.41796875,1.4189704980337114,5.13671875,-1.9462197360604565,-2.3064168065884965,0.8234291474337141,0.0,0.1640625,1.0,0.9221311475409836,0.8934426229508197,0.8811475409836066,0.8565573770491803,0.8360655737704918,0.9764691098006222,0.9903187930958043,0.36564549803733826,0.6639320254325867,0.2982865571975708,256,music_notation,0,7,4,C
0.328125,0.21493399173406105,5.65625,-1.0630843859541623,-0.9090081220137505,0.8403531420762634,0.0,0.34375,1.0,0.9762845849802372,0.9604743083003953,0.9486166007905138,0.9288537549407114,0.9090909090909091,0.9825447409031788,0.9892222537879968,0.36564549803733826,0.6639320254325867,0.2982865571975708,256,music_notation,0,7,8,C
0.27734375,-0.2588360583960353,5.734375,-1.318448206730497,-1.5412669484999328,0.8191703119620486,0.0,0.4453125,1.0,0.9803149606299213,0.9645669291338582,0.952755905511811,0.9448818897637795,0.937007874015748,0.9889629864582564,0.9766404689562981,0.36564549803733826,0.6639320254325867,0.2982865571975708,256,music_notation,0,7,16,C
0.3515625,-1.073023145207309,5.41015625,-0.8984164633006351,-1.3188929598094072,0.7975526767433888,0.0,0.296875,1.0,0.9473684210526315,0.9311740890688259,0.9190283400809717,0.9068825910931174,0.902834008097166,0.9878018139869968,0.9674450108967824,0.348802387714386,0.5495032072067261,0.2007008194923401,256,music_notation,0,8,4,C
0.28515625,-1.4269228895677968,5.6171875,-1.3319474071868795,-1.8598534379277152,0.9269281630322099,0.0136986301369863,0.4296875,1.0,0.9641434262948207,0.9482071713147411,0.9442231075697212,0.9402390438247012,0.9322709163346613,0.9924613502185015,0.9227362825669179,0.348802387714386,0.5495032072067261,0.2007008194923401,256,music_notation,0,8,8,C
0.30859375,0.8085291308659671,5.7421875,-1.232049241676074,-1.1671730289611146,0.9404679686198781,0.012658227848101266,0.3828125,1.0,0.984251968503937,0.968503937007874,0.952755905511811,0.9448818897637795,0.937007874015748,0.987768115099537,0.9719300421112195,0.348802387714386,0.5495032072067261,0.2007008194923401,256,music_notation,0,8,16,C
0.36328125,-0.6332595611059524,5.56640625,-0.29967173600930863,0.10753037442705528,0.9866154211344287,0.010752688172043012,0.2734375,1.0,0.9801587301587301,0.9722222222222222,0.9523809523809523,0.9007936507936508,0.8492063492063492,0.964338134805847,0.9048528785253858,0.474879652261734,0.9067918658256531,0.43191224336624146,256,music_notation,0,9,4,C
0.34375,0.8119728576620093,5.7421875,-0.47158573924218483,-0.7188390588309576,0.9013254821512868,0.0,0.3125,1.0,0.9802371541501976,0.9723320158102767,0.9644268774703557,0.9525691699604744,0.9407114624505929,0.9897676357730502,0.9877172321526445,0.474879652261734,0.9067918658256531,0.43191224336624146,256,music_notation,0,9,8,C
0.2890625,0.14142588757721564,5.8515625,-0.022463730914149244,-0.04489127034465989,1.0215150938611597,0.0,0.421875,1.0,0.9921568627450981,0.984313725490196,0.9725490196078431,0.9647058823529412,0.9607843137254902,0.9915971073727573,0.976447500918134,0.474879652261734,0.9067918658256531,0.43191224336624146,256,music_notation,0,9,16,C
0.33984375,-1.5127867293086656,5.31640625,-1.2576632996754311,-1.8675173191311236,0.9076622884428702,0.0,0.3203125,1.0,0.9385245901639344,0.9262295081967213,0.9180327868852459,0.9057377049180327,0.889344262295082,0.9870820031397842,0.9855023570722612,0.4165092408657074,0.861779510974884,0.445270299911499,256,music_notation,0,10,4,C
0.33984375,0.6627131411800223,5.26953125,-3.7248282961580617,-5.092727512035195,1.024772218747269,0.0,0.3203125,1.0,0.9297520661157025,0.9173553719008265,0.9132231404958677,0.9090909090909091,0.9049586776859504,0.9937091527298892,0.9266486516311065,0.4165092408657074,0.861779510974884,0.445270299911499,256,music_notation,0,10,8,C
0.28515625,0.008005238919465321,5.7734375,-0.8864533814583812,-0.4189851898834781,0.8736609906405648,0.0,0.4296875,1.0,0.9882352941176471,0.9725490196078431,0.9568627450980393,0.9450980392156862,0.9333333333333333,0.9858068224254539,0.995445495150931,0.4165092408657074,0.861779510974884,0.445270299911499,256,music_notation,0,10,16,C
0.40625,0.9792069139323549,5.66015625,0.05957510036548726,-0.3313691130303178,0.7492530432105335,0.0,0.1875,1.0,0.972,0.968,0.964,0.952,0.94,0.9916729722812423,0.9327489985969526,0.3884364366531372,0.7716842293739319,0.3832477629184723,256,music_notation,0,11,4,C
0.390625,2.603089455445854,5.69140625,-0.821107666844717,-1.4795153115621293,0.8069233558713023,0.0,0.21875,1.0,0.9721115537848606,0.9641434262948207,0.9601593625498008,0.9561752988047809,0.952191235059761,0.9950415191016129,0.9739605238044302,0.3884364366531372,0.7716842293739319,0.3832477629184723,256,music_notation,0,11,8,C
0.33203125,1.6090530228124689,5.828125,-0.2816606260774188,-0.7930791094222963,1.005132837282735,0.0,0.3359375,1.0,0.9881889763779528,0.984251968503937,0.9803149606299213,0.968503937007874,0.952755905511811,0.9911236487026485,0.9072777192411144,0.3884364366531372,0.7716842293739319,0.3832477629184723,256,music_notation,0,11,16,C
0.37890625,-0.04690811563747703,5.08203125,-2.1557803906124207,-2.3064168065884965,0.8693926107846921,0.0,0.2421875,1.0,0.9297520661157025,0.9132231404958677,0.8842975206611571,0.8388429752066116,0.8099173553719008,0.9645507589138923,0.9741586853998063,0.3247186541557312,0.6487342715263367,0.32401561737060547,256,music_notation,0,12,4,C
0.30078125,-0.8298840236398485,5.77734375,-0.22960902013273943,-0.7188390588309576,0.7908596081729029,0.0,0.3984375,1.0,0.9802371541501976,0.9723320158102767,0.9683794466403162,0.9644268774703557,0.9604743083003953,0.9951221439402106,0.9739446031279753,0.3247186541557312,0.6487342715263367,0.32401561737060547,256,music_notation,0,12,8,C
0.30859375,0.8085291308659671,5.80859375,-0.4976580387134768,-0.4189851898834781,0.7932462657812398,0.0,0.3828125,1.0,0.9882352941176471,0.9725490196078431,0.9607843137254902,0.9568627450980393,0.9529411764705882,0.9911399031316106,0.9122379022413568,0.3247186541557312,0.6487342715263367,0.32401561737060547,256,music_notation,0,12,16,C
0.41015625,1.1257947752994737,5.53515625,-0.41942068146757394,-0.8799934723520342,0.8513773838239417,0.0,0.1796875,1.0,0.9558232931726908,0.9397590361445783,0.9357429718875502,0.9317269076305221,0.927710843373494,0.9931942974086477,0.8794903970170619,0.41817551851272583,0.6989022493362427,0.28072667121887207,256,music_notation,0,13,4,C
0.32421875,0.06567427525207398,5.71484375,-0.6597898541050867,-1.0991771851965433,0.7828581867659555,0.0,0.3515625,1.0,0.9761904761904762,0.9682539682539683,0.9603174603174603,0.9523809523809523,0.9484126984126984,0.9926009815166225,0.9883985585974108,0.41817551851272583,0.6989022493362427,0.28072667121887207,256,music_notation,0,13,8,C
0.27734375,-0.2588360583960353,5.79296875,-0.6704559688223232,-1.1671730289611146,0.7939868919855595,0.014084507042253521,0.4453125,1.0,0.984251968503937,0.9724409448818898,0.9645669291338582,0.9606299212598425,0.9566929133858267,0.9931218574131949,0.9401878646154446,0.41817551851272583,0.6989022493362427,0.28072667121887207,256,music_notation,0,13,16,C
0.36328125,-0.6332595611059524,5.15234375,-1.8863452633313238,-2.525866550317183,0.909184084631258,0.010752688172043012,0.2734375,1.0,0.9214876033057852,0.9008264462809917,0.8925619834710744,0.8760330578512396,0.859504132231405,0.9834213467389568,0.987939191765529,0.4305024743080139,0.7668535113334656,0.33635103702545166,256,music_notation,0,14,4,C
0.30859375,-0.5313645906758744,5.73046875,-0.5522446456119999,-0.7188390588309576,0.8687278054718868,0.0,0.3828125,1.0,0.9802371541501976,0.9683794466403162,0.9565217391304348,0.9486166007905138,0.9446640316205533,0.9905895900978757,0.9668316302260672,0.4305024743080139,0.7668535113334656,0.33635103702545166,256,music_notation,0,14,8,C
0.30078125,0.5416878335504666,5.8671875,0.15033419919469715,-0.04489127034465989,0.9345750801658348,0.0,0.3984375,1.0,0.9921568627450981,0.9882352941176471,0.9803921568627451,0.9686274509803922,0.9607843137254902,0.9916051048653305,0.9748589318108465,0.4305024743080139,0.7668535113334656,0.33635103702545166,256,music_notation,0,14,16,C
0.38671875,0.24626760709676068,5.48828125,-0.5990440996549719,-0.8799934723520342,0.8606843100434463,0.0,0.2265625,1.0,0.9558232931726908,0.9397590361445783,0.9317269076305221,0.9156626506024096,0.8995983935742972,0.9853853727015439,0.988809801482883,0.34786760807037354,0.6596667766571045,0.31179922819137573,256,music_notation,0,15,4,C
0.30078125,-0.8298840236398485,5.62109375,-1.3050611050636078,-1.8598534379277152,0.8717428060334309,0.0,0.3984375,1.0,0.9641434262948207,0.9482071713147411,0.9442231075697212,0.9402390438247012,0.9362549800796812,0.993308161476756,0.8794439154540147,0.34786760807037354,0.6596667766571045,0.31179922819137573,256,music_notation,0,15,8,C
0.26953125,-0.5256773557115358,5.73828125,-1.2752487242032855,-1.1671730289611146,0.8658472438253149,0.014492753623188406,0.4609375,1.0,0.984251968503937,0.968503937007874,0.952755905511811,0.9448818897637795,0.9330708661417323,0.986936659278453,0.9861698138424552,0.34786760807037354,0.6596667766571045,0.31179922819137573,256,music_notation,0,15,16,C
0.3984375,0.6860311911981172,5.69140625,0.17932404582375255,-0.22164424116597453,0.6740919818541088,0.0,0.203125,1.0,0.9721115537848606,0.9641434262948207,0.9601593625498008,0.9561752988047809,0.952191235059761,0.9950415191016129,0.9739605238044302,0.3696301281452179,0.7182766199111938,0.34864649176597595,256,music_notation,0,16,4,C
0.36328125,1.5582714400719448,5.73046875,-0.5522446456119999,-0.7188390588309576,0.8483863739587518,0.0,0.2734375,1.0,0.9802371541501976,0.9683794466403162,0.9565217391304348,0.9486166007905138,0.9446640316205533,0.9905895900978757,0.9668316302260672,0.3696301281452179,0.7182766199111938,0.34864649176597595,256,music_notation,0,16,8,C
0.2734375,-0.39225670705378557,5.8671875,0.15033419919469715,-0.04489127034465989,0.8481554037632528,0.014285714285714285,0.453125,1.0,0.9921568627450981,0.9882352941176471,0.9803921568627451,0.9686274509803922,0.9607843137254902,0.9916051048653305,0.9748589318108465,0.3696301281452179,0.7182766199111938,0.34864649176597595,256,music_notation,0,16,16,C
0.3203125,-2.24572603614426,5.7578125,0.4337905549225663,0.21725524629139856,0.7512670839860001,0.0,0.359375,1.0,0.9802371541501976,0.9723320158102767,0.9644268774703557,0.9565217391304348,0.9525691699604744,0.9926613170950525,0.9883938112042439,0.42600375413894653,0.6615413427352905,0.235537588596344,256,music_notation,0,17,4,C
0.3125,-0.3821048741938873,5.57421875,-1.6276967305428682,-1.2893462483793363,0.8348512403698228,0.0,0.375,1.0,0.9683794466403162,0.9446640316205533,0.9288537549407114,0.9090909090909091,0.8893280632411067,0.9793462850509249,0.9974593282555925,0.42600375413894653,0.6615413427352905,0.235537588596344,256,music_notation,0,17,8,C
0.26953125,-0.5256773557115358,5.8671875,0.15033419919469715,-0.04489127034465989,0.7470046853936059,0.0,0.4609375,1.0,0.9921568627450981,0.984313725490196,0.9764705882352941,0.9725490196078431,0.9647058823529412,0.9932091528692395,0.9900860818809883,0.42600375413894653,0.6615413427352905,0.235537588596344,256,music_notation,0,17,16,C
0.359375,-0.7798474224730713,5.67578125,0.11944957309461991,0.21725524629139856,0.9359320231392362,0.0,0.28125,1.0,0.9802371541501976,0.9723320158102767,0.9565217391304348,0.9288537549407114,0.9051383399209486,0.9796930695586942,0.9571981907620389,0.42463141679763794,0.9304810762405396,0.5058495998382568,256,music_notation,0,18,4,C
0.30859375,-0.5313645906758744,5.69921875,-0.7673350625981736,-0.5286699956481645,0.903283804705511,0.0,0.3828125,1.0,0.9803149606299213,0.968503937007874,0.952755905511811,0.9291338582677166,0.9133858267716536,0.9818732246949172,0.9863371283352734,0.42463141679763794,0.9304810762405396,0.5058495998382568,256,music_notation,0,18,8,C
0.30078125,0.5416878335504666,5.87109375,0.19353368172190874,-0.04489127034465989,0.8898052494191415,0.0,0.3984375,1.0,0.9921568627450981,0.984313725490196,0.9764705882352941,0.9725490196078431,0.9686274509803922,0.9940153301915359,0.9708624724171528,0.42463141679763794,0.9304810762405396,0.5058495998382568,256,music_notation,0,18,16,C
0.3984375,0.6860311911981172,4.95703125,-2.634776172445482,-2.855041165910213,0.9539979035616378,0.0,0.203125,1.0,0.9128630705394191,0.8796680497925311,0.8547717842323651,0.8215767634854771,0.7966804979253111,0.9665150978831285,0.9981147832285103,0.334808886051178,0.7338652610778809,0.39905643463134766,256,music_notation,0,19,4,C
0.3828125,2.30457002248188,5.19140625,-4.262554338623496,-4.14188219612123,0.7852812659593165,0.0,0.234375,1.0,0.9349593495934959,0.8983739837398373,0.8739837398373984,0.8536585365853658,0.8414634146341463,0.9741620433726793,0.9688750344308599,0.334808886051178,0.7338652610778809,0.39905643463134766,256,music_notation,0,19,8,C
0.2890625,0.14142588757721564,5.8046875,-0.5408575212406884,-0.4189851898834781,0.8246691798599869,0.013513513513513514,0.421875,1.0,0.9882352941176471,0.9725490196078431,0.9607843137254902,0.9568627450980393,0.9490196078431372,0.99032280399647,0.9497042443782893,0.334808886051178,0.7338652610778809,0.39905643463134766,256,music_notation,0,19,16,C
0.375,-0.1934959770045959,5.7578125,0.4337905549225663,0.21725524629139856,0.8434383551910044,0.0,0.25,1.0,0.9802371541501976,0.9723320158102767,0.9644268774703557,0.9565217391304348,0.9525691699604744,0.9926613170950525,0.9883938112042439,0.3720020055770874,0.8037771582603455,0.4317750930786133,256,music_notation,0,20,4,C
0.359375,1.4090117235899577,5.734375,-0.5253583434887282,-0.5286699956481645,0.8271277823170593,0.010869565217391304,0.28125,1.0,0.9803149606299213,0.968503937007874,0.9606299212598425,0.9448818897637795,0.9251968503937008,0.9860554015995665,0.9704377403405198,0.3720020055770874,0.8037771582603455,0.4317750930786133,256,music_notation,0,20,8,C
0.28125,-0.125415409738285,5.8671875,0.15033419919469715,-0.04489127034465989,0.6955555136033764,0.0,0.4375,1.0,0.9921568627450981,0.984313725490196,0.9764705882352941,0.9725490196078431,0.9647058823529412,0.9932091528692395,0.9900860818809883,0.3720020055770874,0.8037771582603455,0.4317750930786133,256,music_notation,0,20,16,C
0.37109375,-0.34008383837171474,5.22265625,-1.616910136050227,-1.8675173191311236,0.9508228015776653,0.0,0.2578125,1.0,0.9385245901639344,0.9221311475409836,0.9098360655737705,0.8770491803278688,0.8319672131147541,0.9713041328447433,0.9253660712044004,0.37707284092903137,0.6181403398513794,0.2410675287246704,256,music_notation,0,21,4,C
0.296875,-0.9791437401218356,5.62890625,-1.2512885008170644,-1.4795153115621293,0.7369819337026748,0.0,0.40625,1.0,0.9721115537848606,0.9641434262948207,0.952191235059761,0.9322709163346613,0.9203187250996016,0.9857901624321569,0.9783802404697913,0.37707284092903137,0.6181403398513794,0.2410675287246704,256,music_notation,0,21,8,C
0.265625,-0.6590980043692862,5.75,-1.1456502766216508,-1.5412669484999328,0.8887230912254142,0.029411764705882353,0.46875,1.0,0.9803149606299213,0.9645669291338582,0.9566929133858267,0.952755905511811,0.9409448818897638,0.9906144048973543,0.9598166729726703,0.37707284092903137,0.6181403398513794,0.2410675287246704,256,music_notation,0,21,16,C
0.35546875,-0.9264352838401901,5.04296875,-2.3054665724352525,-2.525866550317183,1.019087371528271,0.0,0.2890625,1.0,0.9214876033057852,0.8925619834710744,0.871900826446281,0.8429752066115702,0.8057851239669421,0.9679737750497855,0.9869131153726513,0.3773723542690277,0.8947331309318542,0.5173608064651489,256,music_notation,0,22,4,C
0.31640625,-0.23284515771190017,5.75,-0.4178131349956414,-0.5286699956481645,0.8335216919785255,0.0,0.3671875,1.0,0.9803149606299213,0.968503937007874,0.9606299212598425,0.9488188976377953,0.937007874015748,0.9889713615031357,0.9954486968001164,0.3773723542690277,0.8947331309318542,0.5173608064651489,256,music_notation,0,22,8,C
0.26953125,-0.5256773557115358,5.87109375,0.19353368172190874,-0.04489127034465989,0.9418069221700446,0.043478260869565216,0.4609375,1.0,0.9921568627450981,0.984313725490196,0.9764705882352941,0.9725490196078431,0.9686274509803922,0.9940153301915359,0.9708624724171528,0.3773723542690277,0.8947331309318542,0.5173608064651489,256,music_notation,0,22,16,C
0.37109375,-0.34008383837171474,5.12890625,-1.9761569724250228,-2.525866550317183,0.7515458267080322,0.0,0.2578125,1.0,0.9214876033057852,0.9008264462809917,0.8925619834710744,0.8677685950413223,0.8429752066115702,0.9786814144873259,0.9731531682245672,0.4023376703262329,0.754895806312561,0.35255807638168335,256,music_notation,0,23,4,C
0.28515625,-1.4269228895677968,5.71484375,-0.6597898541050867,-1.0991771851965433,0.918485569585253,0.0,0.4296875,1.0,0.9761904761904762,0.9682539682539683,0.9642857142857143,0.9563492063492064,0.9404761904761905,0.9913462529597155,0.939862369446221,0.4023376703262329,0.754895806312561,0.35255807638168335,256,music_notation,0,23,8,C
0.28125,-0.125415409738285,5.7890625,-0.7136554513495348,-0.04489127034465989,0.8531051843570704,0.0,0.4375,1.0,0.9921568627450981,0.9725490196078431,0.9529411764705882,0.9490196078431372,0.9450980392156862,0.9879061130290291,0.8919960065754415,0.4023376703262329,0.754895806312561,0.35255807638168335,256,music_notation,0,23,16,C
0.390625,0.39285546846387953,5.82421875,0.6882570640213801,0.5464298618844283,0.8674113815284011,0.0,0.21875,1.0,0.9881889763779528,0.984251968503937,0.9763779527559056,0.9645669291338582,0.9566929133858267,0.9915374408695633,0.9748523287488129,0.4103986620903015,0.8321753740310669,0.4217767119407654,256,music_notation,0,24,4,C
0.3125,-0.3821048741938873,5.85546875,0.3081170223326948,-0.14833186928257872,0.9066750488015476,0.0,0.375,1.0,0.9881889763779528,0.984251968503937,0.9803149606299213,0.9763779527559056,0.9724409448818898,0.995991916224948,0.9999943547231583,0.4103986620903015,0.8321753740310669,0.4217767119407654,256,music_notation,0,24,8,C
0.28515625,0.008005238919465321,5.81640625,-0.4112590736590536,-0.7930791094222963,0.8127799955846862,0.0136986301369863,0.4296875,1.0,0.9881889763779528,0.9803149606299213,0.9724409448818898,0.9645669291338582,0.9566929133858267,0.9919349308496059,0.9999770491516017,0.4103986620903015,0.8321753740310669,0.4217767119407654,256,music_notation,0,24,16,C
0.390625,0.39285546846387953,5.69140625,0.17932404582375255,-0.22164424116597453,0.9452919057907849,0.0,0.21875,1.0,0.9721115537848606,0.9641434262948207,0.9601593625498008,0.9561752988047809,0.952191235059761,0.9950415191016129,0.9739605238044302,0.3992075026035309,0.6904433369636536,0.29123586416244507,256,music_notation,0,25,4,C
0.2734375,-1.874702039013758,5.69921875,-0.7673350625981736,-0.7188390588309576,0.9664978562518585,0.0,0.453125,1.0,0.9802371541501976,0.9683794466403162,0.9525691699604744,0.9367588932806324,0.9288537549407114,0.9860103244939501,0.9901886378006233,0.3992075026035309,0.6904433369636536,0.29123586416244507,256,music_notation,0,25,8,C
0.26953125,-0.5256773557115358,5.8671875,0.15033419919469715,-0.04489127034465989,0.8436227968700507,0.0,0.4609375,1.0,0.9921568627450981,0.9882352941176471,0.9803921568627451,0.9686274509803922,0.9607843137254902,0.9916051048653305,0.9748589318108465,0.3992075026035309,0.6904433369636536,0.29123586416244507,256,music_notation,0,25,16,C
0.36328125,-0.6332595611059524,5.75390625,0.4188219367402832,0.5464298618844283,0.9408378023610345,0.0,0.2734375,1.0,0.9881889763779528,0.9803149606299213,0.9645669291338582,0.9409448818897638,0.9251968503937008,0.9828758936496327,0.9739914594235483,0.43135109543800354,0.8125942349433899,0.38124310970306396,256,music_notation,0,26,4,C
0.2578125,-2.4717409049417065,5.85546875,0.3081170223326948,-0.14833186928257872,0.9015259308439573,0.015151515151515152,0.484375,1.0,0.9881889763779528,0.984251968503937,0.9803149606299213,0.9763779527559056,0.9724409448818898,0.995991916224948,0.9999943547231583,0.43135109543800354,0.8125942349433899,0.38124310970306396,256,music_notation,0,26,8,C
0.24609375,-1.3262012476580378,5.82421875,-0.32486010860463044,-0.4189851898834781,0.9345684337708348,0.015873015873015872,0.5078125,1.0,0.9882352941176471,0.9764705882352941,0.9686274509803922,0.9607843137254902,0.9529411764705882,0.9911464283178647,0.9926956528281528,0.43135109543800354,0.8125942349433899,0.38124310970306396,256,music_notation,0,26,16,C
0.39453125,0.5394433298309984,5.76953125,0.4786964094694158,0.10753037442705528,0.9344378443183432,0.0,0.2109375,1.0,0.9801587301587301,0.9761904761904762,0.9722222222222222,0.9682539682539683,0.9642857142857143,0.9959266091334906,0.9999941688757825,0.46881598234176636,0.9241534471511841,0.4553375244140625,256,music_notation,0,27,4,C
0.27734375,-1.725442322531771,5.77734375,-0.22960902013273943,-0.7188390588309576,1.0044581839682427,0.014084507042253521,0.4453125,1.0,0.9802371541501976,0.9723320158102767,0.9683794466403162,0.9644268774703557,0.9604743083003953,0.9951221439402106,0.9739446031279753,0.46881598234176636,0.9241534471511841,0.4553375244140625,256,music_notation,0,27,8,C
0.28125,-0.125415409738285,5.8515625,-0.022463730914149244,-0.04489127034465989,0.8944518386759336,0.027777777777777776,0.4375,1.0,0.9921568627450981,0.984313725490196,0.9725490196078431,0.9647058823529412,0.9607843137254902,0.9915971073727573,0.976447500918134,0.46881598234176636,0.9241534471511841,0.4553375244140625,256,music_notation,0,27,16,C
0.359375,-0.7798474224730713,5.59765625,-0.17992279055104335,-0.22164424116597453,0.7918590673869611,0.0,0.28125,1.0,0.9721115537848606,0.9601593625498008,0.9442231075697212,0.9243027888446215,0.9083665338645418,0.9827795214966627,0.9923515871525032,0.39948880672454834,0.6959866285324097,0.29649782180786133,256,music_notation,0,28,4,C
0.2734375,-1.874702039013758,5.671875,-0.9555391774610755,-1.4795153115621293,0.9414566070162073,0.0,0.453125,1.0,0.9721115537848606,0.9641434262948207,0.9561752988047809,0.9482071713147411,0.9442231075697212,0.9925396455499037,0.9884033831145452,0.39948880672454834,0.6959866285324097,0.29649782180786133,256,music_notation,0,28,8,C
0.234375,-1.7264631936312886,5.73828125,-1.2752487242032855,-1.5412669484999328,0.9900881332999725,0.0,0.53125,1.0,0.9803149606299213,0.9645669291338582,0.9566929133858267,0.9488188976377953,0.9330708661417323,0.988541475957851,0.979915101812072,0.39948880672454834,0.6959866285324097,0.29649782180786133,256,music_notation,0,28,16,C
0.328125,-1.9525503134100222,5.76953125,0.4786964094694158,0.10753037442705528,1.087764680434146,0.0,0.34375,1.0,0.9801587301587301,0.9761904761904762,0.9722222222222222,0.9682539682539683,0.9642857142857143,0.9959266091334906,0.9999941688757825,0.4094889163970947,0.6471657752990723,0.23767688870429993,256,music_notation,0,29,4,C
0.328125,0.21493399173406105,5.77734375,-0.22960902013273943,-0.7188390588309576,0.9730422016681897,0.011904761904761904,0.34375,1.0,0.9802371541501976,0.9723320158102767,0.9683794466403162,0.9644268774703557,0.9604743083003953,0.9951221439402106,0.9739446031279753,0.4094889163970947,0.6471657752990723,0.23767688870429993,256,music_notation,0,29,8,C
0.21484375,-2.39356643692004,5.8515625,-0.022463730914149244,-0.04489127034465989,0.831537948048907,0.01818181818181818,0.5703125,1.0,0.9921568627450981,0.984313725490196,0.9725490196078431,0.9647058823529412,0.9607843137254902,0.9915971073727573,0.976447500918134,0.4094889163970947,0.6471657752990723,0.23767688870429993,256,music_notation,0,29,16,C
0.4140625,1.2723826366665927,5.91796875,1.047503900396176,0.9853293493418014,0.9082791598434028,0.0,0.171875,1.0,0.99609375,0.9921875,0.984375,0.9765625,0.96875,0.9928712363302906,0.9872068398854731,0.47649964690208435,0.7398510575294495,0.2633514404296875,256,music_notation,1,0,4,C
0.33203125,0.36419370821604813,5.9140625,0.7114115541817704,0.612344383448593,0.812877623764784,0.0,0.3359375,1.0,0.99609375,0.98828125,0.98046875,0.9765625,0.97265625,0.9940627089652826,0.9708543259014171,0.47649964690208435,0.7398510575294495,0.2633514404296875,256,music_notation,1,0,8,C
0.30859375,0.8085291308659671,5.94140625,0.9711243672117175,0.7032965687329766,0.925906438249012,0.012658227848101266,0.3828125,1.0,0.99609375,0.9921875,0.98828125,0.984375,0.98046875,0.9960551622400232,0.9999945318250933,0.47649964690208435,0.7398510575294495,0.2633514404296875,256,music_notation,1,0,16,C
0.31640625,-2.3923138975113787,5.90234375,0.9876294276670433,0.9853293493418014,1.0046820131355054,0.0,0.3671875,1.0,0.99609375,0.9921875,0.98828125,0.97265625,0.953125,0.9892509869635201,0.8861109663195327,0.4581526219844818,0.9267065525054932,0.46855390071868896,256,music_notation,1,1,4,C
0.28515625,-1.4269228895677968,5.87890625,0.46943483507232503,0.42217532026580007,0.9089679228132497,0.0,0.4296875,1.0,0.9921875,0.98046875,0.97265625,0.96875,0.96484375,0.993231405454032,0.9401580794561831,0.4581526219844818,0.9267065525054932,0.46855390071868896,256,music_notation,1,1,8,C
0.296875,0.40826718489271624,5.80078125,-0.5840570037678999,-0.4189851898834781,0.9009422295478304,0.0,0.40625,1.0,0.9882352941176471,0.9764705882352941,0.9686274509803922,0.9607843137254902,0.9294117647058824,0.9862028080357695,0.8979477886342442,0.4581526219844818,0.9267065525054932,0.46855390071868896,256,music_notation,1,1,16,C
0.3515625,-1.073023145207309,5.87890625,0.8978177185733444,0.9853293493418014,1.0436216695181642,0.0,0.296875,1.0,0.99609375,0.9921875,0.98828125,0.96875,0.93359375,0.9847666684138451,0.8211031178257449,0.4214634299278259,0.7036921977996826,0.2822287380695343,256,music_notation,1,2,4,C
0.28125,-1.5761826060497839,5.8671875,0.3887759287025099,0.42217532026580007,0.7961655673788889,0.013888888888888888,0.4375,1.0,0.9921875,0.98046875,0.97265625,0.96484375,0.95703125,0.9912171252313245,0.9926887641658416,0.4214634299278259,0.7036921977996826,0.2822287380695343,256,music_notation,1,2,8,C
0.24609375,-1.3262012476580378,5.87890625,0.27993264677633195,0.7032965687329766,0.8746477700024287,0.031746031746031744,0.5078125,1.0,0.99609375,0.98828125,0.9765625,0.96484375,0.953125,0.9888435211067819,0.994216345740109,0.4214634299278259,0.7036921977996826,0.2822287380695343,256,music_notation,1,2,16,C
0.37890625,-0.04690811563747703,5.62109375,-0.09011108145734437,-0.22164424116597453,0.8267139771408248,0.0,0.2421875,1.0,0.9721115537848606,0.9601593625498008,0.9482071713147411,0.9322709163346613,0.9203187250996016,0.986198442223906,0.9967829024098572,0.4039921164512634,0.6719518303871155,0.26795971393585205,256,music_notation,1,3,4,C
0.3046875,-0.6806243071578614,5.87890625,0.46943483507232503,0.42217532026580007,1.0325393775239595,0.01282051282051282,0.390625,1.0,0.9921875,0.98046875,0.97265625,0.96875,0.96484375,0.993231405454032,0.9401580794561831,0.4039921164512634,0.6719518303871155,0.26795971393585205,256,music_notation,1,3,8,C
0.29296875,0.2748465362349659,5.78125,-0.8000544164039579,-0.04489127034465989,0.9667760857613307,0.013333333333333334,0.4140625,1.0,0.98828125,0.96875,0.953125,0.94140625,0.9296875,0.9850262934793665,0.9883302623080517,0.4039921164512634,0.6719518303871155,0.26795971393585205,256,music_notation,1,3,16,C
0.3125,-2.5389017588784974,5.94140625,1.1373156094898749,0.9853293493418014,0.9437164058923856,0.0,0.375,1.0,0.99609375,0.9921875,0.98828125,0.984375,0.98046875,0.9960551622400232,0.9999945318250933,0.4105229377746582,0.7911497950553894,0.38062676787376404,256,music_notation,1,4,4,C
0.31640625,-0.23284515771190017,5.875,0.44254853294905333,0.42217532026580007,0.8666047340601905,0.0,0.3671875,1.0,0.9921875,0.98046875,0.97265625,0.96875,0.9609375,0.9924258639190585,0.9717680527302323,0.4105229377746582,0.7911497950553894,0.38062676787376404,256,music_notation,1,4,8,C
0.24609375,-1.3262012476580378,5.7890625,-0.7136554513495348,0.32920264919415837,0.7612481449010354,0.015873015873015872,0.5078125,1.0,0.9921875,0.9765625,0.953125,0.9375,0.9296875,0.9830503709119123,0.977228921685604,0.4105229377746582,0.7911497950553894,0.38062676787376404,256,music_notation,1,4,16,C
0.3671875,-0.48667169973883356,5.87109375,0.867880482208778,0.9853293493418014,0.9558075120022862,0.0,0.265625,1.0,0.99609375,0.9921875,0.984375,0.9609375,0.9375,0.9847916357745814,0.9037400454973393,0.42164742946624756,0.7698358297348022,0.34818845987319946,256,music_notation,1,5,4,C
0.29296875,-1.1284034566038226,5.87890625,0.46943483507232503,0.42217532026580007,1.0856150330572987,0.013333333333333334,0.4140625,1.0,0.9921875,0.98046875,0.97265625,0.96875,0.96484375,0.993231405454032,0.9401580794561831,0.42164742946624756,0.7698358297348022,0.34818845987319946,256,music_notation,1,5,8,C
0.234375,-1.7264631936312886,5.87890625,0.27993264677633195,0.32920264919415837,0.9172934708507452,0.016666666666666666,0.53125,1.0,0.9921875,0.98046875,0.97265625,0.96875,0.96484375,0.993231405454032,0.9401580794561831,0.42164742946624756,0.7698358297348022,0.34818845987319946,256,music_notation,1,5,16,C
0.328125,-1.9525503134100222,5.85546875,0.8080060094796454,0.9853293493418014,0.9891286014561113,0.0,0.34375,1.0,0.99609375,0.9921875,0.98046875,0.953125,0.93359375,0.9831666876958156,0.9298592474716512,0.3584124445915222,0.6964359879493713,0.33802348375320435,256,music_notation,1,6,4,C
0.31640625,-0.23284515771190017,5.90625,0.657638949935227,0.42217532026580007,0.893586641768571,0.012345679012345678,0.3671875,1.0,0.9921875,0.984375,0.98046875,0.9765625,0.97265625,0.9952382820213871,0.9739216617740921,0.3584124445915222,0.6964359879493713,0.33802348375320435,256,music_notation,1,6,8,C
0.27734375,-0.2588360583960353,5.90625,0.5823290244668131,0.32920264919415837,0.919182686622142,0.014084507042253521,0.4453125,1.0,0.9921875,0.984375,0.98046875,0.9765625,0.97265625,0.9952382820213871,0.9739216617740921,0.3584124445915222,0.6964359879493713,0.33802348375320435,256,music_notation,1,6,16,C
0.3515625,-1.073023145207309,5.88671875,0.9277549549379107,0.9853293493418014,0.9589327400813887,0.0,0.296875,1.0,0.99609375,0.9921875,0.984375,0.96484375,0.94921875,0.9876419819002152,0.9327035572522376,0.4238554537296295,0.6866510510444641,0.2627955675125122,256,music_notation,1,7,4,C
0.328125,0.21493399173406105,5.90625,0.657638949935227,0.42217532026580007,0.8012922081890536,0.023809523809523808,0.34375,1.0,0.9921875,0.984375,0.98046875,0.9765625,0.97265625,0.9952382820213871,0.9739216617740921,0.4238554537296295,0.6866510510444641,0.2627955675125122,256,music_notation,1,7,8,C
0.234375,-1.7264631936312886,5.9140625,0.6687279895212362,0.7032965687329766,1.0100786330544635,0.016666666666666666,0.53125,1.0,0.99609375,0.98828125,0.98046875,0.9765625,0.97265625,0.9940627089652826,0.9708543259014171,0.4238554537296295,0.6866510510444641,0.2627955675125122,256,music_notation,1,7,16,C
0.3984375,0.6860311911981172,5.69140625,0.17932404582375255,0.6561547337487716,1.0091275508559612,0.0,0.203125,1.0,0.9882352941176471,0.9725490196078431,0.9490196078431372,0.9137254901960784,0.8901960784313725,0.9732299991643708,0.9820272748121975,0.38933348655700684,0.8273593783378601,0.43802589178085327,256,music_notation,1,8,4,C
0.2890625,-1.2776631730858097,5.859375,0.3350033244559665,0.42217532026580007,0.7821560376124045,0.0,0.421875,1.0,0.9921875,0.98046875,0.96875,0.9609375,0.95703125,0.9908150897534144,0.9667958997054663,0.38933348655700684,0.8273593783378601,0.43802589178085327,256,music_notation,1,8,8,C
0.28125,-0.125415409738285,5.875,0.23673316424912033,0.32920264919415837,0.8587396942227967,0.027777777777777776,0.4375,1.0,0.9921875,0.98046875,0.97265625,0.96875,0.9609375,0.9924258639190585,0.9717680527302323,0.38933348655700684,0.8273593783378601,0.43802589178085327,256,music_notation,1,8,16,C
0.33984375,-1.5127867293086656,5.94140625,1.1373156094898749,0.9853293493418014,0.9360635580313936,0.0,0.3203125,1.0,0.99609375,0.9921875,0.98828125,0.984375,0.98046875,0.9960551622400232,0.9999945318250933,0.45423394441604614,0.7042016983032227,0.2499677985906601,256,music_notation,1,9,4,C
0.3125,-0.3821048741938873,5.875,0.44254853294905333,0.42217532026580007,1.0479694652040203,0.0,0.375,1.0,0.9921875,0.98046875,0.97265625,0.96875,0.9609375,0.9924258639190585,0.9717680527302323,0.45423394441604614,0.7042016983032227,0.2499677985906601,256,music_notation,1,9,8,C
0.2890625,0.14142588757721564,5.7421875,-1.232049241676074,0.32920264919415837,0.6884881988821594,0.0,0.421875,1.0,0.9921875,0.9765625,0.94921875,0.921875,0.90234375,0.9755574550676578,0.9916368047372122,0.45423394441604614,0.7042016983032227,0.2499677985906601,256,music_notation,1,9,16,C
0.40234375,0.832619052565236,5.8984375,0.9726608094847602,0.9853293493418014,0.7195554182966034,0.0,0.1953125,1.0,0.99609375,0.9921875,0.984375,0.97265625,0.953125,0.9892509869635201,0.9220360574578446,0.40648239850997925,0.7103821039199829,0.30389970541000366,256,music_notation,1,10,4,C
0.32421875,0.06567427525207398,5.8671875,0.3887759287025099,0.612344383448593,0.9131853033723579,0.012048192771084338,0.3515625,1.0,0.99609375,0.98828125,0.98046875,0.96875,0.93359375,0.9851552136625772,0.8670773653806145,0.40648239850997925,0.7103821039199829,0.30389970541000366,256,music_notation,1,10,8,C
0.23828125,-1.5930425449735384,5.921875,0.7551269545756595,0.7032965687329766,0.9575924216970546,0.01639344262295082,0.5234375,1.0,0.99609375,0.9921875,0.984375,0.9765625,0.97265625,0.9936706506001096,0.9846095996310225,0.40648239850997925,0.7103821039199829,0.30389970541000366,256,music_notation,1,10,16,C
0.36328125,-0.6332595611059524,5.90625,1.0025980458493264,0.9853293493418014,1.0863790137872855,0.0,0.2734375,1.0,0.99609375,0.9921875,0.984375,0.97265625,0.9609375,0.9908674187692903,0.9638326938154764,0.4175676703453064,0.7295615673065186,0.3119939863681793,256,music_notation,1,11,4,C
0.33203125,0.36419370821604813,5.9140625,0.7114115541817704,0.612344383448593,1.0099346201694805,0.011764705882352941,0.3359375,1.0,0.99609375,0.98828125,0.98046875,0.9765625,0.97265625,0.9940627089652826,0.9708543259014171,0.4175676703453064,0.7295615673065186,0.3119939863681793,256,music_notation,1,11,8,C
0.26953125,-0.5256773557115358,5.921875,0.7551269545756595,0.7032965687329766,0.8117621537868867,0.014492753623188406,0.4609375,1.0,0.99609375,0.9921875,0.984375,0.9765625,0.97265625,0.9936706506001096,0.9846095996310225,0.4175676703453064,0.7295615673065186,0.3119939863681793,256,music_notation,1,11,16,C
0.35546875,-0.9264352838401901,5.84765625,0.778068773115079,0.9853293493418014,1.14318852338536,0.0,0.2890625,1.0,0.99609375,0.9921875,0.984375,0.953125,0.921875,0.9806860000040692,0.8792917544938939,0.2986695468425751,0.57236647605896,0.2736968994140625,256,music_notation,1,12,4,C
0.30078125,-0.8298840236398485,5.859375,0.3350033244559665,0.42217532026580007,0.821878950222198,0.0,0.3984375,1.0,0.9921875,0.98046875,0.96875,0.9609375,0.95703125,0.9908150897534144,0.9667958997054663,0.2986695468425751,0.57236647605896,0.2736968994140625,256,music_notation,1,12,8,C
0.3203125,1.208791076839218,5.87890625,0.27993264677633195,0.32920264919415837,0.9216777071831386,0.0,0.359375,1.0,0.9921875,0.98046875,0.97265625,0.96875,0.96484375,0.993231405454032,0.9401580794561831,0.2986695468425751,0.57236647605896,0.2736968994140625,256,music_notation,1,12,16,C
0.3984375,0.6860311911981172,4.93359375,-2.724587881539181,-1.209168087945064,0.914300623182851,0.0,0.203125,1.0,0.9475806451612904,0.9153225806451613,0.8387096774193549,0.7258064516129032,0.6653225806451613,0.9103489197104432,0.9640160786817193,0.4063869118690491,0.7086094617843628,0.3022225797176361,256,music_notation,1,13,4,C
0.30859375,-0.5313645906758744,5.84765625,0.2543444180861513,0.42217532026580007,0.7082096258096822,0.0,0.3828125,1.0,0.9921875,0.98046875,0.97265625,0.96484375,0.9375,0.9871379039587427,0.9198989431838152,0.4063869118690491,0.7086094617843628,0.3022225797176361,256,music_notation,1,13,8,C
0.265625,-0.6590980043692862,5.78125,-0.8000544164039579,-0.04489127034465989,0.9434076016956029,0.029411764705882353,0.46875,1.0,0.98828125,0.97265625,0.953125,0.9375,0.9296875,0.984220658798011,0.9839224156566989,0.4063869118690491,0.7086094617843628,0.3022225797176361,256,music_notation,1,13,16,C
0.3671875,-0.48667169973883356,5.86328125,0.8379432458442116,0.9853293493418014,0.9069016514004247,0.0,0.265625,1.0,0.99609375,0.9921875,0.984375,0.9609375,0.9296875,0.9831448178010672,0.8773747569675738,0.29277855157852173,0.5824957489967346,0.2897171974182129,256,music_notation,1,14,4,C
0.29296875,-1.1284034566038226,5.87890625,0.46943483507232503,0.42217532026580007,0.7857266114005282,0.0,0.4140625,1.0,0.9921875,0.98046875,0.97265625,0.96875,0.96484375,0.993231405454032,0.9401580794561831,0.29277855157852173,0.5824957489967346,0.2897171974182129,256,music_notation,1,14,8,C
0.234375,-1.7264631936312886,5.87109375,0.19353368172190874,-0.04489127034465989,0.7828631933750918,0.0,0.53125,1.0,0.98828125,0.9765625,0.97265625,0.96875,0.96484375,0.9944122224404172,0.926412410386198,0.29277855157852173,0.5824957489967346,0.2897171974182129,256,music_notation,1,14,16,C
0.34375,-1.3661988679415467,5.84765625,0.778068773115079,0.9853293493418014,1.110178476669622,0.0,0.3125,1.0,0.99609375,0.9921875,0.98046875,0.953125,0.92578125,0.9815156847784162,0.9130020789092627,0.42823827266693115,0.8875279426574707,0.4592896103858948,256,music_notation,1,15,4,C
0.3203125,-0.0835854412299131,5.58984375,-1.5201515220497814,-0.7188390588309576,1.0704312599010264,0.0,0.359375,1.0,0.9763779527559056,0.952755905511811,0.9330708661417323,0.9015748031496063,0.8700787401574803,0.9718296168537984,0.9872890141740382,0.42823827266693115,0.8875279426574707,0.4592896103858948,256,music_notation,1,15,8,C
0.24609375,-1.3262012476580378,5.8515625,-0.022463730914149244,-0.04489127034465989,0.7651165965361998,0.031746031746031744,0.5078125,1.0,0.98828125,0.9765625,0.96875,0.9609375,0.95703125,0.9919930340692333,0.9723005735720311,0.42823827266693115,0.8875279426574707,0.4592896103858948,256,music_notation,1,15,16,C
0.3359375,-1.6593745906757844,5.54296875,-0.3894834451030076,-0.22164424116597453,0.9072784617480057,0.0,0.328125,1.0,0.9721115537848606,0.9601593625498008,0.9402390438247012,0.9043824701195219,0.8764940239043825,0.9736602773637096,0.9640176302765139,0.35287052392959595,0.6962113380432129,0.34334081411361694,256,music_notation,1,16,4,C
0.36328125,1.5582714400719448,5.60546875,-1.4126063135566946,-1.2893462483793363,0.9101067413634693,0.0,0.2734375,1.0,0.9722222222222222,0.9523809523809523,0.9325396825396826,0.9206349206349206,0.9166666666666666,0.9849560528787346,0.9472518374124118,0.35287052392959595,0.6962113380432129,0.34334081411361694,256,music_notation,1,16,8,C
0.2265625,-1.9933044909467892,5.87890625,0.27993264677633195,0.32920264919415837,1.1032822877506943,0.0,0.546875,1.0,0.9921875,0.98046875,0.97265625,0.96875,0.96484375,0.993231405454032,0.9401580794561831,0.35287052392959595,0.6962113380432129,0.34334081411361694,256,music_notation,1,16,16,C
0.32421875,-2.099138174777141,5.91015625,1.0175666640316097,0.9853293493418014,1.0915497160313052,0.0,0.3515625,1.0,0.99609375,0.9921875,0.98828125,0.9765625,0.95703125,0.990457420315849,0.8803104743248519,0.4313341975212097,0.8410758972167969,0.40974175930023193,256,music_notation,1,17,4,C
0.28125,-1.5761826060497839,5.80078125,-0.06829120739310916,-0.14833186928257872,0.9615066265458728,0.013888888888888888,0.4375,1.0,0.984313725490196,0.9686274509803922,0.9607843137254902,0.9568627450980393,0.9529411764705882,0.9923292611458068,0.9051343051942694,0.4313341975212097,0.8410758972167969,0.40974175930023193,256,music_notation,1,17,8,C
0.28125,-0.125415409738285,5.83984375,-0.15206217849578402,0.32920264919415837,0.8982860219259693,0.041666666666666664,0.4375,1.0,0.9921875,0.98046875,0.96484375,0.953125,0.94921875,0.9883849455453961,0.9700185155738725,0.4313341975212097,0.8410758972167969,0.40974175930023193,256,music_notation,1,17,16,C
0.33203125,-1.8059624520429032,5.94140625,1.1373156094898749,0.9853293493418014,1.1643811974243965,0.0,0.3359375,1.0,0.99609375,0.9921875,0.98828125,0.984375,0.98046875,0.9960551622400232,0.9999945318250933,0.31731605529785156,0.5399129390716553,0.2225968837738037,256,music_notation,1,18,4,C
0.28125,-1.5761826060497839,5.875,0.44254853294905333,0.42217532026580007,0.9700727976908016,0.0,0.4375,1.0,0.9921875,0.98046875,0.97265625,0.96875,0.9609375,0.9924258639190585,0.9717680527302323,0.31731605529785156,0.5399129390716553,0.2225968837738037,256,music_notation,1,18,8,C
0.2890625,0.14142588757721564,5.78515625,-0.7568549338767464,-0.04489127034465989,1.086014683580546,0.013513513513513514,0.421875,1.0,0.98828125,0.96875,0.953125,0.94140625,0.93359375,0.9858526589822348,0.9747265297946213,0.31731605529785156,0.5399129390716553,0.2225968837738037,256,music_notation,1,18,16,C
0.3515625,-1.073023145207309,5.89453125,0.957692191302477,0.9853293493418014,1.0618173100868151,0.0,0.296875,1.0,0.99609375,0.9921875,0.98828125,0.96875,0.94921875,0.9880411103351838,0.8866543014075059,0.5168569684028625,0.8199208974838257,0.30306386947631836,256,music_notation,1,19,4,C
0.2734375,-1.874702039013758,5.78125,-0.2027227180094677,0.42217532026580007,1.1118053386771944,0.014285714285714285,0.453125,1.0,0.9921875,0.97265625,0.94921875,0.9375,0.9296875,0.9834444585743732,0.9642551504749506,0.5168569684028625,0.8199208974838257,0.30306386947631836,256,music_notation,1,19,8,C
0.2265625,-1.9933044909467892,5.75390625,-1.102450794094439,0.32920264919415837,0.9940623722885803,0.05172413793103448,0.546875,1.0,0.9921875,0.97265625,0.9453125,0.92578125,0.91796875,0.9797194477510994,0.9739282462739889,0.5168569684028625,0.8199208974838257,0.30306386947631836,256,music_notation,1,19,16,C
0.33984375,-1.5127867293086656,5.92578125,1.0774411367607424,0.9853293493418014,0.9510274202047948,0.011494252873563218,0.3203125,1.0,0.99609375,0.9921875,0.98828125,0.98046875,0.96875,0.9932676717632941,0.9364511861910951,0.3337412476539612,0.638329029083252,0.304587721824646,256,music_notation,1,20,4,C
0.30859375,-0.5313645906758744,5.87890625,0.46943483507232503,0.42217532026580007,0.8896602571146559,0.0,0.3828125,1.0,0.9921875,0.98046875,0.97265625,0.96875,0.96484375,0.993231405454032,0.9401580794561831,0.3337412476539612,0.638329029083252,0.304587721824646,256,music_notation,1,20,8,C
0.23828125,-1.5930425449735384,5.8515625,-0.022463730914149244,0.7032965687329766,0.8621832751799352,0.0,0.5234375,1.0,0.99609375,0.98828125,0.96875,0.953125,0.9453125,0.9860114714231523,0.9788010407273761,0.3337412476539612,0.638329029083252,0.304587721824646,256,music_notation,1,20,16,C
0.3671875,-0.48667169973883356,5.89453125,0.957692191302477,0.9853293493418014,1.0527094334335476,0.0,0.265625,1.0,0.99609375,0.9921875,0.984375,0.96875,0.953125,0.9888529775857997,0.9400957142937522,0.46665963530540466,0.6549407243728638,0.1882810890674591,256,music_notation,1,21,4,C
0.34375,0.8119728576620093,5.67578125,-0.9286528753378038,-0.7188390588309576,0.9977196583979401,0.0,0.3125,1.0,0.9763779527559056,0.952755905511811,0.937007874015748,0.9291338582677166,0.9251968503937008,0.9868085415899427,0.9115386435172615,0.46665963530540466,0.6549407243728638,0.1882810890674591,256,music_notation,1,21,8,C
0.26953125,-0.5256773557115358,5.90625,0.5823290244668131,0.32920264919415837,1.056001921603026,0.028985507246376812,0.4609375,1.0,0.9921875,0.984375,0.98046875,0.9765625,0.97265625,0.9952382820213871,0.9739216617740921,0.46665963530540466,0.6549407243728638,0.1882810890674591,256,music_notation,1,21,16,C
0.40234375,0.832619052565236,5.90625,1.0025980458493264,0.9853293493418014,0.7724310161031651,0.0,0.1953125,1.0,0.99609375,0.9921875,0.984375,0.97265625,0.9609375,0.9908674187692903,0.9638326938154764,0.3769761323928833,0.7060052156448364,0.3290290832519531,256,music_notation,1,22,4,C
0.2890625,-1.2776631730858097,5.9140625,0.7114115541817704,0.612344383448593,0.8095238095238095,0.0,0.421875,1.0,0.99609375,0.98828125,0.98046875,0.9765625,0.97265625,0.9940627089652826,0.9708543259014171,0.3769761323928833,0.7060052156448364,0.3290290832519531,256,music_notation,1,22,8,C
0.2734375,-0.39225670705378557,5.921875,0.7551269545756595,0.7032965687329766,0.953399023963035,0.0,0.453125,1.0,0.99609375,0.9921875,0.984375,0.9765625,0.97265625,0.9936706506001096,0.9846095996310225,0.3769761323928833,0.7060052156448364,0.3290290832519531,256,music_notation,1,22,16,C
0.375,-0.1934959770045959,5.87109375,0.867880482208778,0.9853293493418014,0.8891344105364498,0.0,0.25,1.0,0.99609375,0.9921875,0.984375,0.9609375,0.9375,0.9847916357745814,0.9037400454973393,0.45319291949272156,0.8307880759239197,0.3775951862335205,256,music_notation,1,23,4,C
0.34375,0.8119728576620093,5.87890625,0.46943483507232503,0.42217532026580007,1.1364674533978854,0.0,0.3125,1.0,0.9921875,0.98046875,0.97265625,0.96875,0.96484375,0.993231405454032,0.9401580794561831,0.45319291949272156,0.8307880759239197,0.3775951862335205,256,music_notation,1,23,8,C
0.25,-1.1927805990002873,5.87890625,0.27993264677633195,0.32920264919415837,0.9513758470654675,0.0,0.5,1.0,0.9921875,0.98046875,0.97265625,0.96875,0.96484375,0.993231405454032,0.9401580794561831,0.45319291949272156,0.8307880759239197,0.3775951862335205,256,music_notation,1,23,16,C
0.34765625,-1.219611006574428,5.83984375,0.7481315367505127,0.9853293493418014,1.0925493123882328,0.0,0.3046875,1.0,0.99609375,0.9921875,0.98046875,0.94921875,0.921875,0.9802833363357193,0.9099779211562015,0.3851238489151001,0.8874868750572205,0.5023629665374756,256,music_notation,1,24,4,C
0.30859375,-0.5313645906758744,5.87890625,0.46943483507232503,0.42217532026580007,0.9046893272405157,0.0,0.3828125,1.0,0.9921875,0.98046875,0.97265625,0.96875,0.96484375,0.993231405454032,0.9401580794561831,0.3851238489151001,0.8874868750572205,0.5023629665374756,256,music_notation,1,24,8,C
0.26171875,-0.7925186530270365,5.87890625,0.27993264677633195,0.32920264919415837,0.9785773280010276,0.014925373134328358,0.4765625,1.0,0.9921875,0.98046875,0.97265625,0.96875,0.96484375,0.993231405454032,0.9401580794561831,0.3851238489151001,0.8874868750572205,0.5023629665374756,256,music_notation,1,24,16,C
0.35546875,-0.9264352838401901,5.82421875,0.6882570640213801,0.9853293493418014,0.9890564795615354,0.0,0.2890625,1.0,0.99609375,0.9921875,0.984375,0.94921875,0.90234375,0.9760939379557209,0.8426539777636273,0.4137590527534485,0.8767843842506409,0.4630253314971924,256,music_notation,1,25,4,C
0.29296875,-1.1284034566038226,5.86328125,0.3618896265792382,0.42217532026580007,0.9506203095451894,0.013333333333333334,0.4140625,1.0,0.9921875,0.98046875,0.97265625,0.96484375,0.953125,0.9904066440774625,0.9930549357196329,0.4137590527534485,0.8767843842506409,0.4630253314971924,256,music_notation,1,25,8,C
0.28125,-0.125415409738285,5.875,0.23673316424912033,0.7032965687329766,0.8103497187428812,0.013888888888888888,0.4375,1.0,0.99609375,0.9921875,0.98046875,0.9609375,0.9453125,0.9864275112996502,0.9518953996653203,0.4137590527534485,0.8767843842506409,0.4630253314971924,256,music_notation,1,25,16,C
0.35546875,-0.9264352838401901,5.91015625,1.0175666640316097,0.9853293493418014,1.083064849058752,0.0,0.2890625,1.0,0.99609375,0.9921875,0.98828125,0.9765625,0.95703125,0.990457420315849,0.8803104743248519,0.4629720449447632,0.8203325271606445,0.35736048221588135,256,music_notation,1,26,4,C
0.23828125,-3.218039487351642,5.83203125,0.1467992095930645,0.42217532026580007,0.925548486034092,0.04918032786885246,0.5234375,1.0,0.9921875,0.9765625,0.9609375,0.953125,0.94921875,0.9887795896840558,0.9444887457413844,0.4629720449447632,0.8203325271606445,0.35736048221588135,256,music_notation,1,26,8,C
0.26953125,-0.5256773557115358,5.8828125,0.3231321293035435,0.7032965687329766,1.0040722875824175,0.014492753623188406,0.4609375,1.0,0.99609375,0.98828125,0.9765625,0.96484375,0.95703125,0.9896527231075642,0.9940949087675385,0.4629720449447632,0.8203325271606445,0.35736048221588135,256,music_notation,1,26,16,C
0.3984375,0.6860311911981172,5.69140625,0.17932404582375255,0.3269801181557418,0.9947402188742462,0.0,0.203125,1.0,0.9803149606299213,0.9606299212598425,0.9409448818897638,0.9291338582677166,0.9251968503937008,0.9852034425360755,0.9472087158737056,0.39729300141334534,0.6407853960990906,0.24349239468574524,256,music_notation,1,27,4,C
0.3125,-0.3821048741938873,5.26953125,-3.7248282961580617,-3.7615440697556446,0.9014344029380743,0.0,0.375,1.0,0.9354838709677419,0.8911290322580645,0.875,0.8709677419354839,0.8669354838709677,0.9826440815611454,0.7872890256735312,0.39729300141334534,0.6407853960990906,0.24349239468574524,256,music_notation,1,27,8,C
0.25390625,-1.059359950342537,5.87109375,0.19353368172190874,0.32920264919415837,0.799187039693594,0.0,0.4921875,1.0,0.9921875,0.984375,0.9765625,0.96484375,0.953125,0.9900129219802204,0.9877470728600285,0.39729300141334534,0.6407853960990906,0.24349239468574524,256,music_notation,1,27,16,C
0.375,-0.1934959770045959,5.73828125,0.3589474640111505,0.9853293493418014,0.9282583269522037,0.0,0.25,1.0,0.99609375,0.9921875,0.97265625,0.91796875,0.859375,0.9633850767965608,0.878729853640378,0.2957962453365326,0.5762960910797119,0.28049981594085693,256,music_notation,1,28,4,C
0.375,2.006050589517906,5.765625,-0.3102679265025545,0.42217532026580007,0.8183441056517988,0.0,0.25,1.0,0.9921875,0.98046875,0.96484375,0.93359375,0.89453125,0.9747040510819847,0.9358751098626773,0.2957962453365326,0.5762960910797119,0.28049981594085693,256,music_notation,1,28,8,C
0.3359375,1.7424736714702194,5.8984375,0.4959300594123899,0.32920264919415837,0.741607108617853,0.0,0.328125,1.0,0.9921875,0.984375,0.98046875,0.9765625,0.96484375,0.9936343441389749,0.9540386822183822,0.2957962453365326,0.5762960910797119,0.28049981594085693,256,music_notation,1,28,16,C
0.35546875,-0.9264352838401901,5.90234375,0.9876294276670433,0.9853293493418014,0.7458738197050524,0.0,0.2890625,1.0,0.99609375,0.9921875,0.98828125,0.97265625,0.953125,0.9892509869635201,0.8861109663195327,0.3925849199295044,0.7426794767379761,0.35009467601776123,256,music_notation,1,29,4,C
0.3515625,1.1104922906259835,5.6953125,-0.7942213647214453,0.42217532026580007,0.7603535029321394,0.0,0.296875,1.0,0.9921875,0.96875,0.9453125,0.91796875,0.87109375,0.9690715582315675,0.9679535488437928,0.3925849199295044,0.7426794767379761,0.35009467601776123,256,music_notation,1,29,8,C
0.2890625,0.14142588757721564,5.81640625,-0.4112590736590536,0.32920264919415837,0.7978513224926055,0.0,0.421875,1.0,0.9921875,0.9765625,0.9609375,0.94921875,0.9375,0.985921032639696,0.9954369011227038,0.3925849199295044,0.7426794767379761,0.35009467601776123,256,music_notation,1,29,16,C
0.3671875,-0.48667169973883356,5.63671875,-0.030236608728211715,0.6561547337487716,0.8671409187624965,0.0,0.265625,1.0,0.9882352941176471,0.9764705882352941,0.9568627450980393,0.8941176470588236,0.8431372549019608,0.960242964397267,0.9123190547830538,0.3822915852069855,0.8466423749923706,0.4643508195877075,256,music_notation,2,0,4,C
0.30078125,-0.8298840236398485,5.87890625,0.46943483507232503,0.612344383448593,1.16786300566462,0.012987012987012988,0.3984375,1.0,0.99609375,0.9921875,0.98046875,0.9609375,0.94921875,0.987241396492548,0.9575082936499935,0.3822915852069855,0.8466423749923706,0.4643508195877075,256,music_notation,2,0,8,C
0.3125,0.9419497795237175,5.78515625,-0.7568549338767464,0.7032965687329766,0.8701060643118212,0.0,0.375,1.0,0.99609375,0.9921875,0.97265625,0.9296875,0.89453125,0.9723741042482276,0.9166351592310218,0.3822915852069855,0.8466423749923706,0.4643508195877075,256,music_notation,2,0,16,C
0.390625,0.39285546846387953,5.82421875,0.6882570640213801,0.9853293493418014,0.9811641717948008,0.0,0.21875,1.0,0.99609375,0.9921875,0.97265625,0.94140625,0.921875,0.9794735148917947,0.9472287120027422,0.4092249870300293,0.6973755359649658,0.2881505489349365,256,music_notation,2,1,4,C
0.35546875,1.2597520071079706,5.8515625,0.2812307202094231,0.612344383448593,0.8976413537710928,0.0,0.2890625,1.0,0.99609375,0.9921875,0.98046875,0.95703125,0.92578125,0.9819172053509685,0.9025581798697601,0.4092249870300293,0.6973755359649658,0.2881505489349365,256,music_notation,2,1,8,C
0.30859375,0.8085291308659671,5.89453125,0.4527305768851783,0.32920264919415837,0.9356241354980446,0.012658227848101266,0.3828125,1.0,0.9921875,0.984375,0.98046875,0.97265625,0.96484375,0.9932361731669301,0.9893270465499124,0.4092249870300293,0.6973755359649658,0.2881505489349365,256,music_notation,2,1,16,C
0.3671875,-0.48667169973883356,5.91796875,1.047503900396176,0.9853293493418014,1.105925856465975,0.0,0.265625,1.0,0.99609375,0.9921875,0.98828125,0.9765625,0.96484375,0.9920692391311882,0.9328369922955833,0.4239940047264099,0.7672961354255676,0.34330207109451294,256,music_notation,2,2,4,C
0.33203125,0.36419370821604813,5.56640625,-1.6814693347894116,-1.0991771851965433,0.8445745307536864,0.0,0.3359375,1.0,0.9723320158102767,0.9486166007905138,0.924901185770751,0.9011857707509882,0.8853754940711462,0.9764161246069195,0.9961942853160219,0.4239940047264099,0.7672961354255676,0.34330207109451294,256,music_notation,2,2,8,C
0.31640625,1.0753704281814678,5.921875,0.7551269545756595,0.7032965687329766,0.8106272594142739,0.0,0.3671875,1.0,0.99609375,0.9921875,0.984375,0.9765625,0.97265625,0.9936706506001096,0.9846095996310225,0.4239940047264099,0.7672961354255676,0.34330207109451294,256,music_notation,2,2,16,C
0.375,-0.1934959770045959,5.38671875,-0.9882281723943341,-1.209168087945064,0.920754892843645,0.0,0.25,1.0,0.9475806451612904,0.9233870967741935,0.9112903225806451,0.8951612903225806,0.8830645161290323,0.9829399796570674,0.9850010491888335,0.3824009895324707,0.863169252872467,0.4807683825492859,256,music_notation,2,3,4,C
0.33984375,0.6627131411800223,5.91015625,0.6845252520584987,0.612344383448593,0.860493209914235,0.0,0.3203125,1.0,0.99609375,0.9921875,0.984375,0.97265625,0.96484375,0.9916716953308852,0.9748654282796898,0.3824009895324707,0.863169252872467,0.4807683825492859,256,music_notation,2,3,8,C
0.27734375,-0.2588360583960353,5.87109375,0.19353368172190874,-0.04489127034465989,0.9997795171398622,0.0,0.4453125,1.0,0.98828125,0.9765625,0.97265625,0.96875,0.96484375,0.9944122224404172,0.926412410386198,0.3824009895324707,0.863169252872467,0.4807683825492859,256,music_notation,2,3,16,C
0.33203125,-1.8059624520429032,5.3515625,-1.1229457360348825,-1.4286178316737506,1.0106096901819706,0.0,0.3359375,1.0,0.9471544715447154,0.9308943089430894,0.9146341463414634,0.8943089430894309,0.8821138211382114,0.9819276340807308,0.9960256198040144,0.3367259204387665,0.6351731419563293,0.2984471917152405,256,music_notation,2,4,4,C
0.2890625,-1.2776631730858097,5.71484375,-0.6597898541050867,0.612344383448593,1.1389065418898503,0.04054054054054054,0.421875,1.0,0.99609375,0.98046875,0.94140625,0.90625,0.890625,0.9701979656709356,0.9777377657405004,0.3367259204387665,0.6351731419563293,0.2984471917152405,256,music_notation,2,4,8,C
0.23828125,-1.5930425449735384,5.921875,0.7551269545756595,0.7032965687329766,1.037072803616024,0.03278688524590164,0.5234375,1.0,0.99609375,0.9921875,0.984375,0.9765625,0.97265625,0.9936706506001096,0.9846095996310225,0.3367259204387665,0.6351731419563293,0.2984471917152405,256,music_notation,2,4,16,C
0.34375,-1.3661988679415467,5.79296875,0.5685081185631148,0.6561547337487716,0.9213035966886624,0.0,0.3125,1.0,0.9882352941176471,0.9764705882352941,0.9647058823529412,0.9490196078431372,0.9372549019607843,0.9866453511331339,0.9967999319328206,0.32750362157821655,0.7600619792938232,0.4325583279132843,256,music_notation,2,5,4,C
0.3046875,-0.6806243071578614,5.91015625,0.6845252520584987,0.612344383448593,0.9255612363317537,0.0,0.390625,1.0,0.99609375,0.9921875,0.984375,0.97265625,0.96484375,0.9916716953308852,0.9748654282796898,0.32750362157821655,0.7600619792938232,0.4325583279132843,256,music_notation,2,5,8,C
0.32421875,1.3422117254969683,5.5546875,-3.3056244029822306,-2.6635487071163877,0.7153218124721636,0.0,0.3515625,1.0,0.968503937007874,0.937007874015748,0.9133858267716536,0.8937007874015748,0.8858267716535433,0.97767468973357,0.9622979112505541,0.32750362157821655,0.7600619792938232,0.4325583279132843,256,music_notation,2,5,16,C
0.4140625,1.2723826366665927,5.81640625,0.6583198276568137,0.9853293493418014,0.6964024906227522,0.0,0.171875,1.0,0.99609375,0.9921875,0.984375,0.9453125,0.8984375,0.9748452862611275,0.8458325998057421,0.4135115146636963,0.7055978775024414,0.29208624362945557,256,music_notation,2,6,4,C
0.36328125,1.5582714400719448,5.91015625,0.6845252520584987,0.612344383448593,0.7128092537206809,0.0,0.2734375,1.0,0.99609375,0.9921875,0.984375,0.97265625,0.96484375,0.9916716953308852,0.9748654282796898,0.4135115146636963,0.7055978775024414,0.29208624362945557,256,music_notation,2,6,8,C
0.29296875,0.2748465362349659,5.87109375,0.19353368172190874,-0.04489127034465989,1.1838643754760645,0.0,0.4140625,1.0,0.98828125,0.9765625,0.97265625,0.96875,0.96484375,0.9944122224404172,0.926412410386198,0.4135115146636963,0.7055978775024414,0.29208624362945557,256,music_notation,2,6,16,C
0.36328125,-0.6332595611059524,5.80859375,0.6283825912922474,0.9853293493418014,0.8787991807005738,0.0,0.2734375,1.0,0.99609375,0.98828125,0.97265625,0.94140625,0.91015625,0.9773560378336937,0.9377396799571384,0.33814457058906555,0.5685697793960571,0.23042523860931396,256,music_notation,2,7,4,C
0.30859375,-0.5313645906758744,5.57421875,-1.6276967305428682,-0.9090081220137505,0.9515242125194093,0.0,0.3828125,1.0,0.9724409448818898,0.9409448818897638,0.9173228346456693,0.9015748031496063,0.8858267716535433,0.9773291923038236,0.9787239493981683,0.33814457058906555,0.5685697793960571,0.23042523860931396,256,music_notation,2,7,8,C
0.296875,0.40826718489271624,5.625,-2.5280337174924217,-1.5412669484999328,1.0217706075055748,0.013157894736842105,0.40625,1.0,0.9764705882352941,0.9450980392156862,0.9215686274509803,0.9058823529411765,0.8980392156862745,0.9792345334140478,0.9516291009234141,0.33814457058906555,0.5685697793960571,0.23042523860931396,256,music_notation,2,7,16,C
0.3828125,0.09967974572964182,5.91796875,1.047503900396176,0.9853293493418014,0.8512936658672147,0.0,0.234375,1.0,0.99609375,0.9921875,0.98828125,0.9765625,0.96484375,0.9920692391311882,0.9328369922955833,0.5016046762466431,0.8447518348693848,0.3431471586227417,256,music_notation,2,8,4,C
0.31640625,-0.23284515771190017,5.87890625,0.46943483507232503,0.42217532026580007,0.7890341918499408,0.0,0.3671875,1.0,0.9921875,0.98046875,0.97265625,0.96875,0.96484375,0.993231405454032,0.9401580794561831,0.5016046762466431,0.8447518348693848,0.3431471586227417,256,music_notation,2,8,8,C
0.2578125,-0.9259393016847868,5.921875,0.7551269545756595,0.7032965687329766,0.8979653852995886,0.015151515151515152,0.484375,1.0,0.99609375,0.9921875,0.984375,0.9765625,0.97265625,0.9936706506001096,0.9846095996310225,0.5016046762466431,0.8447518348693848,0.3431471586227417,256,music_notation,2,8,16,C
0.359375,-0.7798474224730713,5.81640625,0.6583198276568137,0.9853293493418014,1.2359676371167652,0.0,0.28125,1.0,0.99609375,0.9921875,0.984375,0.9453125,0.8984375,0.9748452862611275,0.8458325998057421,0.3181370496749878,0.6227758526802063,0.3046388030052185,256,music_notation,2,9,4,C
0.296875,-0.9791437401218356,5.87109375,0.41566223082578163,0.612344383448593,1.3000265145779217,0.0,0.40625,1.0,0.99609375,0.9921875,0.984375,0.96484375,0.93359375,0.9843688627202745,0.873335787772693,0.3181370496749878,0.6227758526802063,0.3046388030052185,256,music_notation,2,9,8,C
0.29296875,0.2748465362349659,5.828125,-0.2816606260774188,0.7032965687329766,0.9754731502227065,0.0,0.4140625,1.0,0.99609375,0.9921875,0.97265625,0.9453125,0.921875,0.9798791785491568,0.9486799695465004,0.3181370496749878,0.6227758526802063,0.3046388030052185,256,music_notation,2,9,16,C
0.4140625,1.2723826366665927,5.90234375,0.9876294276670433,0.9853293493418014,0.6744479223779996,0.0,0.171875,1.0,0.99609375,0.9921875,0.98828125,0.97265625,0.953125,0.9892509869635201,0.8861109663195327,0.3367428183555603,0.9710655212402344,0.6343227028846741,256,music_notation,2,10,4,C
0.3515625,1.1104922906259835,5.87109375,0.41566223082578163,0.612344383448593,0.8123387762456398,0.0,0.296875,1.0,0.99609375,0.9921875,0.9765625,0.95703125,0.94921875,0.9868393428384692,0.9615050483602635,0.3367428183555603,0.9710655212402344,0.6343227028846741,256,music_notation,2,10,8,C
0.32421875,1.3422117254969683,5.87109375,0.19353368172190874,0.7032965687329766,0.7630674937382669,0.0,0.3515625,1.0,0.99609375,0.9921875,0.9765625,0.95703125,0.94921875,0.9868393428384692,0.9615050483602635,0.3367428183555603,0.9710655212402344,0.6343227028846741,256,music_notation,2,10,16,C
0.4296875,1.858734082135068,5.86328125,0.8379432458442116,0.9853293493418014,0.7819565205303938,0.0,0.140625,1.0,0.99609375,0.9921875,0.98828125,0.9609375,0.92578125,0.982317253649893,0.8371786574342086,0.4396204352378845,0.8536072373390198,0.41398680210113525,256,music_notation,2,11,4,C
0.28125,-1.5761826060497839,5.87890625,0.46943483507232503,0.612344383448593,0.7625766538294108,0.0,0.4375,1.0,0.99609375,0.9921875,0.984375,0.96484375,0.94140625,0.986010854940546,0.9052576574619962,0.4396204352378845,0.8536072373390198,0.41398680210113525,256,music_notation,2,11,8,C
0.28125,-0.125415409738285,5.8359375,-0.19526166102299564,0.7032965687329766,0.8907066615691871,0.0,0.4375,1.0,0.99609375,0.9921875,0.97265625,0.9453125,0.9296875,0.9815343893021715,0.955216533073651,0.4396204352378845,0.8536072373390198,0.41398680210113525,256,music_notation,2,11,16,C
0.3984375,0.6860311911981172,5.4296875,-0.8235733723892193,0.3269801181557418,0.7889638775001047,0.0,0.203125,1.0,0.9803149606299213,0.9606299212598425,0.9133858267716536,0.8385826771653543,0.7795275590551181,0.9423064120501204,0.9558730802492085,0.36954307556152344,0.7364932298660278,0.3669501841068268,256,music_notation,2,12,4,C
0.33203125,0.36419370821604813,5.91015625,0.6845252520584987,0.612344383448593,0.738813937836432,0.0,0.3359375,1.0,0.99609375,0.9921875,0.984375,0.97265625,0.96484375,0.9916716953308852,0.9748654282796898,0.36954307556152344,0.7364932298660278,0.3669501841068268,256,music_notation,2,12,8,C
0.30078125,0.5416878335504666,5.26953125,-6.459186627468677,-6.778581822043388,0.8814330240050762,0.03896103896103896,0.3984375,1.0,0.94,0.892,0.868,0.852,0.844,0.9742050862150382,0.9107554571633969,0.36954307556152344,0.7364932298660278,0.3669501841068268,256,music_notation,2,12,16,C
0.37109375,-0.34008383837171474,5.88671875,0.9277549549379107,0.9853293493418014,0.8903752018110119,0.0,0.2578125,1.0,0.99609375,0.9921875,0.98828125,0.96875,0.94140625,0.9864093242002642,0.8536630637939726,0.4437011778354645,0.8842594623565674,0.4405582547187805,256,music_notation,2,13,4,C
0.3046875,-0.6806243071578614,5.8046875,-0.04140490526983746,0.42217532026580007,1.0757267223338631,0.01282051282051282,0.390625,1.0,0.9921875,0.98046875,0.96484375,0.94140625,0.92578125,0.9822391902045068,0.9863673184809038,0.4437011778354645,0.8842594623565674,0.4405582547187805,256,music_notation,2,13,8,C
0.29296875,0.2748465362349659,5.8359375,-0.19526166102299564,0.32920264919415837,0.8795212170133354,0.05333333333333334,0.4140625,1.0,0.9921875,0.9765625,0.96484375,0.95703125,0.9453125,0.9883685950413166,0.9883870018265681,0.4437011778354645,0.8842594623565674,0.4405582547187805,256,music_notation,2,13,16,C
0.30859375,-2.685489620245616,5.87109375,0.867880482208778,0.9853293493418014,1.1255458040484774,0.0,0.3828125,1.0,0.99609375,0.9921875,0.984375,0.9609375,0.9375,0.9847916357745814,0.9037400454973393,0.3536922335624695,0.7380049228668213,0.3843127191066742,256,music_notation,2,14,4,C
0.27734375,-1.725442322531771,5.53515625,-1.8965597517755854,-1.2893462483793363,0.844748483277715,0.014084507042253521,0.4453125,1.0,0.9722222222222222,0.9444444444444444,0.9166666666666666,0.9007936507936508,0.8888888888888888,0.9776001888800236,0.9723670899084392,0.3536922335624695,0.7380049228668213,0.3843127191066742,256,music_notation,2,14,8,C
0.25,-1.1927805990002873,5.9140625,0.6687279895212362,0.7032965687329766,1.1464588959051256,0.0,0.5,1.0,0.99609375,0.9921875,0.984375,0.9765625,0.96484375,0.9920692391311882,0.9694201069828229,0.3536922335624695,0.7380049228668213,0.3843127191066742,256,music_notation,2,14,16,C
0.34375,-1.3661988679415467,5.90234375,0.9876294276670433,0.9853293493418014,0.8626595768082238,0.0,0.3125,1.0,0.99609375,0.9921875,0.98828125,0.97265625,0.953125,0.9892509869635201,0.8861109663195327,0.37097716331481934,0.7307758331298828,0.3597986698150635,256,music_notation,2,15,4,C
0.35546875,1.2597520071079706,5.88671875,0.5232074393188685,0.612344383448593,0.8543843047004145,0.0,0.2890625,1.0,0.99609375,0.9921875,0.98046875,0.96484375,0.953125,0.9884535211894723,0.9677317103484744,0.37097716331481934,0.7307758331298828,0.3597986698150635,256,music_notation,2,15,8,C
0.2578125,-0.9259393016847868,5.88671875,0.36633161183075513,0.7032965687329766,0.8629338600080915,0.015151515151515152,0.484375,1.0,0.99609375,0.9921875,0.98046875,0.96484375,0.953125,0.9884535211894723,0.9677317103484744,0.37097716331481934,0.7307758331298828,0.3597986698150635,256,music_notation,2,15,16,C
0.39453125,0.5394433298309984,5.81640625,0.6583198276568137,0.9853293493418014,0.8376069831962121,0.0,0.2109375,1.0,0.99609375,0.9921875,0.984375,0.9453125,0.8984375,0.9748452862611275,0.8458325998057421,0.3745895028114319,0.7636125087738037,0.3890230059623718,256,music_notation,2,16,4,C
0.30078125,-0.8298840236398485,5.80078125,-0.06829120739310916,0.612344383448593,0.9755081247877277,0.012987012987012988,0.3984375,1.0,0.99609375,0.98828125,0.96875,0.9375,0.91015625,0.9769497366773472,0.9554434760602053,0.3745895028114319,0.7636125087738037,0.3890230059623718,256,music_notation,2,16,8,C
0.24609375,-1.3262012476580378,5.80859375,-0.4976580387134768,0.7032965687329766,1.083718613047356,0.031746031746031744,0.5078125,1.0,0.99609375,0.9921875,0.96875,0.93359375,0.91796875,0.9778268420794588,0.9474718304154574,0.3745895028114319,0.7636125087738037,0.3890230059623718,256,music_notation,2,16,16,C
0.3828125,0.09967974572964182,5.44921875,-0.7487302814778035,-0.22164424116597453,0.9492196334980386,0.0,0.234375,1.0,0.9721115537848606,0.9561752988047809,0.9322709163346613,0.8764940239043825,0.8207171314741036,0.958333396026648,0.93055119135483,0.38693001866340637,0.7468050718307495,0.3598750829696655,256,music_notation,2,17,4,C
0.30078125,-0.8298840236398485,5.890625,0.5500937414421402,0.612344383448593,0.9454344268830737,0.03896103896103896,0.3984375,1.0,0.99609375,0.9921875,0.98046875,0.96484375,0.95703125,0.9892624040409589,0.9687891736185322,0.38693001866340637,0.7468050718307495,0.3598750829696655,256,music_notation,2,17,8,C
0.203125,-2.7938283828932913,5.890625,0.4095310943579667,0.7032965687329766,0.768396474848651,0.0,0.59375,1.0,0.99609375,0.9921875,0.98046875,0.96484375,0.95703125,0.9892624040409589,0.9687891736185322,0.38693001866340637,0.7468050718307495,0.3598750829696655,256,music_notation,2,17,16,C
0.3125,-2.5389017588784974,5.64453125,-0.000299372363645391,0.3269801181557418,1.2006448146623314,0.0,0.375,1.0,0.9803149606299213,0.9645669291338582,0.952755905511811,0.9173228346456693,0.8740157480314961,0.9724106555434654,0.9259049204468757,0.43955743312835693,0.7308275699615479,0.2912701666355133,256,music_notation,2,18,4,C
0.25390625,-2.6210006214236934,5.890625,0.5500937414421402,0.612344383448593,0.8424293132501091,0.0,0.4921875,1.0,0.99609375,0.9921875,0.984375,0.96875,0.94921875,0.9880411103351838,0.9229723487935574,0.43955743312835693,0.7308275699615479,0.2912701666355133,256,music_notation,2,18,8,C
0.21875,-2.2601457882622897,5.83984375,-0.15206217849578402,0.7032965687329766,0.995268807910707,0.0,0.5625,1.0,0.99609375,0.9921875,0.97265625,0.94921875,0.9296875,0.9819392297915904,0.9587829019844633,0.43955743312835693,0.7308275699615479,0.2912701666355133,256,music_notation,2,18,16,C
0.3984375,0.6860311911981172,4.86328125,-2.9940230088202777,-3.1842157815032426,0.8471779853712066,0.0,0.203125,1.0,0.9041666666666667,0.8666666666666667,0.8458333333333333,0.8041666666666667,0.7666666666666667,0.9603311479050423,0.9880946525232635,0.38257306814193726,0.7907228469848633,0.40814971923828125,256,music_notation,2,19,4,C
0.2890625,-1.2776631730858097,5.83984375,0.20057181383960793,0.612344383448593,0.8197689180680685,0.0,0.421875,1.0,0.99609375,0.9921875,0.97265625,0.9453125,0.93359375,0.9823578253511049,0.9536681053390027,0.38257306814193726,0.7907228469848633,0.40814971923828125,256,music_notation,2,19,8,C
0.24609375,-1.3262012476580378,5.79296875,-0.6704559688223232,0.7032965687329766,0.995555832832064,0.0,0.5078125,1.0,0.99609375,0.9921875,0.96484375,0.9296875,0.91015625,0.9757475560109693,0.9529510116382504,0.38257306814193726,0.7907228469848633,0.40814971923828125,256,music_notation,2,19,16,C
0.37109375,-0.34008383837171474,5.91796875,1.047503900396176,0.9853293493418014,0.8726118936584544,0.0,0.2578125,1.0,0.99609375,0.9921875,0.98828125,0.9765625,0.96484375,0.9920692391311882,0.9328369922955833,0.4261694550514221,0.782978355884552,0.3568089008331299,256,music_notation,2,20,4,C
0.33203125,0.36419370821604813,5.80859375,-0.014518603146565745,0.612344383448593,0.8748293351870288,0.0,0.3359375,1.0,0.99609375,0.9921875,0.98046875,0.94140625,0.8984375,0.974441706602692,0.8745607516906296,0.4261694550514221,0.782978355884552,0.3568089008331299,256,music_notation,2,20,8,C
0.30078125,0.5416878335504666,5.921875,0.7551269545756595,0.7032965687329766,0.7988234886720524,0.0,0.3984375,1.0,0.99609375,0.9921875,0.984375,0.9765625,0.97265625,0.9936706506001096,0.9846095996310225,0.4261694550514221,0.782978355884552,0.3568089008331299,256,music_notation,2,20,16,C
0.390625,0.39285546846387953,5.91796875,1.047503900396176,0.9853293493418014,0.9046723163665396,0.0,0.21875,1.0,0.99609375,0.9921875,0.98828125,0.9765625,0.96484375,0.9920692391311882,0.9328369922955833,0.35893183946609497,0.6903276443481445,0.33139580488204956,256,music_notation,2,21,4,C
0.30078125,-0.8298840236398485,5.87890625,0.46943483507232503,0.42217532026580007,0.8694273977739604,0.012987012987012988,0.3984375,1.0,0.9921875,0.98046875,0.97265625,0.96875,0.96484375,0.993231405454032,0.9401580794561831,0.35893183946609497,0.6903276443481445,0.33139580488204956,256,music_notation,2,21,8,C
0.2578125,-0.9259393016847868,5.921875,0.7551269545756595,0.7032965687329766,0.9944522019801081,0.015151515151515152,0.484375,1.0,0.99609375,0.9921875,0.984375,0.9765625,0.97265625,0.9936706506001096,0.9846095996310225,0.35893183946609497,0.6903276443481445,0.33139580488204956,256,music_notation,2,21,16,C
0.38671875,0.24626760709676068,5.50390625,-0.5391696269258393,0.3269801181557418,0.9303527376956416,0.0,0.2265625,1.0,0.9803149606299213,0.9645669291338582,0.937007874015748,0.8661417322834646,0.7992125984251969,0.9496968506380122,0.9179629779331231,0.326920747756958,0.7010084986686707,0.37408775091171265,256,music_notation,2,22,4,C
0.33203125,0.36419370821604813,5.859375,0.3350033244559665,0.612344383448593,0.8996135916116835,0.011764705882352941,0.3359375,1.0,0.99609375,0.9921875,0.98046875,0.95703125,0.93359375,0.9835688836642346,0.9265088412634381,0.326920747756958,0.7010084986686707,0.37408775091171265,256,music_notation,2,22,8,C
0.3046875,0.6751084822082168,5.5625,-3.219225437927807,-3.037642626655206,0.8263989425427524,0.02564102564102564,0.390625,1.0,0.9645669291338582,0.9251968503937008,0.9094488188976378,0.905511811023622,0.9015748031496063,0.9844640850936403,0.8016696941666157,0.326920747756958,0.7010084986686707,0.37408775091171265,256,music_notation,2,22,16,C
0.421875,1.5655583594008304,5.32421875,-1.2277260633108646,-0.8799934723520342,0.9081340844654147,0.0,0.15625,1.0,0.9558232931726908,0.9357429718875502,0.9236947791164659,0.8634538152610441,0.7951807228915663,0.95614971634281,0.8919761238384771,0.3950046896934509,0.7078677415847778,0.3128630518913269,256,music_notation,2,23,4,C
0.34375,0.8119728576620093,5.890625,0.5500937414421402,0.612344383448593,0.941806359907893,0.0,0.3125,1.0,0.99609375,0.9921875,0.984375,0.96875,0.94921875,0.9880411103351838,0.9229723487935574,0.3950046896934509,0.7078677415847778,0.3128630518913269,256,music_notation,2,23,8,C
0.3203125,1.208791076839218,5.78125,-0.8000544164039579,0.7032965687329766,0.8467455124848288,0.0,0.359375,1.0,0.99609375,0.9921875,0.96875,0.9296875,0.89453125,0.9723741042482276,0.9301299958488486,0.3950046896934509,0.7078677415847778,0.3128630518913269,256,music_notation,2,23,16,C
0.3515625,-1.073023145207309,5.89453125,0.957692191302477,0.9853293493418014,0.9413978439036721,0.0,0.296875,1.0,0.99609375,0.9921875,0.984375,0.96875,0.953125,0.9888529775857997,0.9400957142937522,0.40168893337249756,0.7477167844772339,0.34602779150009155,256,music_notation,2,24,4,C
0.26953125,-2.023961755495745,5.89453125,0.5769800435654119,0.612344383448593,0.8165880234242968,0.0,0.4609375,1.0,0.99609375,0.9921875,0.984375,0.96875,0.953125,0.9888529775857997,0.9400957142937522,0.40168893337249756,0.7477167844772339,0.34602779150009155,256,music_notation,2,24,8,C
0.25390625,-1.059359950342537,5.859375,0.06393523414027395,0.7032965687329766,0.8178312221915198,0.015384615384615385,0.4921875,1.0,0.99609375,0.98828125,0.97265625,0.95703125,0.9453125,0.98641483114189,0.9892022565717792,0.40168893337249756,0.7477167844772339,0.34602779150009155,256,music_notation,2,24,16,C
0.36328125,-0.6332595611059524,5.87890625,0.8978177185733444,0.9853293493418014,0.9816557441384427,0.0,0.2734375,1.0,0.99609375,0.9921875,0.98828125,0.96484375,0.9375,0.9851912271615365,0.8584396609177395,0.3528585731983185,0.750582218170166,0.39772361516952515,256,music_notation,2,25,4,C
0.28515625,-1.4269228895677968,5.91015625,0.6845252520584987,0.612344383448593,0.8941051392313993,0.0,0.4296875,1.0,0.99609375,0.9921875,0.984375,0.97265625,0.96484375,0.9916716953308852,0.9748654282796898,0.3528585731983185,0.750582218170166,0.39772361516952515,256,music_notation,2,25,8,C
0.2890625,0.14142588757721564,5.9296875,0.8415259196300827,0.7032965687329766,0.7530736253269945,0.013513513513513514,0.421875,1.0,0.99609375,0.9921875,0.98828125,0.98046875,0.97265625,0.9940674052246967,0.9687840401147957,0.3528585731983185,0.750582218170166,0.39772361516952515,256,music_notation,2,25,16,C
0.3984375,0.6860311911981172,5.81640625,0.6583198276568137,0.9853293493418014,0.7899304370609549,0.0,0.203125,1.0,0.99609375,0.9921875,0.9765625,0.94140625,0.91015625,0.9769705685801656,0.9157410591889845,0.4413979649543762,0.8024834990501404,0.36108553409576416,256,music_notation,2,26,4,C
0.24609375,-2.9195200543876676,5.8671875,0.3887759287025099,0.612344383448593,0.9537870982591478,0.015873015873015872,0.5078125,1.0,0.99609375,0.9921875,0.984375,0.9609375,0.93359375,0.9839696048825214,0.8908890597825632,0.4413979649543762,0.8024834990501404,0.36108553409576416,256,music_notation,2,26,8,C
0.2578125,-0.9259393016847868,5.8125,-0.4544585561862652,0.32920264919415837,0.7726962211924204,0.0,0.484375,1.0,0.9921875,0.9765625,0.95703125,0.9453125,0.94140625,0.9863344472730904,0.9556501613156445,0.4413979649543762,0.8024834990501404,0.36108553409576416,256,music_notation,2,26,16,C
0.42578125,1.7121462207679492,5.91796875,1.047503900396176,0.9853293493418014,0.7044845255924684,0.0,0.1484375,1.0,0.99609375,0.9921875,0.98828125,0.9765625,0.96484375,0.9920692391311882,0.9328369922955833,0.3876807987689972,0.7134228348731995,0.3257420063018799,256,music_notation,2,27,4,C
0.28125,-1.5761826060497839,5.89453125,0.5769800435654119,0.612344383448593,1.073023089009194,0.013888888888888888,0.4375,1.0,0.99609375,0.9921875,0.984375,0.96875,0.953125,0.9888529775857997,0.9400957142937522,0.3876807987689972,0.7134228348731995,0.3257420063018799,256,music_notation,2,27,8,C
0.296875,0.40826718489271624,5.89453125,0.4527305768851783,0.7032965687329766,0.9321595727173347,0.0,0.40625,1.0,0.99609375,0.9921875,0.984375,0.96875,0.953125,0.9888529775857997,0.9400957142937522,0.3876807987689972,0.7134228348731995,0.3257420063018799,256,music_notation,2,27,16,C
0.33984375,-1.5127867293086656,5.91796875,1.047503900396176,0.9853293493418014,0.8709351296164372,0.0,0.3203125,1.0,0.99609375,0.9921875,0.98828125,0.9765625,0.96484375,0.9920692391311882,0.9328369922955833,0.45720693469047546,0.8175245523452759,0.36031755805015564,256,music_notation,2,28,4,C
0.3359375,0.5134534246980352,5.87890625,0.46943483507232503,0.42217532026580007,0.9504444598196226,0.0,0.328125,1.0,0.9921875,0.98046875,0.97265625,0.96875,0.96484375,0.993231405454032,0.9401580794561831,0.45720693469047546,0.8175245523452759,0.36031755805015564,256,music_notation,2,28,8,C
0.31640625,1.0753704281814678,5.921875,0.7551269545756595,0.7032965687329766,1.0024157866367507,0.024691358024691357,0.3671875,1.0,0.99609375,0.9921875,0.984375,0.9765625,0.97265625,0.9936706506001096,0.9846095996310225,0.45720693469047546,0.8175245523452759,0.36031755805015564,256,music_notation,2,28,16,C
0.37890625,-0.04690811563747703,5.60546875,-0.14998555418647702,-0.002194497437287988,1.2948315334543967,0.0,0.2421875,1.0,0.9723320158102767,0.9525691699604744,0.9407114624505929,0.9169960474308301,0.8893280632411067,0.9785805428844618,0.9774969445734493,0.31599703431129456,0.7285163402557373,0.41251927614212036,256,music_notation,2,29,4,C
0.2734375,-1.874702039013758,5.86328125,0.3618896265792382,0.42217532026580007,1.0738030055029826,0.014285714285714285,0.453125,1.0,0.9921875,0.98046875,0.97265625,0.96484375,0.953125,0.9904066440774625,0.9930549357196329,0.31599703431129456,0.7285163402557373,0.41251927614212036,256,music_notation,2,29,8,C
0.265625,-0.6590980043692862,5.83203125,-0.23846114355020723,-0.04489127034465989,0.8483948266060637,0.014705882352941176,0.46875,1.0,0.98828125,0.9765625,0.97265625,0.95703125,0.9375,0.9875082934528532,0.9468018454966566,0.31599703431129456,0.7285163402557373,0.41251927614212036,256,music_notation,2,29,16,C
0.3828125,0.09967974572964182,5.85546875,0.8080060094796454,0.5464298618844283,1.1824198298696764,0.0,0.234375,1.0,0.9881889763779528,0.984251968503937,0.9803149606299213,0.9763779527559056,0.9724409448818898,0.995991916224948,0.9999943547231583,0.48611879348754883,0.86493980884552,0.3788210153579712,256,cooking_techniques,0,0,4,C
0.3046875,-0.6806243071578614,5.86328125,0.3618896265792382,0.23200625708300715,0.8740689492214307,0.0,0.390625,1.0,0.9921568627450981,0.9882352941176471,0.9803921568627451,0.9686274509803922,0.9568627450980393,0.9907943064750391,0.9638205148351637,0.48611879348754883,0.86493980884552,0.3788210153579712,256,cooking_techniques,0,0,8,C
0.265625,-0.6590980043692862,5.859375,0.06393523414027395,-0.4189851898834781,0.9885888703682179,0.0,0.46875,1.0,0.9882352941176471,0.9803921568627451,0.9764705882352941,0.9725490196078431,0.9647058823529412,0.9943930504611007,0.9799797895417592,0.48611879348754883,0.86493980884552,0.3788210153579712,256,cooking_techniques,0,0,16,C
0.36328125,-0.6332595611059524,5.1875,-1.7516276996907754,-1.8675173191311236,0.8716005503526479,0.0,0.2734375,1.0,0.9385245901639344,0.9180327868852459,0.8934426229508197,0.8647540983606558,0.8278688524590164,0.9694080484791963,0.9824998449514915,0.41278302669525146,0.6753426790237427,0.2625596225261688,256,cooking_techniques,0,1,4,C
0.3203125,-0.0835854412299131,5.8828125,0.49632113719559673,0.23200625708300715,0.7726181304565691,0.012195121951219513,0.359375,1.0,0.9921568627450981,0.9882352941176471,0.984313725490196,0.9764705882352941,0.9647058823529412,0.9932139204753206,0.9364361851440661,0.41278302669525146,0.6753426790237427,0.2625596225261688,256,cooking_techniques,0,1,8,C
0.28515625,0.008005238919465321,5.8828125,0.3231321293035435,-0.04489127034465989,0.8793421577437803,0.0,0.4296875,1.0,0.9921568627450981,0.9882352941176471,0.984313725490196,0.9764705882352941,0.9647058823529412,0.9932139204753206,0.9364361851440661,0.41278302669525146,0.6753426790237427,0.2625596225261688,256,cooking_techniques,0,1,16,C
0.36328125,-0.6332595611059524,5.85546875,0.8080060094796454,0.5464298618844283,0.9019445659240928,0.0,0.2734375,1.0,0.9881889763779528,0.984251968503937,0.9803149606299213,0.9763779527559056,0.9724409448818898,0.995991916224948,0.9999943547231583,0.5239410400390625,0.8333215713500977,0.3093804717063904,256,cooking_techniques,0,2,4,C
0.33203125,0.36419370821604813,5.41015625,-2.75692141972028,-1.6696843747449222,0.9674881341833855,0.0,0.3359375,1.0,0.9642857142857143,0.9325396825396826,0.9007936507936508,0.8650793650793651,0.8333333333333334,0.9639654476890935,0.9986873638973631,0.5239410400390625,0.8333215713500977,0.3093804717063904,256,cooking_techniques,0,2,8,C
0.31640625,1.0753704281814678,5.8984375,0.4959300594123899,-0.04489127034465989,0.7917595934161503,0.012345679012345678,0.3671875,1.0,0.9921568627450981,0.9882352941176471,0.984313725490196,0.9803921568627451,0.9764705882352941,0.9960237907202696,0.9999944443325324,0.5239410400390625,0.8333215713500977,0.3093804717063904,256,cooking_techniques,0,2,16,C
0.37890625,-0.04690811563747703,5.609375,-0.13501693600419384,0.21725524629139856,0.803286147084792,0.0,0.2421875,1.0,0.9802371541501976,0.9644268774703557,0.9367588932806324,0.9051383399209486,0.8893280632411067,0.9745199473114166,0.985961245518012,0.4485439658164978,0.7749849557876587,0.3264409899711609,256,cooking_techniques,0,3,4,C
0.37109375,1.8567908730359188,5.3671875,-3.052670743076269,-1.6696843747449222,0.7630892245408328,0.0,0.2578125,1.0,0.9681274900398407,0.9442231075697212,0.9163346613545816,0.8565737051792829,0.7888446215139442,0.9505627571458221,0.9377042585873845,0.4485439658164978,0.7749849557876587,0.3264409899711609,256,cooking_techniques,0,3,8,C
0.28515625,0.008005238919465321,5.94140625,0.9711243672117175,0.7032965687329766,0.8715886676051434,0.0,0.4296875,1.0,0.99609375,0.9921875,0.98828125,0.984375,0.98046875,0.9960551622400232,0.9999945318250933,0.4485439658164978,0.7749849557876587,0.3264409899711609,256,cooking_techniques,0,3,16,C
0.3359375,-1.6593745906757844,5.85546875,0.8080060094796454,0.5464298618844283,0.8995044941442976,0.0,0.328125,1.0,0.9881889763779528,0.984251968503937,0.9803149606299213,0.9763779527559056,0.9724409448818898,0.995991916224948,0.9999943547231583,0.4765448272228241,0.8806116580963135,0.40406689047813416,256,cooking_techniques,0,4,4,C
0.28125,-1.5761826060497839,5.82421875,0.09302660534652109,0.23200625708300715,0.8890272712694164,0.0,0.4375,1.0,0.9921568627450981,0.9882352941176471,0.9764705882352941,0.9529411764705882,0.9372549019607843,0.9850903148834959,0.9435077427983932,0.4765448272228241,0.8806116580963135,0.40406689047813416,256,cooking_techniques,0,4,8,C
0.25,-1.1927805990002873,5.8984375,0.4959300594123899,-0.04489127034465989,0.9549821066290447,0.03125,0.5,1.0,0.9921568627450981,0.9882352941176471,0.984313725490196,0.9803921568627451,0.9764705882352941,0.9960237907202696,0.9999944443325324,0.4765448272228241,0.8806116580963135,0.40406689047813416,256,cooking_techniques,0,4,16,C
0.34375,-1.3661988679415467,5.47265625,-0.6589185723841046,-0.7702686004876909,0.8892758748685154,0.0,0.3125,1.0,0.956,0.932,0.92,0.904,0.892,0.983233448252958,0.9849608292891441,0.5033730864524841,0.89414381980896,0.39077073335647583,256,cooking_techniques,0,5,4,C
0.30859375,-0.5313645906758744,5.88671875,0.5232074393188685,0.23200625708300715,1.0176264955265775,0.012658227848101266,0.3828125,1.0,0.9921568627450981,0.9882352941176471,0.984313725490196,0.9764705882352941,0.9686274509803922,0.9940201016674323,0.9687756235949231,0.5033730864524841,0.89414381980896,0.39077073335647583,256,cooking_techniques,0,5,8,C
0.26953125,-0.5256773557115358,5.8984375,0.4959300594123899,-0.04489127034465989,0.8892963510551475,0.014492753623188406,0.4609375,1.0,0.9921568627450981,0.9882352941176471,0.984313725490196,0.9803921568627451,0.9764705882352941,0.9960237907202696,0.9999944443325324,0.5033730864524841,0.89414381980896,0.39077073335647583,256,cooking_techniques,0,5,16,C
0.32421875,-2.099138174777141,5.85546875,0.8080060094796454,0.5464298618844283,1.0066121529844814,0.0,0.3515625,1.0,0.9881889763779528,0.984251968503937,0.9803149606299213,0.9763779527559056,0.9724409448818898,0.995991916224948,0.9999943547231583,0.5205557942390442,1.0021198987960815,0.4815640449523926,256,cooking_techniques,0,6,4,C
0.32421875,0.06567427525207398,5.85546875,0.3081170223326948,0.23200625708300715,0.8335798767711672,0.012048192771084338,0.3515625,1.0,0.9921568627450981,0.9882352941176471,0.9803921568627451,0.9647058823529412,0.9529411764705882,0.9895793113106686,0.9532726448934041,0.5205557942390442,1.0021198987960815,0.4815640449523926,256,cooking_techniques,0,6,8,C
0.2890625,0.14142588757721564,5.85546875,0.02073575161306235,-0.7930791094222963,0.8785969177416272,0.0,0.421875,1.0,0.9881889763779528,0.984251968503937,0.9803149606299213,0.9763779527559056,0.9724409448818898,0.995991916224948,0.9999943547231583,0.5205557942390442,1.0021198987960815,0.4815640449523926,256,cooking_techniques,0,6,16,C
0.33984375,-1.5127867293086656,5.85546875,0.8080060094796454,0.5464298618844283,0.8372045161266173,0.0,0.3203125,1.0,0.9881889763779528,0.984251968503937,0.9803149606299213,0.9763779527559056,0.9724409448818898,0.995991916224948,0.9999943547231583,0.44663435220718384,0.8490132093429565,0.4023788273334503,256,cooking_techniques,0,7,4,C
0.33203125,0.36419370821604813,5.8671875,0.3887759287025099,0.23200625708300715,0.9604905738794157,0.0,0.3359375,1.0,0.9921568627450981,0.9882352941176471,0.9803921568627451,0.9686274509803922,0.9607843137254902,0.9916051048653305,0.9748589318108465,0.44663435220718384,0.8490132093429565,0.4023788273334503,256,cooking_techniques,0,7,8,C
0.234375,-1.7264631936312886,5.859375,0.06393523414027395,-0.4189851898834781,1.2923994601413804,0.0,0.53125,1.0,0.9882352941176471,0.9803921568627451,0.9764705882352941,0.9725490196078431,0.9647058823529412,0.9943930504611007,0.9799797895417592,0.44663435220718384,0.8490132093429565,0.4023788273334503,256,cooking_techniques,0,7,16,C
0.38671875,0.24626760709676068,5.85546875,0.8080060094796454,0.5464298618844283,0.9866629242241375,0.0,0.2265625,1.0,0.9881889763779528,0.984251968503937,0.9803149606299213,0.9763779527559056,0.9724409448818898,0.995991916224948,0.9999943547231583,0.6022613048553467,0.9295397996902466,0.32727840542793274,256,cooking_techniques,0,8,4,C
0.28515625,-1.4269228895677968,5.796875,-0.09517750951638088,0.23200625708300715,1.0348109919199844,0.0,0.4296875,1.0,0.9921568627450981,0.9803921568627451,0.9647058823529412,0.9490196078431372,0.9333333333333333,0.98464305698376,0.9964457474337531,0.6022613048553467,0.9295397996902466,0.32727840542793274,256,cooking_techniques,0,8,8,C
0.25390625,-1.059359950342537,5.86328125,0.10713471666748554,-0.4189851898834781,1.034750601146999,0.015384615384615385,0.4921875,1.0,0.9882352941176471,0.9803921568627451,0.9764705882352941,0.9725490196078431,0.9686274509803922,0.9952001887405004,0.9739291875786131,0.6022613048553467,0.9295397996902466,0.32727840542793274,256,cooking_techniques,0,8,16,C
0.40625,0.9792069139323549,5.02734375,-2.365341045164385,-1.7577924472667803,0.8281952498141629,0.0,0.1875,1.0,0.9387755102040817,0.9061224489795918,0.8653061224489796,0.8,0.7428571428571429,0.9424515218992845,0.9741431241799648,0.4423646330833435,0.7632242441177368,0.32085955142974854,256,cooking_techniques,0,9,4,C
0.34375,0.8119728576620093,5.8828125,0.49632113719559673,0.23200625708300715,0.8058975738087933,0.0,0.3125,1.0,0.9921568627450981,0.9882352941176471,0.984313725490196,0.9764705882352941,0.9647058823529412,0.9932139204753206,0.9364361851440661,0.4423646330833435,0.7632242441177368,0.32085955142974854,256,cooking_techniques,0,9,8,C
0.26171875,-0.7925186530270365,5.8828125,0.3231321293035435,-0.04489127034465989,0.862087864658222,0.0,0.4765625,1.0,0.9921568627450981,0.9882352941176471,0.984313725490196,0.9764705882352941,0.9647058823529412,0.9932139204753206,0.9364361851440661,0.4423646330833435,0.7632242441177368,0.32085955142974854,256,cooking_techniques,0,9,16,C
0.30859375,-2.685489620245616,5.85546875,0.8080060094796454,0.5464298618844283,1.118553754776678,0.0,0.3828125,1.0,0.9881889763779528,0.984251968503937,0.9803149606299213,0.9763779527559056,0.9724409448818898,0.995991916224948,0.9999943547231583,0.5085993409156799,0.9056247472763062,0.3970254063606262,256,cooking_techniques,0,10,4,C
0.2734375,-1.874702039013758,5.82421875,0.09302660534652109,0.23200625708300715,0.7987912567665685,0.014285714285714285,0.453125,1.0,0.9921568627450981,0.9882352941176471,0.9764705882352941,0.9529411764705882,0.9372549019607843,0.9850903148834959,0.9435077427983932,0.5085993409156799,0.9056247472763062,0.3970254063606262,256,cooking_techniques,0,10,8,C
0.26171875,-0.7925186530270365,5.8984375,0.4959300594123899,-0.04489127034465989,0.9053959212746238,0.029850746268656716,0.4765625,1.0,0.9921568627450981,0.9882352941176471,0.984313725490196,0.9803921568627451,0.9764705882352941,0.9960237907202696,0.9999944443325324,0.5085993409156799,0.9056247472763062,0.3970254063606262,256,cooking_techniques,0,10,16,C
0.33984375,-1.5127867293086656,5.85546875,0.8080060094796454,0.5464298618844283,0.9044207616730218,0.0,0.3203125,1.0,0.9881889763779528,0.984251968503937,0.9803149606299213,0.9763779527559056,0.9724409448818898,0.995991916224948,0.9999943547231583,0.5195584297180176,0.8784931898117065,0.35893481969833374,256,cooking_techniques,0,11,4,C
0.3125,-0.3821048741938873,5.82421875,0.09302660534652109,0.23200625708300715,0.7943785382766356,0.0,0.375,1.0,0.9921568627450981,0.9882352941176471,0.9764705882352941,0.9529411764705882,0.9372549019607843,0.9850903148834959,0.9435077427983932,0.5195584297180176,0.8784931898117065,0.35893481969833374,256,cooking_techniques,0,11,8,C
0.22265625,-2.1267251396045395,5.8984375,0.4959300594123899,-0.04489127034465989,1.0025387823760337,0.05263157894736842,0.5546875,1.0,0.9921568627450981,0.9882352941176471,0.984313725490196,0.9803921568627451,0.9764705882352941,0.9960237907202696,0.9999944443325324,0.5195584297180176,0.8784931898117065,0.35893481969833374,256,cooking_techniques,0,11,16,C
0.31640625,-2.3923138975113787,5.65234375,0.029637864000920933,0.21725524629139856,1.1024736450062012,0.0,0.3671875,1.0,0.9802371541501976,0.9644268774703557,0.9407114624505929,0.9209486166007905,0.9130434782608695,0.9813607163501296,0.9803528080601294,0.46385657787323,0.8866636753082275,0.42280712723731995,256,cooking_techniques,0,12,4,C
0.34765625,0.9612325741439964,5.84375,0.22745811596287965,0.23200625708300715,0.9418498592885947,0.0,0.3046875,1.0,0.9921568627450981,0.9882352941176471,0.984313725490196,0.9647058823529412,0.9372549019607843,0.986299771676588,0.8536311840363149,0.46385657787323,0.8866636753082275,0.42280712723731995,256,cooking_techniques,0,12,8,C
0.32421875,1.3422117254969683,5.94140625,0.9711243672117175,0.7032965687329766,1.1153037429437733,0.0,0.3515625,1.0,0.99609375,0.9921875,0.98828125,0.984375,0.98046875,0.9960551622400232,0.9999945318250933,0.46385657787323,0.8866636753082275,0.42280712723731995,256,cooking_techniques,0,12,16,C
0.3828125,0.09967974572964182,5.50390625,-0.5391696269258393,-0.44109398489466106,0.7523665238455577,0.0,0.234375,1.0,0.9641434262948207,0.9402390438247012,0.9203187250996016,0.900398406374502,0.8884462151394422,0.9795295520419878,0.9901303782385846,0.4317145347595215,0.7858659029006958,0.3541514277458191,256,cooking_techniques,0,13,4,C
0.31640625,-0.23284515771190017,5.8828125,0.49632113719559673,0.23200625708300715,0.859350613525675,0.0,0.3671875,1.0,0.9921568627450981,0.9882352941176471,0.984313725490196,0.9764705882352941,0.9647058823529412,0.9932139204753206,0.9364361851440661,0.4317145347595215,0.7858659029006958,0.3541514277458191,256,cooking_techniques,0,13,8,C
0.30859375,0.8085291308659671,5.8828125,0.3231321293035435,-0.04489127034465989,0.8607923570333115,0.0,0.3828125,1.0,0.9921568627450981,0.9882352941176471,0.984313725490196,0.9764705882352941,0.9647058823529412,0.9932139204753206,0.9364361851440661,0.4317145347595215,0.7858659029006958,0.3541514277458191,256,cooking_techniques,0,13,16,C
0.37890625,-0.04690811563747703,5.64453125,-0.000299372363645391,-0.22164424116597453,0.9046212669837433,0.0,0.2421875,1.0,0.9721115537848606,0.9601593625498008,0.9482071713147411,0.9402390438247012,0.9362549800796812,0.990433002634381,0.9668564331349854,0.3770085573196411,0.8325534462928772,0.4555448293685913,256,cooking_techniques,0,14,4,C
0.26953125,-2.023961755495745,5.8828125,0.49632113719559673,0.23200625708300715,1.0138540604052004,0.0,0.4609375,1.0,0.9921568627450981,0.9882352941176471,0.984313725490196,0.9764705882352941,0.9647058823529412,0.9932139204753206,0.9364361851440661,0.3770085573196411,0.8325534462928772,0.4555448293685913,256,cooking_techniques,0,14,8,C
0.21875,-2.2601457882622897,5.94140625,0.9711243672117175,0.7032965687329766,0.9273842910622615,0.0,0.5625,1.0,0.99609375,0.9921875,0.98828125,0.984375,0.98046875,0.9960551622400232,0.9999945318250933,0.3770085573196411,0.8325534462928772,0.4555448293685913,256,cooking_techniques,0,14,16,C
0.41796875,1.4189704980337114,5.33984375,-1.167851590581732,-1.209168087945064,1.058052096519107,0.0,0.1640625,1.0,0.9475806451612904,0.9193548387096774,0.8991935483870968,0.8790322580645161,0.8669354838709677,0.9779716923243637,0.9843312156340103,0.45740020275115967,0.7972132563591003,0.3398130536079407,256,cooking_techniques,0,15,4,C
0.34375,0.8119728576620093,5.8828125,0.49632113719559673,0.23200625708300715,0.7198669161358867,0.0,0.3125,1.0,0.9921568627450981,0.9882352941176471,0.984313725490196,0.9764705882352941,0.9647058823529412,0.9932139204753206,0.9364361851440661,0.45740020275115967,0.7972132563591003,0.3398130536079407,256,cooking_techniques,0,15,8,C
0.328125,1.4756323741547186,5.8828125,0.3231321293035435,-0.04489127034465989,0.8058386935361195,0.0,0.34375,1.0,0.9921568627450981,0.9882352941176471,0.984313725490196,0.9764705882352941,0.9647058823529412,0.9932139204753206,0.9364361851440661,0.45740020275115967,0.7972132563591003,0.3398130536079407,256,cooking_techniques,0,15,16,C
0.37890625,-0.04690811563747703,5.85546875,0.8080060094796454,0.5464298618844283,1.095532107332838,0.0,0.2421875,1.0,0.9881889763779528,0.984251968503937,0.9803149606299213,0.9763779527559056,0.9724409448818898,0.995991916224948,0.9999943547231583,0.5027897357940674,0.8729506134986877,0.370160847902298,256,cooking_techniques,0,16,4,C
0.30859375,-0.5313645906758744,5.85546875,0.3081170223326948,0.23200625708300715,1.0567265933662922,0.0,0.3828125,1.0,0.9921568627450981,0.9882352941176471,0.9803921568627451,0.9686274509803922,0.9490196078431372,0.9891647017522548,0.922010881463001,0.5027897357940674,0.8729506134986877,0.370160847902298,256,cooking_techniques,0,16,8,C
0.3203125,1.208791076839218,5.859375,0.06393523414027395,-0.4189851898834781,0.7816099348179145,0.0,0.359375,1.0,0.9882352941176471,0.9803921568627451,0.9764705882352941,0.9725490196078431,0.9647058823529412,0.9943930504611007,0.9799797895417592,0.5027897357940674,0.8729506134986877,0.370160847902298,256,cooking_techniques,0,16,16,C
0.35546875,-0.9264352838401901,5.85546875,0.8080060094796454,0.5464298618844283,0.9019443591526329,0.0,0.2890625,1.0,0.9881889763779528,0.984251968503937,0.9803149606299213,0.9763779527559056,0.9724409448818898,0.995991916224948,0.9999943547231583,0.528092622756958,0.9462573528289795,0.4181646704673767,256,cooking_techniques,0,17,4,C
0.3359375,0.5134534246980352,5.8828125,0.49632113719559673,0.23200625708300715,0.91609698092907,0.011627906976744186,0.328125,1.0,0.9921568627450981,0.9882352941176471,0.984313725490196,0.9764705882352941,0.9647058823529412,0.9932139204753206,0.9364361851440661,0.528092622756958,0.9462573528289795,0.4181646704673767,256,cooking_techniques,0,17,8,C
0.2734375,-0.39225670705378557,5.84375,-0.10886269596857244,-0.4189851898834781,0.9124910958469676,0.02857142857142857,0.453125,1.0,0.9882352941176471,0.9803921568627451,0.9725490196078431,0.9647058823529412,0.9607843137254902,0.9927790834189142,0.9883845405121553,0.528092622756958,0.9462573528289795,0.4181646704673767,256,cooking_techniques,0,17,16,C
0.40625,0.9792069139323549,5.59765625,-0.17992279055104335,0.5464298618844283,0.8566227101851406,0.0,0.1875,1.0,0.9881889763779528,0.9803149606299213,0.9448818897637795,0.8818897637795275,0.8464566929133859,0.959307444673126,0.9416733621979151,0.4521837830543518,0.7823992967605591,0.3302154242992401,256,cooking_techniques,0,18,4,C
0.3203125,-0.0835854412299131,5.84765625,0.2543444180861513,0.23200625708300715,1.076179940951383,0.0,0.359375,1.0,0.9921568627450981,0.9882352941176471,0.984313725490196,0.9647058823529412,0.9411764705882353,0.9871237492437068,0.8703923225858775,0.4521837830543518,0.7823992967605591,0.3302154242992401,256,cooking_techniques,0,18,8,C
0.25390625,-1.059359950342537,5.94140625,0.9711243672117175,0.7032965687329766,0.9038295885712155,0.015384615384615385,0.4921875,1.0,0.99609375,0.9921875,0.98828125,0.984375,0.98046875,0.9960551622400232,0.9999945318250933,0.4521837830543518,0.7823992967605591,0.3302154242992401,256,cooking_techniques,0,18,16,C
0.390625,0.39285546846387953,5.51953125,-0.4792951541967066,-0.44109398489466106,0.9772062079157683,0.0,0.21875,1.0,0.9641434262948207,0.9442231075697212,0.9243027888446215,0.9043824701195219,0.8924302788844621,0.9804247849257502,0.9937654174817823,0.5182722210884094,1.0777579545974731,0.5594857931137085,256,cooking_techniques,0,19,4,C
0.37890625,2.155310305999893,5.82421875,0.09302660534652109,0.23200625708300715,0.7839084587216347,0.0,0.2421875,1.0,0.9921568627450981,0.9882352941176471,0.984313725490196,0.9607843137254902,0.9215686274509803,0.9825757071211135,0.817145897382321,0.5182722210884094,1.0777579545974731,0.5594857931137085,256,cooking_techniques,0,19,8,C
0.3046875,0.6751084822082168,5.90234375,0.5391295419396015,0.7032965687329766,0.9843621013264544,0.0,0.390625,1.0,0.99609375,0.98828125,0.98046875,0.97265625,0.96484375,0.9920629649969712,0.9999777749286136,0.5182722210884094,1.0777579545974731,0.5594857931137085,256,cooking_techniques,0,19,16,C
0.421875,1.5655583594008304,5.85546875,0.8080060094796454,0.5464298618844283,0.7635725306588615,0.0,0.15625,1.0,0.9881889763779528,0.984251968503937,0.9803149606299213,0.9763779527559056,0.9724409448818898,0.995991916224948,0.9999943547231583,0.5187082290649414,0.8597359657287598,0.3410276770591736,256,cooking_techniques,0,20,4,C
0.36328125,1.5582714400719448,5.6640625,-1.009311781707619,0.23200625708300715,0.8345483883356131,0.0,0.2734375,1.0,0.9921568627450981,0.984313725490196,0.9529411764705882,0.8980392156862745,0.8588235294117647,0.9626776625945949,0.9413930081729044,0.5187082290649414,0.8597359657287598,0.3410276770591736,256,cooking_techniques,0,20,8,C
0.2578125,-0.9259393016847868,5.8984375,0.4959300594123899,-0.04489127034465989,0.7120789644505046,0.015151515151515152,0.484375,1.0,0.9921568627450981,0.9882352941176471,0.984313725490196,0.9803921568627451,0.9764705882352941,0.9960237907202696,0.9999944443325324,0.5187082290649414,0.8597359657287598,0.3410276770591736,256,cooking_techniques,0,20,16,C
0.36328125,-0.6332595611059524,5.85546875,0.8080060094796454,0.5464298618844283,0.8017202040054692,0.0,0.2734375,1.0,0.9881889763779528,0.984251968503937,0.9803149606299213,0.9763779527559056,0.9724409448818898,0.995991916224948,0.9999943547231583,0.4871574342250824,0.8526831865310669,0.3655257821083069,256,cooking_techniques,0,21,4,C
0.34375,0.8119728576620093,5.4453125,-2.5149447006108345,-1.4795153115621293,1.007304834360512,0.0,0.3125,1.0,0.9682539682539683,0.9444444444444444,0.9126984126984127,0.8690476190476191,0.8373015873015873,0.963308165417806,0.987954675338681,0.4871574342250824,0.8526831865310669,0.3655257821083069,256,cooking_techniques,0,21,8,C
0.23828125,-1.5930425449735384,5.8984375,0.4959300594123899,-0.04489127034465989,0.8430284296770558,0.03278688524590164,0.5234375,1.0,0.9921568627450981,0.9882352941176471,0.984313725490196,0.9803921568627451,0.9764705882352941,0.9960237907202696,0.9999944443325324,0.4871574342250824,0.8526831865310669,0.3655257821083069,256,cooking_techniques,0,21,16,C
0.38671875,0.24626760709676068,5.71484375,0.2691357549174515,0.5464298618844283,0.9995038759384558,0.0,0.2265625,1.0,0.9881889763779528,0.984251968503937,0.9803149606299213,0.937007874015748,0.8700787401574803,0.9700796747485599,0.7885159128362264,0.4950317442417145,0.9198774099349976,0.42484569549560547,256,cooking_techniques,0,22,4,C
0.359375,1.4090117235899577,5.82421875,0.09302660534652109,0.23200625708300715,0.982975550297089,0.0,0.28125,1.0,0.9921568627450981,0.9882352941176471,0.9764705882352941,0.9529411764705882,0.9372549019607843,0.9850903148834959,0.9435077427983932,0.4950317442417145,0.9198774099349976,0.42484569549560547,256,cooking_techniques,0,22,8,C
0.32421875,1.3422117254969683,5.8984375,0.4959300594123899,-0.04489127034465989,0.8639198416027875,0.012048192771084338,0.3515625,1.0,0.9921568627450981,0.9882352941176471,0.984313725490196,0.9803921568627451,0.9764705882352941,0.9960237907202696,0.9999944443325324,0.4950317442417145,0.9198774099349976,0.42484569549560547,256,cooking_techniques,0,22,16,C
0.36328125,-0.6332595611059524,5.85546875,0.8080060094796454,0.5464298618844283,0.9868831092903454,0.0,0.2734375,1.0,0.9881889763779528,0.984251968503937,0.9803149606299213,0.9763779527559056,0.9724409448818898,0.995991916224948,0.9999943547231583,0.5157420635223389,0.873253583908081,0.3575115203857422,256,cooking_techniques,0,23,4,C
0.31640625,-0.23284515771190017,5.76953125,-0.2833816243792828,0.23200625708300715,0.9263295913583479,0.024691358024691357,0.3671875,1.0,0.9921568627450981,0.9882352941176471,0.9725490196078431,0.9372549019607843,0.9019607843137255,0.9759356866960324,0.908300046503494,0.5157420635223389,0.873253583908081,0.3575115203857422,256,cooking_techniques,0,23,8,C
0.25390625,-1.059359950342537,5.8984375,0.4959300594123899,-0.04489127034465989,0.7690069992019473,0.03076923076923077,0.4921875,1.0,0.9921568627450981,0.9882352941176471,0.984313725490196,0.9803921568627451,0.9764705882352941,0.9960237907202696,0.9999944443325324,0.5157420635223389,0.873253583908081,0.3575115203857422,256,cooking_techniques,0,23,16,C
0.37109375,-0.34008383837171474,5.85546875,0.8080060094796454,0.5464298618844283,0.9532438393966335,0.0,0.2578125,1.0,0.9881889763779528,0.984251968503937,0.9803149606299213,0.9763779527559056,0.9724409448818898,0.995991916224948,0.9999943547231583,0.5475223064422607,0.8922439813613892,0.3447217047214508,256,cooking_techniques,0,24,4,C
0.34765625,0.9612325741439964,5.49609375,-2.1654227730083027,-1.2893462483793363,1.1472038319990325,0.0,0.3046875,1.0,0.9683794466403162,0.9407114624505929,0.9130434782608695,0.8814229249011858,0.857707509881423,0.9696868820352729,0.9986658245036089,0.5475223064422607,0.8922439813613892,0.3447217047214508,256,cooking_techniques,0,24,8,C
0.26953125,-0.5256773557115358,5.8984375,0.4959300594123899,-0.04489127034465989,0.7652203172514318,0.014492753623188406,0.4609375,1.0,0.9921568627450981,0.9882352941176471,0.984313725490196,0.9803921568627451,0.9764705882352941,0.9960237907202696,0.9999944443325324,0.5475223064422607,0.8922439813613892,0.3447217047214508,256,cooking_techniques,0,24,16,C
0.4375,2.1519098048693057,5.85546875,0.8080060094796454,0.5464298618844283,0.7701858128869764,0.0,0.125,1.0,0.9881889763779528,0.984251968503937,0.9803149606299213,0.9763779527559056,0.9724409448818898,0.995991916224948,0.9999943547231583,0.6372390985488892,1.0414173603057861,0.4041781425476074,256,cooking_techniques,0,25,4,C
0.3046875,-0.6806243071578614,5.8671875,0.3887759287025099,0.23200625708300715,0.7511014839244022,0.0,0.390625,1.0,0.9921568627450981,0.9882352941176471,0.9803921568627451,0.9686274509803922,0.9607843137254902,0.9916051048653305,0.9748589318108465,0.6372390985488892,1.0414173603057861,0.4041781425476074,256,cooking_techniques,0,25,8,C
0.34375,2.00931496878572,5.859375,0.06393523414027395,-0.4189851898834781,0.7659563304608253,0.0,0.3125,1.0,0.9882352941176471,0.9803921568627451,0.9764705882352941,0.9725490196078431,0.9647058823529412,0.9943930504611007,0.9799797895417592,0.6372390985488892,1.0414173603057861,0.4041781425476074,256,cooking_techniques,0,25,16,C
0.421875,1.5655583594008304,5.85546875,0.8080060094796454,0.5464298618844283,0.8782263618014919,0.0,0.15625,1.0,0.9881889763779528,0.984251968503937,0.9803149606299213,0.9763779527559056,0.9724409448818898,0.995991916224948,0.9999943547231583,0.52738356590271,0.8426675200462341,0.3152838945388794,256,cooking_techniques,0,26,4,C
0.3203125,-0.0835854412299131,5.8671875,0.3887759287025099,0.23200625708300715,0.6585388898066349,0.0,0.359375,1.0,0.9921568627450981,0.9882352941176471,0.9803921568627451,0.9686274509803922,0.9607843137254902,0.9916051048653305,0.9748589318108465,0.52738356590271,0.8426675200462341,0.3152838945388794,256,cooking_techniques,0,26,8,C
0.265625,-0.6590980043692862,5.859375,0.06393523414027395,-0.4189851898834781,0.8215676558387791,0.029411764705882353,0.46875,1.0,0.9882352941176471,0.9803921568627451,0.9764705882352941,0.9725490196078431,0.9647058823529412,0.9943930504611007,0.9799797895417592,0.52738356590271,0.8426675200462341,0.3152838945388794,256,cooking_techniques,0,26,16,C
0.3359375,-1.6593745906757844,5.85546875,0.8080060094796454,0.5464298618844283,1.038758469538668,0.0,0.328125,1.0,0.9881889763779528,0.984251968503937,0.9803149606299213,0.9763779527559056,0.9724409448818898,0.995991916224948,0.9999943547231583,0.5414515733718872,0.9051574468612671,0.36370590329170227,256,cooking_techniques,0,27,4,C
0.3984375,2.9016088884098283,5.48046875,-2.2729679815013895,-1.4795153115621293,0.9766001779110093,0.0,0.203125,1.0,0.9682539682539683,0.9444444444444444,0.9166666666666666,0.8809523809523809,0.8571428571428571,0.969148631181382,0.9943002945092857,0.5414515733718872,0.9051574468612671,0.36370590329170227,256,cooking_techniques,0,27,8,C
0.30859375,0.8085291308659671,5.8984375,0.4959300594123899,-0.04489127034465989,0.9591120058635905,0.012658227848101266,0.3828125,1.0,0.9921568627450981,0.9882352941176471,0.984313725490196,0.9803921568627451,0.9764705882352941,0.9960237907202696,0.9999944443325324,0.5414515733718872,0.9051574468612671,0.36370590329170227,256,cooking_techniques,0,27,16,C
0.328125,-1.9525503134100222,5.85546875,0.8080060094796454,0.5464298618844283,1.0375042905117577,0.0,0.34375,1.0,0.9881889763779528,0.984251968503937,0.9803149606299213,0.9763779527559056,0.9724409448818898,0.995991916224948,0.9999943547231583,0.5513810515403748,0.8941373825073242,0.3427563011646271,256,cooking_techniques,0,28,4,C
0.27734375,-1.725442322531771,5.82421875,0.09302660534652109,0.23200625708300715,1.0685477451141654,0.0,0.4453125,1.0,0.9921568627450981,0.9882352941176471,0.9764705882352941,0.9529411764705882,0.9372549019607843,0.9850903148834959,0.9435077427983932,0.5513810515403748,0.8941373825073242,0.3427563011646271,256,cooking_techniques,0,28,8,C
0.20703125,-2.6604077342355406,5.8984375,0.4959300594123899,-0.04489127034465989,0.7287570295687736,0.05660377358490566,0.5859375,1.0,0.9921568627450981,0.9882352941176471,0.984313725490196,0.9803921568627451,0.9764705882352941,0.9960237907202696,0.9999944443325324,0.5513810515403748,0.8941373825073242,0.3427563011646271,256,cooking_techniques,0,28,16,C
0.34765625,-1.219611006574428,5.85546875,0.8080060094796454,0.5464298618844283,1.147409793954972,0.0,0.3046875,1.0,0.9881889763779528,0.984251968503937,0.9803149606299213,0.9763779527559056,0.9724409448818898,0.995991916224948,0.9999943547231583,0.5444965362548828,0.9091815948486328,0.3646849989891052,256,cooking_techniques,0,29,4,C
0.27734375,-1.725442322531771,5.82421875,0.09302660534652109,0.23200625708300715,1.2604821211069814,0.0,0.4453125,1.0,0.9921568627450981,0.9882352941176471,0.9764705882352941,0.9529411764705882,0.9372549019607843,0.9850903148834959,0.9435077427983932,0.5444965362548828,0.9091815948486328,0.3646849989891052,256,cooking_techniques,0,29,8,C
0.2265625,-1.9933044909467892,5.8984375,0.4959300594123899,-0.04489127034465989,0.7471822522271641,0.05172413793103448,0.546875,1.0,0.9921568627450981,0.9882352941176471,0.984313725490196,0.9803921568627451,0.9764705882352941,0.9960237907202696,0.9999944443325324,0.5444965362548828,0.9091815948486328,0.3646849989891052,256,cooking_techniques,0,29,16,C
0.3125,-2.5389017588784974,5.85546875,0.8080060094796454,0.5464298618844283,1.2228061164683288,0.0,0.375,1.0,0.9881889763779528,0.984251968503937,0.9803149606299213,0.9763779527559056,0.9724409448818898,0.995991916224948,0.9999943547231583,0.4553849697113037,0.7705044746398926,0.31511953473091125,256,cooking_techniques,1,0,4,C
0.203125,-4.561376935689525,5.8671875,0.3887759287025099,0.23200625708300715,0.9182878823425431,0.0,0.59375,1.0,0.9921568627450981,0.9882352941176471,0.9803921568627451,0.9686274509803922,0.9607843137254902,0.9916051048653305,0.9748589318108465,0.4553849697113037,0.7705044746398926,0.31511953473091125,256,cooking_techniques,1,0,8,C
0.22265625,-2.1267251396045395,5.859375,0.06393523414027395,-0.4189851898834781,0.7642826702209072,0.0,0.5546875,1.0,0.9882352941176471,0.9803921568627451,0.9764705882352941,0.9725490196078431,0.9647058823529412,0.9943930504611007,0.9799797895417592,0.4553849697113037,0.7705044746398926,0.31511953473091125,256,cooking_techniques,1,0,16,C
0.390625,0.39285546846387953,5.75390625,0.4188219367402832,0.5464298618844283,0.7119564690091856,0.0,0.21875,1.0,0.9881889763779528,0.9803149606299213,0.9645669291338582,0.9409448818897638,0.9251968503937008,0.9828758936496327,0.9739914594235483,0.49553996324539185,0.8123376369476318,0.31679767370224,256,cooking_techniques,1,1,4,C
0.34375,0.8119728576620093,5.81640625,0.039254001099977676,0.23200625708300715,0.7981743382022176,0.0,0.3125,1.0,0.9921568627450981,0.9882352941176471,0.9803921568627451,0.9529411764705882,0.9254901960784314,0.9826047735709468,0.8903317330080013,0.49553996324539185,0.8123376369476318,0.31679767370224,256,cooking_techniques,1,1,8,C
0.26953125,-0.5256773557115358,5.88671875,0.36633161183075513,-0.04489127034465989,0.8178953499757815,0.0,0.4609375,1.0,0.9921568627450981,0.9882352941176471,0.984313725490196,0.9764705882352941,0.9686274509803922,0.9940201016674323,0.9687756235949231,0.49553996324539185,0.8123376369476318,0.31679767370224,256,cooking_techniques,1,1,16,C
0.34375,-1.3661988679415467,5.79296875,0.5685081185631148,0.5464298618844283,0.8154754651993189,0.0,0.3125,1.0,0.9881889763779528,0.984251968503937,0.9763779527559056,0.9566929133858267,0.9330708661417323,0.9857835152544285,0.9051998753994156,0.43745216727256775,0.7152144312858582,0.277762234210968,256,cooking_techniques,1,2,4,C
0.3359375,0.5134534246980352,5.81640625,0.039254001099977676,0.23200625708300715,0.8164327986101353,0.0,0.328125,1.0,0.9921568627450981,0.9882352941176471,0.9764705882352941,0.9529411764705882,0.9294117647058824,0.9834360816755073,0.9264819843357027,0.43745216727256775,0.7152144312858582,0.277762234210968,256,cooking_techniques,1,2,8,C
0.30859375,0.8085291308659671,5.76953125,-0.9296528639855928,-0.4189851898834781,0.8056545774453194,0.012658227848101266,0.3828125,1.0,0.9882352941176471,0.9764705882352941,0.9607843137254902,0.9411764705882353,0.9254901960784314,0.9833394934511261,0.9923915526941688,0.43745216727256775,0.7152144312858582,0.277762234210968,256,cooking_techniques,1,2,16,C
0.3125,-2.5389017588784974,5.85546875,0.8080060094796454,0.5464298618844283,0.9867593286500309,0.0,0.375,1.0,0.9881889763779528,0.984251968503937,0.9803149606299213,0.9763779527559056,0.9724409448818898,0.995991916224948,0.9999943547231583,0.536919116973877,0.8849347829818726,0.34801560640335083,256,cooking_techniques,1,3,4,C
0.2890625,-1.2776631730858097,5.87109375,0.41566223082578163,0.23200625708300715,0.8461986328024452,0.0,0.421875,1.0,0.9921568627450981,0.9882352941176471,0.984313725490196,0.9725490196078431,0.9568627450980393,0.991194708835577,0.907297909241472,0.536919116973877,0.8849347829818726,0.34801560640335083,256,cooking_techniques,1,3,8,C
0.21875,-2.2601457882622897,5.87109375,0.19353368172190874,-0.04489127034465989,0.7132488064584029,0.017857142857142856,0.5625,1.0,0.9921568627450981,0.9882352941176471,0.984313725490196,0.9725490196078431,0.9568627450980393,0.991194708835577,0.907297909241472,0.536919116973877,0.8849347829818726,0.34801560640335083,256,cooking_techniques,1,3,16,C
0.40625,0.9792069139323549,5.85546875,0.8080060094796454,0.5464298618844283,1.0293148784401391,0.0,0.1875,1.0,0.9881889763779528,0.984251968503937,0.9803149606299213,0.9763779527559056,0.9724409448818898,0.995991916224948,0.9999943547231583,0.5260919332504272,0.8546031713485718,0.3285112977027893,256,cooking_techniques,1,4,4,C
0.3125,-0.3821048741938873,5.83984375,0.20057181383960793,0.23200625708300715,0.9856210949943625,0.0,0.375,1.0,0.9921568627450981,0.9882352941176471,0.9803921568627451,0.9607843137254902,0.9411764705882353,0.9867217435014217,0.920062037322112,0.5260919332504272,0.8546031713485718,0.3285112977027893,256,cooking_techniques,1,4,8,C
0.26953125,-0.5256773557115358,5.8828125,0.3231321293035435,-0.04489127034465989,0.8356355198866584,0.0,0.4609375,1.0,0.9921568627450981,0.9882352941176471,0.984313725490196,0.9764705882352941,0.9647058823529412,0.9932139204753206,0.9364361851440661,0.5260919332504272,0.8546031713485718,0.3285112977027893,256,cooking_techniques,1,4,16,C
0.3828125,0.09967974572964182,5.41796875,-0.8684792269360688,-0.8799934723520342,0.8108859352584679,0.0,0.234375,1.0,0.9558232931726908,0.9357429718875502,0.9196787148594378,0.891566265060241,0.8674698795180723,0.9760567386785429,0.9888805942352309,0.48350435495376587,0.768377423286438,0.28487303853034973,256,cooking_techniques,1,5,4,C
0.265625,-2.1732214719777323,5.8828125,0.49632113719559673,0.23200625708300715,0.7794877902843831,0.014705882352941176,0.46875,1.0,0.9921568627450981,0.9882352941176471,0.984313725490196,0.9764705882352941,0.9647058823529412,0.9932139204753206,0.9364361851440661,0.48350435495376587,0.768377423286438,0.28487303853034973,256,cooking_techniques,1,5,8,C
0.23046875,-1.859883842289039,5.88671875,0.36633161183075513,-0.04489127034465989,1.026330345532881,0.03389830508474576,0.5390625,1.0,0.9921568627450981,0.9882352941176471,0.984313725490196,0.9764705882352941,0.9686274509803922,0.9940201016674323,0.9687756235949231,0.48350435495376587,0.768377423286438,0.28487303853034973,256,cooking_techniques,1,5,16,C
0.3828125,0.09967974572964182,5.85546875,0.8080060094796454,0.5464298618844283,0.8215244060919308,0.0,0.234375,1.0,0.9881889763779528,0.984251968503937,0.9803149606299213,0.9763779527559056,0.9724409448818898,0.995991916224948,0.9999943547231583,0.5008472204208374,0.8698219060897827,0.3689746558666229,256,cooking_techniques,1,6,4,C
0.23828125,-3.218039487351642,5.7734375,-0.2564953222560111,0.23200625708300715,1.0588976330232611,0.01639344262295082,0.5234375,1.0,0.9921568627450981,0.9882352941176471,0.9686274509803922,0.9333333333333333,0.9137254901960784,0.9780582519340206,0.9409332251530196,0.5008472204208374,0.8698219060897827,0.3689746558666229,256,cooking_techniques,1,6,8,C
0.26171875,-0.7925186530270365,5.7265625,-1.4048471717849202,-0.4189851898834781,0.8549382795494209,0.0,0.4765625,1.0,0.9882352941176471,0.9725490196078431,0.9490196078431372,0.9254901960784314,0.9137254901960784,0.9795736814413732,0.9893050872140156,0.5008472204208374,0.8698219060897827,0.3689746558666229,256,cooking_techniques,1,6,16,C
0.3359375,-1.6593745906757844,5.58203125,-0.23979726328017598,0.5464298618844283,0.9541377367852303,0.0,0.328125,1.0,0.9881889763779528,0.9803149606299213,0.9488188976377953,0.8818897637795275,0.8267716535433071,0.9548034548293944,0.9201783298340891,0.5383188724517822,0.8890708684921265,0.35075199604034424,256,cooking_techniques,1,7,4,C
0.33203125,0.36419370821604813,5.8359375,0.17368551171633623,0.23200625708300715,0.7954314963732143,0.0,0.3359375,1.0,0.9921568627450981,0.9882352941176471,0.984313725490196,0.9607843137254902,0.9333333333333333,0.9850716979049466,0.8584097301736444,0.5383188724517822,0.8890708684921265,0.35075199604034424,256,cooking_techniques,1,7,8,C
0.234375,-1.7264631936312886,5.88671875,0.36633161183075513,-0.04489127034465989,0.8485092810335075,0.0,0.53125,1.0,0.9921568627450981,0.9882352941176471,0.984313725490196,0.9764705882352941,0.9686274509803922,0.9940201016674323,0.9687756235949231,0.5383188724517822,0.8890708684921265,0.35075199604034424,256,cooking_techniques,1,7,16,C
0.25390625,-4.737719679385281,5.85546875,0.8080060094796454,0.5464298618844283,1.0750720715572704,0.0,0.4921875,1.0,0.9881889763779528,0.984251968503937,0.9803149606299213,0.9763779527559056,0.9724409448818898,0.995991916224948,0.9999943547231583,0.4537488520145416,0.8267229199409485,0.3729740381240845,256,cooking_techniques,1,8,4,C
0.2734375,-1.874702039013758,5.88671875,0.5232074393188685,0.23200625708300715,0.9988095233874766,0.0,0.453125,1.0,0.9921568627450981,0.9882352941176471,0.984313725490196,0.9764705882352941,0.9686274509803922,0.9940201016674323,0.9687756235949231,0.4537488520145416,0.8267229199409485,0.3729740381240845,256,cooking_techniques,1,8,8,C
0.26953125,-0.5256773557115358,5.640625,-2.355235787383575,-2.6635487071163877,0.9201979879754218,0.0,0.4609375,1.0,0.9723320158102767,0.9525691699604744,0.9367588932806324,0.924901185770751,0.9209486166007905,0.9862886701761586,0.9512910454814443,0.4537488520145416,0.8267229199409485,0.3729740381240845,256,cooking_techniques,1,8,16,C
0.38671875,0.24626760709676068,5.70703125,0.2391985185528852,0.5464298618844283,0.7370936756031579,0.0,0.2265625,1.0,0.9881889763779528,0.984251968503937,0.968503937007874,0.9251968503937008,0.8858267716535433,0.9723319234755675,0.8976115900759281,0.49204885959625244,0.7831835746765137,0.29113468527793884,256,cooking_techniques,1,9,4,C
0.3203125,-0.0835854412299131,5.82421875,0.09302660534652109,0.23200625708300715,0.9216777071831386,0.0,0.359375,1.0,0.9921568627450981,0.9882352941176471,0.984313725490196,0.9607843137254902,0.9215686274509803,0.9825757071211135,0.817145897382321,0.49204885959625244,0.7831835746765137,0.29113468527793884,256,cooking_techniques,1,9,8,C
0.265625,-0.6590980043692862,5.88671875,0.36633161183075513,-0.04489127034465989,0.9245435637163738,0.0,0.46875,1.0,0.9921568627450981,0.9882352941176471,0.984313725490196,0.9764705882352941,0.9686274509803922,0.9940201016674323,0.9687756235949231,0.49204885959625244,0.7831835746765137,0.29113468527793884,256,cooking_techniques,1,9,16,C
0.3359375,-1.6593745906757844,5.76171875,0.4487591731048495,0.5464298618844283,0.9187818021706785,0.0,0.328125,1.0,0.9881889763779528,0.9803149606299213,0.9645669291338582,0.9448818897637795,0.9291338582677166,0.9841217852074142,0.9810834840106255,0.49525609612464905,0.8145579099655151,0.3193018138408661,256,cooking_techniques,1,10,4,C
0.3671875,1.7075311565539317,5.80078125,-0.06829120739310916,0.23200625708300715,0.8808697700926649,0.0,0.265625,1.0,0.9921568627450981,0.984313725490196,0.9725490196078431,0.9490196078431372,0.9254901960784314,0.9825902734967891,0.9496524925456169,0.49525609612464905,0.8145579099655151,0.3193018138408661,256,cooking_techniques,1,10,8,C
0.24609375,-1.3262012476580378,5.94140625,0.9711243672117175,0.7032965687329766,0.908949711803005,0.015873015873015872,0.5078125,1.0,0.99609375,0.9921875,0.98828125,0.984375,0.98046875,0.9960551622400232,0.9999945318250933,0.49525609612464905,0.8145579099655151,0.3193018138408661,256,cooking_techniques,1,10,16,C
0.375,-0.1934959770045959,5.8125,0.6433512094745306,0.5464298618844283,0.734560233640133,0.0,0.25,1.0,0.9881889763779528,0.984251968503937,0.9763779527559056,0.9645669291338582,0.9448818897637795,0.9890770198604105,0.9219852919616094,0.6134648323059082,0.9032386541366577,0.2897738218307495,256,cooking_techniques,1,11,4,C
0.3671875,1.7075311565539317,5.81640625,0.039254001099977676,0.23200625708300715,0.8320603251259909,0.0,0.265625,1.0,0.9921568627450981,0.984313725490196,0.9725490196078431,0.9529411764705882,0.9372549019607843,0.9854820792899371,0.974016810713606,0.6134648323059082,0.9032386541366577,0.2897738218307495,256,cooking_techniques,1,11,8,C
0.29296875,0.2748465362349659,5.6328125,-2.4416347524379987,-3.037642626655206,0.7929333247420712,0.013333333333333334,0.4140625,1.0,0.9722222222222222,0.9523809523809523,0.9404761904761905,0.9325396825396826,0.9246031746031746,0.9879242123585696,0.9587034178812517,0.6134648323059082,0.9032386541366577,0.2897738218307495,256,cooking_techniques,1,11,16,C
0.36328125,-0.6332595611059524,5.85546875,0.8080060094796454,0.5464298618844283,0.7868926229162402,0.0,0.2734375,1.0,0.9881889763779528,0.984251968503937,0.9803149606299213,0.9763779527559056,0.9724409448818898,0.995991916224948,0.9999943547231583,0.4523136019706726,0.8052948117256165,0.3529811501502991,256,cooking_techniques,1,12,4,C
0.3515625,1.1104922906259835,5.87109375,0.41566223082578163,0.23200625708300715,0.9101736098129849,0.0,0.296875,1.0,0.9921568627450981,0.9882352941176471,0.984313725490196,0.9725490196078431,0.9568627450980393,0.991194708835577,0.907297909241472,0.4523136019706726,0.8052948117256165,0.3529811501502991,256,cooking_techniques,1,12,8,C
0.28515625,0.008005238919465321,5.87109375,0.19353368172190874,-0.04489127034465989,0.902424431317796,0.0136986301369863,0.4296875,1.0,0.9921568627450981,0.9882352941176471,0.984313725490196,0.9725490196078431,0.9568627450980393,0.991194708835577,0.907297909241472,0.4523136019706726,0.8052948117256165,0.3529811501502991,256,cooking_techniques,1,12,16,C
0.33984375,-1.5127867293086656,5.83984375,0.7481315367505127,0.5464298618844283,0.9466522758946276,0.0,0.3203125,1.0,0.9881889763779528,0.984251968503937,0.9803149606299213,0.9724409448818898,0.9606299212598425,0.9931593039244523,0.9364209402290568,0.41305655241012573,0.7129403352737427,0.29988378286361694,256,cooking_techniques,1,13,4,C
0.359375,1.4090117235899577,5.88671875,0.5232074393188685,0.23200625708300715,0.7815332504688737,0.0,0.28125,1.0,0.9921568627450981,0.9882352941176471,0.984313725490196,0.9764705882352941,0.9686274509803922,0.9940201016674323,0.9687756235949231,0.41305655241012573,0.7129403352737427,0.29988378286361694,256,cooking_techniques,1,13,8,C
0.3125,0.9419497795237175,5.4921875,-3.996816123417616,-3.411736546194024,0.8961965769055277,0.0,0.375,1.0,0.9682539682539683,0.9444444444444444,0.9166666666666666,0.8849206349206349,0.8650793650793651,0.9713732153242437,0.9957961889530662,0.41305655241012573,0.7129403352737427,0.29988378286361694,256,cooking_techniques,1,13,16,C
0.36328125,-0.6332595611059524,5.72265625,0.29907299128201786,0.10753037442705528,1.0415450876617582,0.0,0.2734375,1.0,0.9801587301587301,0.9761904761904762,0.9682539682539683,0.9523809523809523,0.9365079365079365,0.9884862290967703,0.940021740940929,0.5382888317108154,0.9737216234207153,0.4354327917098999,256,cooking_techniques,1,14,4,C
0.3515625,1.1104922906259835,5.90625,0.657638949935227,0.42217532026580007,0.8559211920961185,0.011111111111111112,0.296875,1.0,0.9921875,0.984375,0.98046875,0.9765625,0.97265625,0.9952382820213871,0.9739216617740921,0.5382888317108154,0.9737216234207153,0.4354327917098999,256,cooking_techniques,1,14,8,C
0.265625,-0.6590980043692862,5.8984375,0.4959300594123899,-0.04489127034465989,0.8231233953428219,0.014705882352941176,0.46875,1.0,0.9921568627450981,0.9882352941176471,0.984313725490196,0.9803921568627451,0.9764705882352941,0.9960237907202696,0.9999944443325324,0.5382888317108154,0.9737216234207153,0.4354327917098999,256,cooking_techniques,1,14,16,C
0.3515625,-1.073023145207309,5.80859375,0.6283825912922474,0.5464298618844283,1.0681705303820004,0.0,0.296875,1.0,0.9881889763779528,0.984251968503937,0.9763779527559056,0.9606299212598425,0.9448818897637795,0.9886725715330481,0.9400593359396138,0.5292036533355713,0.9330947399139404,0.40389108657836914,256,cooking_techniques,1,15,4,C
0.29296875,-1.1284034566038226,5.88671875,0.5232074393188685,0.23200625708300715,1.1079162671235179,0.0,0.4140625,1.0,0.9921568627450981,0.9882352941176471,0.984313725490196,0.9764705882352941,0.9686274509803922,0.9940201016674323,0.9687756235949231,0.5292036533355713,0.9330947399139404,0.40389108657836914,256,cooking_techniques,1,15,8,C
0.26171875,-0.7925186530270365,5.62109375,-2.571233200019633,-3.037642626655206,1.1376329051639815,0.0,0.4765625,1.0,0.9722222222222222,0.9563492063492064,0.9404761904761905,0.9246031746031746,0.9166666666666666,0.9849701449182304,0.9889864035247481,0.5292036533355713,0.9330947399139404,0.40389108657836914,256,cooking_techniques,1,15,16,C
0.34765625,-1.219611006574428,5.75,0.403853318558,0.5464298618844283,0.9888397016745997,0.0,0.3046875,1.0,0.9881889763779528,0.984251968503937,0.968503937007874,0.9409448818897638,0.9133858267716536,0.97996066087632,0.9297926506307447,0.4923907518386841,0.9579087495803833,0.46551793813705444,256,cooking_techniques,1,16,4,C
0.29296875,-1.1284034566038226,5.859375,0.3350033244559665,0.23200625708300715,0.9688955630356545,0.013333333333333334,0.4140625,1.0,0.9921568627450981,0.9882352941176471,0.9803921568627451,0.9686274509803922,0.9529411764705882,0.9899808453561905,0.9446559737145406,0.4923907518386841,0.9579087495803833,0.46551793813705444,256,cooking_techniques,1,16,8,C
0.28515625,0.008005238919465321,5.859375,0.06393523414027395,-0.4189851898834781,0.7766431633476234,0.0,0.4296875,1.0,0.9882352941176471,0.9803921568627451,0.9764705882352941,0.9725490196078431,0.9647058823529412,0.9943930504611007,0.9799797895417592,0.4923907518386841,0.9579087495803833,0.46551793813705444,256,cooking_techniques,1,16,16,C
0.41015625,1.1257947752994737,5.85546875,0.8080060094796454,0.5464298618844283,0.9158889315123381,0.0,0.1796875,1.0,0.9881889763779528,0.984251968503937,0.9803149606299213,0.9763779527559056,0.9724409448818898,0.995991916224948,0.9999943547231583,0.4551790952682495,0.8194778561592102,0.3642987906932831,256,cooking_techniques,1,17,4,C
0.3203125,-0.0835854412299131,5.8828125,0.49632113719559673,0.23200625708300715,0.974707083523301,0.0,0.359375,1.0,0.9921568627450981,0.9882352941176471,0.984313725490196,0.9764705882352941,0.9647058823529412,0.9932139204753206,0.9364361851440661,0.4551790952682495,0.8194778561592102,0.3642987906932831,256,cooking_techniques,1,17,8,C
0.265625,-0.6590980043692862,5.73828125,-1.2752487242032855,-0.4189851898834781,1.0227435467812296,0.0,0.46875,1.0,0.9882352941176471,0.9764705882352941,0.9568627450980393,0.9294117647058824,0.9098039215686274,0.9787513829503991,0.9820796501316977,0.4551790952682495,0.8194778561592102,0.3642987906932831,256,cooking_techniques,1,17,16,C
0.36328125,-0.6332595611059524,5.85546875,0.8080060094796454,0.5464298618844283,0.8716005503526479,0.0,0.2734375,1.0,0.9881889763779528,0.984251968503937,0.9803149606299213,0.9763779527559056,0.9724409448818898,0.995991916224948,0.9999943547231583,0.4834951162338257,0.8400996923446655,0.35660457611083984,256,cooking_techniques,1,18,4,C
0.3359375,0.5134534246980352,5.87109375,0.41566223082578163,0.23200625708300715,0.7759402065664649,0.0,0.328125,1.0,0.9921568627450981,0.9882352941176471,0.984313725490196,0.9725490196078431,0.9568627450980393,0.991194708835577,0.907297909241472,0.4834951162338257,0.8400996923446655,0.35660457611083984,256,cooking_techniques,1,18,8,C
0.30078125,0.5416878335504666,5.87109375,0.19353368172190874,-0.04489127034465989,0.9468810871316347,0.0,0.3984375,1.0,0.9921568627450981,0.9882352941176471,0.984313725490196,0.9725490196078431,0.9568627450980393,0.991194708835577,0.907297909241472,0.4834951162338257,0.8400996923446655,0.35660457611083984,256,cooking_techniques,1,18,16,C
0.3984375,0.6860311911981172,5.81640625,0.6583198276568137,0.5464298618844283,0.910665690580248,0.0,0.203125,1.0,0.9881889763779528,0.984251968503937,0.9803149606299213,0.9645669291338582,0.9448818897637795,0.9890770198604105,0.8860632711622155,0.4661991596221924,0.8512712717056274,0.38507211208343506,256,cooking_techniques,1,19,4,C
0.30078125,-0.8298840236398485,5.88671875,0.5232074393188685,0.23200625708300715,0.9150085675661105,0.0,0.3984375,1.0,0.9921568627450981,0.9882352941176471,0.984313725490196,0.9764705882352941,0.9686274509803922,0.9940201016674323,0.9687756235949231,0.4661991596221924,0.8512712717056274,0.38507211208343506,256,cooking_techniques,1,19,8,C
0.19921875,-2.9272490315510415,5.94140625,0.9711243672117175,0.7032965687329766,1.0800913161142238,0.0,0.6015625,1.0,0.99609375,0.9921875,0.98828125,0.984375,0.98046875,0.9960551622400232,0.9999945318250933,0.4661991596221924,0.8512712717056274,0.38507211208343506,256,cooking_techniques,1,19,16,C
0.41015625,1.1257947752994737,5.32421875,-1.2277260633108646,-1.648067575402437,0.7642985206009849,0.0,0.1796875,1.0,0.9390243902439024,0.9146341463414634,0.9024390243902439,0.8943089430894309,0.8902439024390244,0.9871665780259771,0.9065478675012028,0.4584628939628601,0.8383275270462036,0.37986457347869873,256,cooking_techniques,1,20,4,C
0.3203125,-0.0835854412299131,5.88671875,0.5232074393188685,0.23200625708300715,0.8498667132550046,0.0,0.359375,1.0,0.9921568627450981,0.9882352941176471,0.984313725490196,0.9764705882352941,0.9686274509803922,0.9940201016674323,0.9687756235949231,0.4584628939628601,0.8383275270462036,0.37986457347869873,256,cooking_techniques,1,20,8,C
0.22265625,-2.1267251396045395,5.94140625,0.9711243672117175,0.7032965687329766,0.7924592578411772,0.017543859649122806,0.5546875,1.0,0.99609375,0.9921875,0.98828125,0.984375,0.98046875,0.9960551622400232,0.9999945318250933,0.4584628939628601,0.8383275270462036,0.37986457347869873,256,cooking_techniques,1,20,16,C
0.375,-0.1934959770045959,5.62890625,-0.06017384509277804,0.5464298618844283,0.7200300347314045,0.0,0.25,1.0,0.9881889763779528,0.9763779527559056,0.9448818897637795,0.8976377952755905,0.8661417322834646,0.9658242566282725,0.9636096611271981,0.42485934495925903,0.694369375705719,0.2695100009441376,256,cooking_techniques,1,21,4,C
0.32421875,0.06567427525207398,5.828125,0.1199129074697928,0.23200625708300715,0.8354994889997194,0.0,0.3515625,1.0,0.9921568627450981,0.9882352941176471,0.9803921568627451,0.9568627450980393,0.9333333333333333,0.9846688874133976,0.9037129728398197,0.42485934495925903,0.694369375705719,0.2695100009441376,256,cooking_techniques,1,21,8,C
0.2421875,-1.459621896315788,5.88671875,0.36633161183075513,-0.04489127034465989,0.8545574647365274,0.0,0.515625,1.0,0.9921568627450981,0.9882352941176471,0.984313725490196,0.9764705882352941,0.9686274509803922,0.9940201016674323,0.9687756235949231,0.42485934495925903,0.694369375705719,0.2695100009441376,256,cooking_techniques,1,21,16,C
0.359375,-0.7798474224730713,5.70703125,0.2391985185528852,0.5464298618844283,0.7976109780880305,0.0,0.28125,1.0,0.9881889763779528,0.9803149606299213,0.9645669291338582,0.9291338582677166,0.889763779527559,0.9739983229914176,0.9186877566199382,0.483445405960083,0.8503893613815308,0.36694395542144775,256,cooking_techniques,1,22,4,C
0.28515625,-1.4269228895677968,5.8671875,0.3887759287025099,0.23200625708300715,0.8963590836931447,0.0,0.4296875,1.0,0.9921568627450981,0.9882352941176471,0.9803921568627451,0.9686274509803922,0.9607843137254902,0.9916051048653305,0.9748589318108465,0.483445405960083,0.8503893613815308,0.36694395542144775,256,cooking_techniques,1,22,8,C
0.265625,-0.6590980043692862,5.83984375,-0.15206217849578402,-0.04489127034465989,0.90336744449364,0.0,0.46875,1.0,0.9921568627450981,0.984313725490196,0.9725490196078431,0.9607843137254902,0.9529411764705882,0.9895696949217284,0.9940945404460436,0.483445405960083,0.8503893613815308,0.36694395542144775,256,cooking_techniques,1,22,16,C
0.34765625,-1.219611006574428,5.81640625,0.6583198276568137,0.5464298618844283,0.9261596598553788,0.011235955056179775,0.3046875,1.0,0.9881889763779528,0.984251968503937,0.9763779527559056,0.9645669291338582,0.9488188976377953,0.9898998804165212,0.944636975578358,0.4332178831100464,0.785400927066803,0.3521830141544342,256,cooking_techniques,1,23,4,C
0.26953125,-2.023961755495745,5.81640625,0.039254001099977676,0.23200625708300715,0.6942095964864845,0.014492753623188406,0.4609375,1.0,0.9921568627450981,0.984313725490196,0.9725490196078431,0.9529411764705882,0.9372549019607843,0.9854820792899371,0.974016810713606,0.4332178831100464,0.785400927066803,0.3521830141544342,256,cooking_techniques,1,23,8,C
0.33984375,1.8758943201279696,5.62109375,-2.571233200019633,-3.037642626655206,0.8103152405747912,0.0,0.3203125,1.0,0.9722222222222222,0.9523809523809523,0.9365079365079365,0.9285714285714286,0.9206349206349206,0.9866539108837097,0.9582248143689337,0.4332178831100464,0.785400927066803,0.3521830141544342,256,cooking_techniques,1,23,16,C
0.3671875,-0.48667169973883356,5.75390625,0.4188219367402832,0.5464298618844283,0.8344579078659392,0.0,0.265625,1.0,0.9881889763779528,0.9803149606299213,0.9645669291338582,0.9409448818897638,0.9251968503937008,0.9828758936496327,0.9739914594235483,0.43823081254959106,0.794853687286377,0.3566228747367859,256,cooking_techniques,1,24,4,C
0.27734375,-1.725442322531771,5.81640625,0.039254001099977676,0.23200625708300715,0.9624967532412771,0.0,0.4453125,1.0,0.9921568627450981,0.9882352941176471,0.9803921568627451,0.9529411764705882,0.9254901960784314,0.9826047735709468,0.8903317330080013,0.43823081254959106,0.794853687286377,0.3566228747367859,256,cooking_techniques,1,24,8,C
0.25,-1.1927805990002873,5.88671875,0.36633161183075513,-0.04489127034465989,0.78863883971828,0.0,0.5,1.0,0.9921568627450981,0.9882352941176471,0.984313725490196,0.9764705882352941,0.9686274509803922,0.9940201016674323,0.9687756235949231,0.43823081254959106,0.794853687286377,0.3566228747367859,256,cooking_techniques,1,24,16,C
0.3984375,0.6860311911981172,5.85546875,0.8080060094796454,0.5464298618844283,0.7846013199061433,0.0,0.203125,1.0,0.9881889763779528,0.984251968503937,0.9803149606299213,0.9763779527559056,0.9724409448818898,0.995991916224948,0.9999943547231583,0.40260106325149536,0.781387209892273,0.3787861466407776,256,cooking_techniques,1,25,4,C
0.34375,0.8119728576620093,5.88671875,0.5232074393188685,0.23200625708300715,0.7952231269194762,0.011363636363636364,0.3125,1.0,0.9921568627450981,0.9882352941176471,0.984313725490196,0.9764705882352941,0.9686274509803922,0.9940201016674323,0.9687756235949231,0.40260106325149536,0.781387209892273,0.3787861466407776,256,cooking_techniques,1,25,8,C
0.265625,-0.6590980043692862,5.82421875,-0.32486010860463044,-0.4189851898834781,0.9006099247376346,0.0,0.46875,1.0,0.9882352941176471,0.9803921568627451,0.9686274509803922,0.9568627450980393,0.9529411764705882,0.9903441221790602,0.9799207293941192,0.40260106325149536,0.781387209892273,0.3787861466407776,256,cooking_techniques,1,25,16,C
0.42578125,1.7121462207679492,5.02734375,-2.365341045164385,-2.41614167845284,0.823013581116806,0.0,0.1484375,1.0,0.9218106995884774,0.8888888888888888,0.8600823045267489,0.823045267489712,0.8024691358024691,0.9651947323961763,0.9952405552632024,0.4193810820579529,0.781830906867981,0.36244988441467285,256,cooking_techniques,1,26,4,C
0.390625,2.603089455445854,5.80859375,-0.014518603146565745,0.23200625708300715,0.8192690730516788,0.0,0.21875,1.0,0.9921568627450981,0.9882352941176471,0.9803921568627451,0.9529411764705882,0.9176470588235294,0.9809336673422556,0.8673627828181076,0.4193810820579529,0.781830906867981,0.36244988441467285,256,cooking_techniques,1,26,8,C
0.30859375,0.8085291308659671,5.88671875,0.36633161183075513,-0.04489127034465989,0.8569223702306195,0.012658227848101266,0.3828125,1.0,0.9921568627450981,0.9882352941176471,0.984313725490196,0.9764705882352941,0.9686274509803922,0.9940201016674323,0.9687756235949231,0.4193810820579529,0.781830906867981,0.36244988441467285,256,cooking_techniques,1,26,16,C
0.35546875,-0.9264352838401901,5.79296875,0.5685081185631148,0.5464298618844283,0.9530812225238903,0.0,0.2890625,1.0,0.9881889763779528,0.984251968503937,0.9763779527559056,0.9566929133858267,0.9330708661417323,0.9857835152544285,0.9051998753994156,0.41224753856658936,0.7520526647567749,0.33980512619018555,256,cooking_techniques,1,27,4,C
0.32421875,0.06567427525207398,5.80078125,-0.06829120739310916,0.23200625708300715,1.0173600227912423,0.012048192771084338,0.3515625,1.0,0.9921568627450981,0.9882352941176471,0.9803921568627451,0.9529411764705882,0.9098039215686274,0.979251095396387,0.8437091874412612,0.41224753856658936,0.7520526647567749,0.33980512619018555,256,cooking_techniques,1,27,8,C
0.2578125,-0.9259393016847868,5.859375,0.06393523414027395,-0.04489127034465989,0.8697268491538467,0.0,0.484375,1.0,0.9921568627450981,0.9882352941176471,0.984313725490196,0.9686274509803922,0.9490196078431372,0.9891647017522548,0.8860873123784956,0.41224753856658936,0.7520526647567749,0.33980512619018555,256,cooking_techniques,1,27,16,C
0.33984375,-1.5127867293086656,5.85546875,0.8080060094796454,0.5464298618844283,0.9191711971941784,0.0,0.3203125,1.0,0.9881889763779528,0.984251968503937,0.9803149606299213,0.9763779527559056,0.9724409448818898,0.995991916224948,0.9999943547231583,0.3471301198005676,0.6911218762397766,0.34399178624153137,256,cooking_techniques,1,28,4,C
0.296875,-0.9791437401218356,5.87109375,0.41566223082578163,0.23200625708300715,0.9134706721385957,0.0,0.40625,1.0,0.9921568627450981,0.9882352941176471,0.984313725490196,0.9725490196078431,0.9568627450980393,0.991194708835577,0.907297909241472,0.3471301198005676,0.6911218762397766,0.34399178624153137,256,cooking_techniques,1,28,8,C
0.30078125,0.5416878335504666,5.87109375,0.19353368172190874,-0.04489127034465989,1.1543156695156354,0.0,0.3984375,1.0,0.9921568627450981,0.9882352941176471,0.984313725490196,0.9725490196078431,0.9568627450980393,0.991194708835577,0.907297909241472,0.3471301198005676,0.6911218762397766,0.34399178624153137,256,cooking_techniques,1,28,16,C
0.3671875,-0.48667169973883356,5.85546875,0.8080060094796454,0.5464298618844283,1.122502448035328,0.010638297872340425,0.265625,1.0,0.9881889763779528,0.984251968503937,0.9803149606299213,0.9763779527559056,0.9724409448818898,0.995991916224948,0.9999943547231583,0.516951322555542,0.8662335872650146,0.34928232431411743,256,cooking_techniques,1,29,4,C
0.33203125,0.36419370821604813,5.78125,-0.2027227180094677,0.23200625708300715,0.8998238790598142,0.0,0.3359375,1.0,0.9921568627450981,0.9882352941176471,0.9725490196078431,0.9411764705882353,0.9098039215686274,0.9780353740372555,0.9184787903570651,0.516951322555542,0.8662335872650146,0.34928232431411743,256,cooking_techniques,1,29,8,C
0.28515625,0.008005238919465321,5.734375,-1.318448206730497,-0.4189851898834781,0.8310458796818242,0.0136986301369863,0.4296875,1.0,0.9882352941176471,0.9725490196078431,0.9529411764705882,0.9333333333333333,0.9098039215686274,0.9795576856085653,0.993451290521565,0.516951322555542,0.8662335872650146,0.34928232431411743,256,cooking_techniques,1,29,16,C
0.34375,-1.3661988679415467,5.78515625,0.5385708821985484,0.5464298618844283,0.9157127586678038,0.0,0.3125,1.0,0.9881889763779528,0.984251968503937,0.9803149606299213,0.9566929133858267,0.9212598425196851,0.9832751277302967,0.830609585118012,0.48896610736846924,0.8534117937088013,0.3644457161426544,256,cooking_techniques,2,0,4,C
0.2890625,-1.2776631730858097,5.83984375,0.20057181383960793,0.23200625708300715,0.8342945081486045,0.0,0.421875,1.0,0.9921568627450981,0.9882352941176471,0.9803921568627451,0.9607843137254902,0.9411764705882353,0.9867217435014217,0.920062037322112,0.48896610736846924,0.8534117937088013,0.3644457161426544,256,cooking_techniques,2,0,8,C
0.2734375,-0.39225670705378557,5.85546875,0.02073575161306235,-0.7930791094222963,0.8140171988355037,0.0,0.453125,1.0,0.9881889763779528,0.984251968503937,0.9803149606299213,0.9763779527559056,0.9724409448818898,0.995991916224948,0.9999943547231583,0.48896610736846924,0.8534117937088013,0.3644457161426544,256,cooking_techniques,2,0,16,C
0.39453125,0.5394433298309984,5.55078125,-0.3595462087384413,-0.22164424116597453,0.8361817984146749,0.0,0.2109375,1.0,0.9721115537848606,0.9601593625498008,0.9442231075697212,0.9083665338645418,0.8764940239043825,0.9740883546684949,0.9492917705629711,0.48686838150024414,0.7890667915344238,0.3021983802318573,256,cooking_techniques,2,1,4,C
0.31640625,-0.23284515771190017,5.78515625,-0.175836415886196,0.23200625708300715,0.7078410248088061,0.0,0.3671875,1.0,0.9921568627450981,0.9882352941176471,0.9764705882352941,0.9411764705882353,0.9098039215686274,0.9780353740372555,0.8991901749989408,0.48686838150024414,0.7890667915344238,0.3021983802318573,256,cooking_techniques,2,1,8,C
0.30078125,0.5416878335504666,5.6015625,-2.787230612655691,-1.1671730289611146,0.8160392147439977,0.012987012987012988,0.3984375,1.0,0.984251968503937,0.968503937007874,0.9330708661417323,0.889763779527559,0.8700787401574803,0.9674037938197247,0.9768862570957946,0.48686838150024414,0.7890667915344238,0.3021983802318573,256,cooking_techniques,2,1,16,C
0.41796875,1.4189704980337114,5.73046875,0.32901022764658416,0.5464298618844283,0.7683925955228627,0.0,0.1640625,1.0,0.9881889763779528,0.984251968503937,0.9724409448818898,0.937007874015748,0.8937007874015748,0.9752907876084245,0.8735483650621556,0.4557405710220337,0.830174446105957,0.37443387508392334,256,cooking_techniques,2,2,4,C
0.32421875,0.06567427525207398,5.83203125,0.1467992095930645,0.23200625708300715,0.964044531525239,0.0,0.3515625,1.0,0.9921568627450981,0.9882352941176471,0.9764705882352941,0.9568627450980393,0.9411764705882353,0.9863182582816482,0.9518797619329816,0.4557405710220337,0.830174446105957,0.37443387508392334,256,cooking_techniques,2,2,8,C
0.27734375,-0.2588360583960353,5.5390625,-3.478422333091077,-3.037642626655206,1.0836527862295797,0.0,0.4453125,1.0,0.9683794466403162,0.9407114624505929,0.9209486166007905,0.8972332015810277,0.8774703557312253,0.9758482059516116,0.9977841816810914,0.4557405710220337,0.830174446105957,0.37443387508392334,256,cooking_techniques,2,2,16,C
0.37109375,-0.34008383837171474,5.70703125,0.2391985185528852,0.5464298618844283,0.9174157636008697,0.0,0.2578125,1.0,0.9881889763779528,0.9763779527559056,0.952755905511811,0.9251968503937008,0.9094488188976378,0.9782486783533837,0.9840410517558531,0.39073991775512695,0.6972306966781616,0.30649080872535706,256,cooking_techniques,2,3,4,C
0.37890625,2.155310305999893,5.8828125,0.49632113719559673,0.23200625708300715,0.720565042678636,0.0,0.2421875,1.0,0.9921568627450981,0.9882352941176471,0.984313725490196,0.9764705882352941,0.9647058823529412,0.9932139204753206,0.9364361851440661,0.39073991775512695,0.6972306966781616,0.30649080872535706,256,cooking_techniques,2,3,8,C
0.2734375,-0.39225670705378557,5.94140625,0.9711243672117175,0.7032965687329766,0.6907492506548956,0.0,0.453125,1.0,0.99609375,0.9921875,0.98828125,0.984375,0.98046875,0.9960551622400232,0.9999945318250933,0.39073991775512695,0.6972306966781616,0.30649080872535706,256,cooking_techniques,2,3,16,C
0.40625,0.9792069139323549,5.23046875,-1.5869728996856605,-0.44109398489466106,0.892608121152999,0.0,0.1875,1.0,0.9641434262948207,0.9362549800796812,0.8924302788844621,0.8047808764940239,0.7370517928286853,0.9334684053967277,0.9516411457313498,0.4343360960483551,0.8244031071662903,0.3900670111179352,256,cooking_techniques,2,4,4,C
0.30078125,-0.8298840236398485,5.82421875,0.09302660534652109,0.23200625708300715,0.8896067313739086,0.0,0.3984375,1.0,0.9921568627450981,0.9882352941176471,0.9764705882352941,0.9529411764705882,0.9372549019607843,0.9850903148834959,0.9435077427983932,0.4343360960483551,0.8244031071662903,0.3900670111179352,256,cooking_techniques,2,4,8,C
0.28515625,0.008005238919465321,5.5546875,-3.3056244029822306,-3.7858304657328423,0.9381172634591053,0.0,0.4296875,1.0,0.9681274900398407,0.9442231075697212,0.9243027888446215,0.9163346613545816,0.9123505976095617,0.9852439818439526,0.9123700079559066,0.4343360960483551,0.8244031071662903,0.3900670111179352,256,cooking_techniques,2,4,16,C
0.3828125,0.09967974572964182,5.80078125,0.5984453549276811,0.5464298618844283,0.934539858288288,0.0,0.234375,1.0,0.9881889763779528,0.984251968503937,0.9763779527559056,0.9606299212598425,0.937007874015748,0.987019263664079,0.9040564962269992,0.4244880676269531,0.773546576499939,0.3490585386753082,256,cooking_techniques,2,5,4,C
0.3046875,-0.6806243071578614,5.83203125,0.1467992095930645,0.23200625708300715,0.9213810923684723,0.01282051282051282,0.390625,1.0,0.9921568627450981,0.9882352941176471,0.9764705882352941,0.9568627450980393,0.9411764705882353,0.9863182582816482,0.9518797619329816,0.4244880676269531,0.773546576499939,0.3490585386753082,256,cooking_techniques,2,5,8,C
0.328125,1.4756323741547186,5.6171875,-2.614432682546845,-3.037642626655206,0.9498819767453477,0.0,0.34375,1.0,0.9683794466403162,0.9446640316205533,0.9367588932806324,0.924901185770751,0.9090909090909091,0.985358224744724,0.9740420566553435,0.4244880676269531,0.773546576499939,0.3490585386753082,256,cooking_techniques,2,5,16,C
0.3984375,0.6860311911981172,5.63671875,-0.030236608728211715,0.5464298618844283,0.8004044485724466,0.0,0.203125,1.0,0.9881889763779528,0.9803149606299213,0.9645669291338582,0.905511811023622,0.84251968503937,0.9609501507976533,0.8745151411893762,0.5158394575119019,0.9134553670883179,0.3976159691810608,256,cooking_techniques,2,6,4,C
0.28125,-1.5761826060497839,5.82421875,0.09302660534652109,0.23200625708300715,1.0264195570400116,0.0,0.4375,1.0,0.9921568627450981,0.9882352941176471,0.9764705882352941,0.9529411764705882,0.9372549019607843,0.9850903148834959,0.9435077427983932,0.5158394575119019,0.9134553670883179,0.3976159691810608,256,cooking_techniques,2,6,8,C
0.3203125,1.208791076839218,5.28515625,-6.286388697359831,-5.656300063426934,0.7146259906434074,0.0,0.359375,1.0,0.9482071713147411,0.896414342629482,0.8605577689243028,0.8446215139442231,0.8406374501992032,0.9704126158254053,0.8895760149391091,0.5158394575119019,0.9134553670883179,0.3976159691810608,256,cooking_techniques,2,6,16,C
0.38671875,0.24626760709676068,5.77734375,0.5086336458339821,0.5464298618844283,0.7824190291989158,0.0,0.2265625,1.0,0.9881889763779528,0.984251968503937,0.9763779527559056,0.9488188976377953,0.9251968503937008,0.98330111482816,0.900615810396234,0.4607395529747009,0.8446949124336243,0.38395532965660095,256,cooking_techniques,2,7,4,C
0.34765625,0.9612325741439964,5.73828125,-0.49847204136545653,0.23200625708300715,0.7467871955130396,0.011235955056179775,0.3046875,1.0,0.9921568627450981,0.9882352941176471,0.9725490196078431,0.9254901960784314,0.8823529411764706,0.9704285066941435,0.8899733633824564,0.4607395529747009,0.8446949124336243,0.38395532965660095,256,cooking_techniques,2,7,8,C
0.26953125,-0.5256773557115358,5.75390625,-1.102450794094439,-1.1671730289611146,1.1061192613537498,0.028985507246376812,0.4609375,1.0,0.984251968503937,0.968503937007874,0.9566929133858267,0.9488188976377953,0.9409448818897638,0.9890079258076452,0.9766322823339867,0.4607395529747009,0.8446949124336243,0.38395532965660095,256,cooking_techniques,2,7,16,C
0.34375,-1.3661988679415467,5.78515625,0.5385708821985484,0.5464298618844283,0.9391400321570794,0.0,0.3125,1.0,0.9881889763779528,0.984251968503937,0.9803149606299213,0.9566929133858267,0.9212598425196851,0.9832751277302967,0.830609585118012,0.4384201765060425,0.8087681531906128,0.37034791707992554,256,cooking_techniques,2,8,4,C
0.30859375,-0.5313645906758744,5.8671875,0.3887759287025099,0.23200625708300715,0.9348549341515484,0.012658227848101266,0.3828125,1.0,0.9921568627450981,0.9882352941176471,0.9803921568627451,0.9686274509803922,0.9607843137254902,0.9916051048653305,0.9748589318108465,0.4384201765060425,0.8087681531906128,0.37034791707992554,256,cooking_techniques,2,8,8,C
0.27734375,-0.2588360583960353,5.8515625,-0.022463730914149244,-0.7930791094222963,1.3429987368911465,0.014084507042253521,0.4453125,1.0,0.9881889763779528,0.984251968503937,0.9803149606299213,0.9763779527559056,0.968503937007874,0.9951841358299551,0.9719929353059995,0.4384201765060425,0.8087681531906128,0.37034791707992554,256,cooking_techniques,2,8,16,C
0.37109375,-0.34008383837171474,5.8359375,0.7331629185682296,0.5464298618844283,0.8307366491534852,0.0,0.2578125,1.0,0.9881889763779528,0.984251968503937,0.9763779527559056,0.968503937007874,0.9645669291338582,0.9935688848028168,0.9846094114965687,0.5057578682899475,0.8597869873046875,0.3540290892124176,256,cooking_techniques,2,9,4,C
0.34375,0.8119728576620093,5.84765625,0.2543444180861513,0.23200625708300715,0.8115776717706287,0.022727272727272728,0.3125,1.0,0.9921568627450981,0.9882352941176471,0.9803921568627451,0.9647058823529412,0.9450980392156862,0.9879449847804169,0.9229482288929627,0.5057578682899475,0.8597869873046875,0.3540290892124176,256,cooking_techniques,2,9,8,C
0.30078125,0.5416878335504666,5.94140625,0.9711243672117175,0.7032965687329766,0.7723432189556697,0.0,0.3984375,1.0,0.99609375,0.9921875,0.98828125,0.984375,0.98046875,0.9960551622400232,0.9999945318250933,0.5057578682899475,0.8597869873046875,0.3540290892124176,256,cooking_techniques,2,9,16,C
0.4296875,1.858734082135068,5.671875,0.10448095491233675,0.5464298618844283,0.7668984132636817,0.0,0.140625,1.0,0.9881889763779528,0.984251968503937,0.9724409448818898,0.9173228346456693,0.8543307086614174,0.9644923641690206,0.8446092674214196,0.5764970183372498,0.911255419254303,0.33475834131240845,256,cooking_techniques,2,10,4,C
0.34375,0.8119728576620093,5.7578125,-0.364040530749098,0.23200625708300715,0.858412181730285,0.011363636363636364,0.3125,1.0,0.9921568627450981,0.9882352941176471,0.9686274509803922,0.9294117647058824,0.9019607843137255,0.9751159123406923,0.929753118336013,0.5764970183372498,0.911255419254303,0.33475834131240845,256,cooking_techniques,2,10,8,C
0.31640625,1.0753704281814678,5.42578125,-4.731207326380213,-6.778581822043388,0.6525208464911776,0.0,0.3671875,1.0,0.9475806451612904,0.9233870967741935,0.9153225806451613,0.9112903225806451,0.9032258064516129,0.989152668356417,0.887004119174848,0.5764970183372498,0.911255419254303,0.33475834131240845,256,cooking_techniques,2,10,16,C
0.35546875,-0.9264352838401901,5.67578125,0.11944957309461991,0.5464298618844283,0.9245106813877273,0.0,0.2890625,1.0,0.9881889763779528,0.9803149606299213,0.9645669291338582,0.9173228346456693,0.8700787401574803,0.9684102283970086,0.900057104788856,0.42853057384490967,0.7811691761016846,0.3526385426521301,256,cooking_techniques,2,11,4,C
0.33203125,0.36419370821604813,5.7734375,-0.2564953222560111,0.23200625708300715,0.9054148220567189,0.0,0.3359375,1.0,0.9921568627450981,0.9882352941176471,0.9725490196078431,0.9372549019607843,0.9058823529411765,0.9767828543668978,0.9157063081596364,0.42853057384490967,0.7811691761016846,0.3526385426521301,256,cooking_techniques,2,11,8,C
0.3125,0.9419497795237175,5.296875,-6.1567902497781954,-8.274957500198662,0.9147424082807942,0.0,0.375,1.0,0.9390243902439024,0.9105691056910569,0.8943089430894309,0.8861788617886179,0.8821138211382114,0.9848960559794108,0.894015828349666,0.42853057384490967,0.7811691761016846,0.3526385426521301,256,cooking_techniques,2,11,16,C
0.35546875,-0.9264352838401901,5.60546875,-0.14998555418647702,0.21725524629139856,1.1384966369511964,0.0,0.2890625,1.0,0.9802371541501976,0.9644268774703557,0.9407114624505929,0.9051383399209486,0.8814229249011858,0.9727812744177678,0.981984845533163,0.49926507472991943,0.7977040410041809,0.2984389066696167,256,cooking_techniques,2,12,4,C
0.3671875,1.7075311565539317,5.82421875,0.09302660534652109,0.23200625708300715,0.7462058118550321,0.0,0.265625,1.0,0.9921568627450981,0.9882352941176471,0.9764705882352941,0.9529411764705882,0.9372549019607843,0.9850903148834959,0.9435077427983932,0.49926507472991943,0.7977040410041809,0.2984389066696167,256,cooking_techniques,2,12,8,C
0.30859375,0.8085291308659671,5.56640625,-3.1760259554005956,-4.15992438527166,1.0911976821019935,0.012658227848101266,0.3828125,1.0,0.9641434262948207,0.9402390438247012,0.9282868525896414,0.9243027888446215,0.9203187250996016,0.98904697950243,0.8617744056382922,0.49926507472991943,0.7977040410041809,0.2984389066696167,256,cooking_techniques,2,12,16,C
0.3828125,0.09967974572964182,5.69921875,0.20926128218831888,0.5464298618844283,0.8781381111494276,0.0,0.234375,1.0,0.9881889763779528,0.9803149606299213,0.9645669291338582,0.9251968503937008,0.8858267716535433,0.9727217143003277,0.9169865373242069,0.4243829548358917,0.7731825113296509,0.34879952669143677,256,cooking_techniques,2,13,4,C
0.30859375,-0.5313645906758744,5.8671875,0.3887759287025099,0.23200625708300715,0.9472734232518547,0.0,0.3828125,1.0,0.9921568627450981,0.9882352941176471,0.9803921568627451,0.9686274509803922,0.9607843137254902,0.9916051048653305,0.9748589318108465,0.4243829548358917,0.7731825113296509,0.34879952669143677,256,cooking_techniques,2,13,8,C
0.3125,0.9419497795237175,5.85546875,0.02073575161306235,-0.7930791094222963,0.757368362514973,0.0,0.375,1.0,0.9881889763779528,0.984251968503937,0.9803149606299213,0.9763779527559056,0.9724409448818898,0.995991916224948,0.9999943547231583,0.4243829548358917,0.7731825113296509,0.34879952669143677,256,cooking_techniques,2,13,16,C
0.3359375,-1.6593745906757844,5.73046875,0.32901022764658416,0.5464298618844283,0.9907189122288551,0.0,0.328125,1.0,0.9881889763779528,0.984251968503937,0.9724409448818898,0.9330708661417323,0.8976377952755905,0.9757376404610897,0.8897555591549411,0.38395845890045166,0.6751126646995544,0.29115426540374756,256,cooking_techniques,2,14,4,C
0.30078125,-0.8298840236398485,5.71484375,-0.6597898541050867,0.23200625708300715,1.0651480033687986,0.0,0.3984375,1.0,0.9921568627450981,0.9882352941176471,0.9686274509803922,0.9176470588235294,0.8705882352941177,0.9670034473054672,0.8961590895237866,0.38395845890045166,0.6751126646995544,0.29115426540374756,256,cooking_techniques,2,14,8,C
0.28125,-0.125415409738285,5.40625,-4.9472047390162714,-6.030393982965752,1.1192961277740938,0.0,0.4375,1.0,0.9518072289156626,0.9236947791164659,0.9076305220883534,0.8995983935742972,0.8755020080321285,0.9808297897260129,0.9698373899051786,0.38395845890045166,0.6751126646995544,0.29115426540374756,256,cooking_techniques,2,14,16,C
0.390625,0.39285546846387953,5.15234375,-1.8863452633313238,-1.648067575402437,0.7915638023220277,0.0,0.21875,1.0,0.9390243902439024,0.9065040650406504,0.8739837398373984,0.8333333333333334,0.8089430894308943,0.962483114460612,0.9960193573626235,0.4462605118751526,0.8324620127677917,0.3862014710903168,256,cooking_techniques,2,15,4,C
0.3359375,0.5134534246980352,5.88671875,0.5232074393188685,0.23200625708300715,0.8760626817221688,0.0,0.328125,1.0,0.9921568627450981,0.9882352941176471,0.984313725490196,0.9764705882352941,0.9686274509803922,0.9940201016674323,0.9687756235949231,0.4462605118751526,0.8324620127677917,0.3862014710903168,256,cooking_techniques,2,15,8,C
0.2578125,-0.9259393016847868,5.8828125,0.3231321293035435,-0.04489127034465989,0.8161372433604533,0.0,0.484375,1.0,0.9921568627450981,0.9882352941176471,0.984313725490196,0.9764705882352941,0.9647058823529412,0.9932139204753206,0.9364361851440661,0.4462605118751526,0.8324620127677917,0.3862014710903168,256,cooking_techniques,2,15,16,C
0.359375,-0.7798474224730713,5.76171875,0.4487591731048495,0.5464298618844283,0.9115002258174835,0.0,0.28125,1.0,0.9881889763779528,0.984251968503937,0.9803149606299213,0.9488188976377953,0.905511811023622,0.9790807825540402,0.8207214426803366,0.4873611330986023,0.6876755952835083,0.2003144472837448,256,cooking_techniques,2,16,4,C
0.3671875,1.7075311565539317,5.8671875,0.3887759287025099,0.23200625708300715,0.7592225899473815,0.0,0.265625,1.0,0.9921568627450981,0.9882352941176471,0.9803921568627451,0.9686274509803922,0.9607843137254902,0.9916051048653305,0.9748589318108465,0.4873611330986023,0.6876755952835083,0.2003144472837448,256,cooking_techniques,2,16,8,C
0.29296875,0.2748465362349659,5.85546875,0.02073575161306235,-0.7930791094222963,0.7493173175823601,0.013333333333333334,0.4140625,1.0,0.9881889763779528,0.984251968503937,0.9803149606299213,0.9763779527559056,0.9724409448818898,0.995991916224948,0.9999943547231583,0.4873611330986023,0.6876755952835083,0.2003144472837448,256,cooking_techniques,2,16,16,C
0.34375,-1.3661988679415467,5.6875,0.1643554276414694,0.5464298618844283,0.936544582084328,0.0,0.3125,1.0,0.9881889763779528,0.9763779527559056,0.9488188976377953,0.9173228346456693,0.9015748031496063,0.975714538519136,0.9792125957980824,0.38913971185684204,0.7509948015213013,0.36185503005981445,256,cooking_techniques,2,17,4,C
0.27734375,-1.725442322531771,5.82421875,0.09302660534652109,0.23200625708300715,0.9594028564204309,0.0,0.4453125,1.0,0.9921568627450981,0.9882352941176471,0.9764705882352941,0.9529411764705882,0.9372549019607843,0.9850903148834959,0.9435077427983932,0.38913971185684204,0.7509948015213013,0.36185503005981445,256,cooking_techniques,2,17,8,C
0.26953125,-0.5256773557115358,5.6171875,-2.614432682546845,-3.7858304657328423,0.8743937088846974,0.014492753623188406,0.4609375,1.0,0.9681274900398407,0.952191235059761,0.9442231075697212,0.9362549800796812,0.9282868525896414,0.9899583556545078,0.9749549941126734,0.38913971185684204,0.7509948015213013,0.36185503005981445,256,cooking_techniques,2,17,16,C
0.359375,-0.7798474224730713,5.68359375,0.14938680945918623,0.5464298618844283,0.871956146038917,0.0,0.28125,1.0,0.9881889763779528,0.9803149606299213,0.9645669291338582,0.9212598425196851,0.8740157480314961,0.9697002367125601,0.9009637376587795,0.5421081185340881,0.8775150775909424,0.335407018661499,256,cooking_techniques,2,18,4,C
0.30078125,-0.8298840236398485,5.82421875,0.09302660534652109,0.23200625708300715,0.7695541533662257,0.0,0.3984375,1.0,0.9921568627450981,0.9882352941176471,0.9764705882352941,0.9529411764705882,0.9372549019607843,0.9850903148834959,0.9435077427983932,0.5421081185340881,0.8775150775909424,0.335407018661499,256,cooking_techniques,2,18,8,C
0.27734375,-0.2588360583960353,5.62890625,-2.48483423496521,-3.7858304657328423,0.8486617954757883,0.0,0.4453125,1.0,0.9681274900398407,0.952191235059761,0.9442231075697212,0.9402390438247012,0.9362549800796812,0.9920732233803755,0.9052221414031222,0.5421081185340881,0.8775150775909424,0.335407018661499,256,cooking_techniques,2,18,16,C
0.4453125,2.4450855276035433,5.30859375,-1.2876005360399974,-0.22164424116597453,0.7978121593401708,0.0,0.109375,1.0,0.9721115537848606,0.9601593625498008,0.9282868525896414,0.8286852589641435,0.7250996015936255,0.9292679131228475,0.8761335692707782,0.41593608260154724,0.7001975774765015,0.28426146507263184,256,cooking_techniques,2,19,4,C
0.3671875,1.7075311565539317,5.74609375,-0.4446994371189131,0.23200625708300715,0.9618315367117869,0.0,0.265625,1.0,0.9921568627450981,0.9882352941176471,0.9686274509803922,0.9254901960784314,0.8941176470588236,0.9730026237884631,0.9213673756731113,0.41593608260154724,0.7001975774765015,0.28426146507263184,256,cooking_techniques,2,19,8,C
0.3515625,2.2761562661012205,5.015625,-9.267152991737431,-9.771333178353935,0.7356830188971215,0.0,0.296875,1.0,0.9227642276422764,0.8617886178861789,0.8252032520325203,0.8089430894308943,0.8008130081300813,0.9659169681659692,0.8940365336566273,0.41593608260154724,0.7001975774765015,0.28426146507263184,256,cooking_techniques,2,19,16,C
0.359375,-0.7798474224730713,5.51953125,-0.4792951541967066,0.21725524629139856,0.7960100501878101,0.0,0.28125,1.0,0.9802371541501976,0.9604743083003953,0.9209486166007905,0.8735177865612648,0.849802371541502,0.9626667146534703,0.9813296477632136,0.4960869550704956,0.8297078609466553,0.33362090587615967,256,cooking_techniques,2,20,4,C
0.31640625,-0.23284515771190017,5.8046875,-0.04140490526983746,0.23200625708300715,0.9284018295803023,0.0,0.3671875,1.0,0.9921568627450981,0.9882352941176471,0.9764705882352941,0.9490196078431372,0.9215686274509803,0.9813658716961099,0.9129704640550858,0.4960869550704956,0.8297078609466553,0.33362090587615967,256,cooking_techniques,2,20,8,C
0.328125,1.4756323741547186,5.546875,-3.3920233680366536,-3.7858304657328423,0.8050443226612876,0.0,0.34375,1.0,0.9681274900398407,0.9402390438247012,0.9203187250996016,0.9163346613545816,0.9123505976095617,0.9856606642019092,0.8616348005567086,0.4960869550704956,0.8297078609466553,0.33362090587615967,256,cooking_techniques,2,20,16,C
0.37890625,-0.04690811563747703,5.76171875,0.4487591731048495,0.5464298618844283,0.8248539264621343,0.0,0.2421875,1.0,0.9881889763779528,0.984251968503937,0.9803149606299213,0.9488188976377953,0.905511811023622,0.9790807825540402,0.8207214426803366,0.5022949576377869,0.7925739288330078,0.29027897119522095,256,cooking_techniques,2,21,4,C
0.3359375,0.5134534246980352,5.8671875,0.3887759287025099,0.23200625708300715,1.002317315025536,0.0,0.328125,1.0,0.9921568627450981,0.9882352941176471,0.9803921568627451,0.9686274509803922,0.9607843137254902,0.9916051048653305,0.9748589318108465,0.5022949576377869,0.7925739288330078,0.29027897119522095,256,cooking_techniques,2,21,8,C
0.2421875,-1.459621896315788,5.85546875,0.02073575161306235,-0.7930791094222963,0.8488580512142486,0.03225806451612903,0.515625,1.0,0.9881889763779528,0.984251968503937,0.9803149606299213,0.9763779527559056,0.9724409448818898,0.995991916224948,0.9999943547231583,0.5022949576377869,0.7925739288330078,0.29027897119522095,256,cooking_techniques,2,21,16,C
0.40234375,0.832619052565236,5.29296875,-1.34747500876913,-1.648067575402437,0.8411203332263641,0.0,0.1953125,1.0,0.9390243902439024,0.9146341463414634,0.9024390243902439,0.8861788617886179,0.8658536585365854,0.980801050335539,0.9903626735307609,0.3840324878692627,0.6652005910873413,0.2811680734157562,256,cooking_techniques,2,22,4,C
0.328125,0.21493399173406105,5.5,-2.1385364708850307,-1.8598534379277152,0.896480121002811,0.0,0.34375,1.0,0.9641434262948207,0.9362549800796812,0.9163346613545816,0.9043824701195219,0.8884462151394422,0.9803783203825321,0.977784097045397,0.3840324878692627,0.6652005910873413,0.2811680734157562,256,cooking_techniques,2,22,8,C
0.2890625,0.14142588757721564,5.88671875,0.36633161183075513,0.32920264919415837,0.9731167334286478,0.013513513513513514,0.421875,1.0,0.9921875,0.984375,0.9765625,0.96875,0.96484375,0.9928365604130172,0.9883800137162927,0.3840324878692627,0.6652005910873413,0.2811680734157562,256,cooking_techniques,2,22,16,C
0.375,-0.1934959770045959,5.64453125,-0.000299372363645391,0.5464298618844283,0.8570930341666176,0.0,0.25,1.0,0.9881889763779528,0.9803149606299213,0.9488188976377953,0.9015748031496063,0.8700787401574803,0.9667347367629792,0.9534654631701937,0.5205968022346497,0.7972195148468018,0.2766227126121521,256,cooking_techniques,2,23,4,C
0.3515625,1.1104922906259835,5.74609375,-0.4446994371189131,0.23200625708300715,0.9075806561431854,0.0,0.296875,1.0,0.9921568627450981,0.9882352941176471,0.9725490196078431,0.9294117647058824,0.8862745098039215,0.9717003610916264,0.8910661488874491,0.5205968022346497,0.7972195148468018,0.2766227126121521,256,cooking_techniques,2,23,8,C
0.28515625,0.008005238919465321,5.546875,-3.3920233680366536,-3.7858304657328423,0.8838210012661639,0.0,0.4296875,1.0,0.9681274900398407,0.9402390438247012,0.9203187250996016,0.9163346613545816,0.9123505976095617,0.9856606642019092,0.8616348005567086,0.5205968022346497,0.7972195148468018,0.2766227126121521,256,cooking_techniques,2,23,16,C
0.33984375,-1.5127867293086656,5.69921875,0.20926128218831888,0.5464298618844283,1.0668346996009046,0.0,0.3203125,1.0,0.9881889763779528,0.984251968503937,0.9803149606299213,0.9291338582677166,0.8622047244094488,0.9675006781514445,0.7992628405336595,0.38598960638046265,0.6967846155166626,0.31079500913619995,256,cooking_techniques,2,24,4,C
0.30078125,-0.8298840236398485,5.8671875,0.3887759287025099,0.23200625708300715,1.0489957732786093,0.0,0.3984375,1.0,0.9921568627450981,0.9882352941176471,0.9803921568627451,0.9686274509803922,0.9607843137254902,0.9916051048653305,0.9748589318108465,0.38598960638046265,0.6967846155166626,0.31079500913619995,256,cooking_techniques,2,24,8,C
0.27734375,-0.2588360583960353,5.85546875,0.02073575161306235,-0.7930791094222963,0.8490073271926947,0.0,0.4453125,1.0,0.9881889763779528,0.984251968503937,0.9803149606299213,0.9763779527559056,0.9724409448818898,0.995991916224948,0.9999943547231583,0.38598960638046265,0.6967846155166626,0.31079500913619995,256,cooking_techniques,2,24,16,C
0.41015625,1.1257947752994737,5.765625,0.46372779128713265,0.5464298618844283,0.6880195831092989,0.0,0.1796875,1.0,0.9881889763779528,0.984251968503937,0.9763779527559056,0.952755905511811,0.9094488188976378,0.9803365333462477,0.8368110255161079,0.4643297791481018,0.8029205799102783,0.3385908305644989,256,cooking_techniques,2,25,4,C
0.33984375,0.6627131411800223,5.8671875,0.3887759287025099,0.23200625708300715,0.8715294138048574,0.0,0.3203125,1.0,0.9921568627450981,0.9882352941176471,0.9803921568627451,0.9686274509803922,0.9607843137254902,0.9916051048653305,0.9748589318108465,0.4643297791481018,0.8029205799102783,0.3385908305644989,256,cooking_techniques,2,25,8,C
0.265625,-0.6590980043692862,5.85546875,0.02073575161306235,-0.7930791094222963,1.1632908950436316,0.0,0.46875,1.0,0.9881889763779528,0.984251968503937,0.9803149606299213,0.9763779527559056,0.9724409448818898,0.995991916224948,0.9999943547231583,0.4643297791481018,0.8029205799102783,0.3385908305644989,256,cooking_techniques,2,25,16,C
0.43359375,2.005321943502187,5.77734375,0.5086336458339821,0.5464298618844283,0.763048599033069,0.0,0.1328125,1.0,0.9881889763779528,0.984251968503937,0.9724409448818898,0.9488188976377953,0.9291338582677166,0.9841365460378636,0.9362967821096662,0.4012768566608429,0.7598069310188293,0.35853004455566406,256,cooking_techniques,2,26,4,C
0.33984375,0.6627131411800223,5.85546875,0.3081170223326948,0.23200625708300715,0.8129706771112005,0.0,0.3203125,1.0,0.9921568627450981,0.9882352941176471,0.9803921568627451,0.9647058823529412,0.9529411764705882,0.9895793113106686,0.9532726448934041,0.4012768566608429,0.7598069310188293,0.35853004455566406,256,cooking_techniques,2,26,8,C
0.3125,0.9419497795237175,5.359375,-5.46559852934281,-5.656300063426934,0.9540565079950144,0.0125,0.375,1.0,0.9558232931726908,0.9236947791164659,0.8955823293172691,0.8755020080321285,0.8594377510040161,0.9737337632960505,0.9842856109277388,0.4012768566608429,0.7598069310188293,0.35853004455566406,256,cooking_techniques,2,26,16,C
0.39453125,0.5394433298309984,5.80078125,0.5984453549276811,0.5464298618844283,0.8185827052479946,0.0,0.2109375,1.0,0.9881889763779528,0.984251968503937,0.9763779527559056,0.9606299212598425,0.937007874015748,0.987019263664079,0.9040564962269992,0.5184950828552246,0.8401389718055725,0.3216438293457031,256,cooking_techniques,2,27,4,C
0.29296875,-1.1284034566038226,5.83203125,0.1467992095930645,0.23200625708300715,0.8457502733179189,0.013333333333333334,0.4140625,1.0,0.9921568627450981,0.9882352941176471,0.9764705882352941,0.9568627450980393,0.9411764705882353,0.9863182582816482,0.9518797619329816,0.5184950828552246,0.8401389718055725,0.3216438293457031,256,cooking_techniques,2,27,8,C
0.30078125,0.5416878335504666,5.62109375,-2.571233200019633,-3.037642626655206,0.8771314261381116,0.025974025974025976,0.3984375,1.0,0.9683794466403162,0.9446640316205533,0.9367588932806324,0.924901185770751,0.9130434782608695,0.9862135717144113,0.9682096654003549,0.5184950828552246,0.8401389718055725,0.3216438293457031,256,cooking_techniques,2,27,16,C
0.44921875,2.5916733889706625,5.44140625,-0.7786675178423699,-0.5508188567590043,0.8574365693128214,0.0,0.1015625,1.0,0.964,0.944,0.92,0.884,0.86,0.9710292462491081,0.9884345781966667,0.4357537031173706,0.731701135635376,0.29594743251800537,256,cooking_techniques,2,28,4,C
0.3359375,0.5134534246980352,5.82421875,0.09302660534652109,0.23200625708300715,0.8348313565545964,0.0,0.328125,1.0,0.9921568627450981,0.9882352941176471,0.9764705882352941,0.9529411764705882,0.9372549019607843,0.9850903148834959,0.9435077427983932,0.4357537031173706,0.731701135635376,0.29594743251800537,256,cooking_techniques,2,28,8,C
0.32421875,1.3422117254969683,5.296875,-6.1567902497781954,-4.908112224349297,0.7197692489399654,0.0,0.3515625,1.0,0.9561752988047809,0.9163346613545816,0.8804780876494024,0.8406374501992032,0.8087649402390438,0.9587655509513279,0.9994217599161915,0.4357537031173706,0.731701135635376,0.29594743251800537,256,cooking_techniques,2,28,16,C
0.35546875,-0.9264352838401901,5.63671875,-0.030236608728211715,0.5464298618844283,0.8656405135314527,0.0,0.2890625,1.0,0.9881889763779528,0.9803149606299213,0.9566929133858267,0.9015748031496063,0.8543307086614174,0.9632096301393376,0.9187530443697387,0.42502152919769287,0.9093151092529297,0.4842935800552368,256,cooking_techniques,2,29,4,C
0.30859375,-0.5313645906758744,5.7421875,-0.47158573924218483,0.23200625708300715,0.8884388435042432,0.0,0.3828125,1.0,0.9921568627450981,0.9882352941176471,0.9725490196078431,0.9254901960784314,0.8862745098039215,0.9712895803712505,0.89572313865835,0.42502152919769287,0.9093151092529297,0.4842935800552368,256,cooking_techniques,2,29,8,C
0.3203125,1.208791076839218,5.46484375,-4.299212501108097,-5.656300063426934,0.9765049447513381,0.0,0.359375,1.0,0.9558232931726908,0.9317269076305221,0.9196787148594378,0.9116465863453815,0.8995983935742972,0.9857981515568219,0.9587991684096717,0.42502152919769287,0.9093151092529297,0.4842935800552368,256,cooking_techniques,2,29,16,C
0.3046875,-2.8320774816127354,5.85546875,0.8080060094796454,0.5464298618844283,1.0727028019831975,0.0,0.390625,1.0,0.9881889763779528,0.984251968503937,0.9803149606299213,0.9763779527559056,0.9724409448818898,0.995991916224948,0.9999943547231583,0.7619935274124146,0.8933327198028564,0.1313391476869583,256,weather_clouds,0,0,4,C
0.30859375,-0.5313645906758744,5.85546875,0.3081170223326948,-0.14833186928257872,0.8685350341271569,0.0,0.3828125,1.0,0.9881889763779528,0.984251968503937,0.9803149606299213,0.9763779527559056,0.9724409448818898,0.995991916224948,0.9999943547231583,0.7619935274124146,0.8933327198028564,0.1313391476869583,256,weather_clouds,0,0,8,C
0.24609375,-1.3262012476580378,5.89453125,0.4527305768851783,0.32920264919415837,0.909760627359181,0.015873015873015872,0.5078125,1.0,0.9921875,0.984375,0.98046875,0.97265625,0.96484375,0.9932361731669301,0.9893270465499124,0.7619935274124146,0.8933327198028564,0.1313391476869583,256,weather_clouds,0,0,16,C
0.33203125,-1.8059624520429032,5.85546875,0.8080060094796454,0.5464298618844283,1.1074404963016777,0.0,0.3359375,1.0,0.9881889763779528,0.984251968503937,0.9803149606299213,0.9763779527559056,0.9724409448818898,0.995991916224948,0.9999943547231583,0.7412736415863037,0.8999907970428467,0.15871718525886536,256,weather_clouds,0,1,4,C
0.27734375,-1.725442322531771,5.85546875,0.3081170223326948,-0.14833186928257872,0.9272089522901923,0.014084507042253521,0.4453125,1.0,0.9881889763779528,0.984251968503937,0.9803149606299213,0.9763779527559056,0.9724409448818898,0.995991916224948,0.9999943547231583,0.7412736415863037,0.8999907970428467,0.15871718525886536,256,weather_clouds,0,1,8,C
0.23046875,-1.859883842289039,5.89453125,0.4527305768851783,0.32920264919415837,0.7733641346573924,0.0,0.5390625,1.0,0.9921875,0.984375,0.98046875,0.97265625,0.96484375,0.9932361731669301,0.9893270465499124,0.7412736415863037,0.8999907970428467,0.15871718525886536,256,weather_clouds,0,1,16,C
0.35546875,-0.9264352838401901,5.6171875,-0.10507969963962753,0.5464298618844283,1.0181257560637589,0.0,0.2890625,1.0,0.9881889763779528,0.984251968503937,0.9566929133858267,0.8937007874015748,0.8385826771653543,0.958406523753626,0.9029160900499753,0.7162271738052368,0.8076015114784241,0.09137426316738129,256,weather_clouds,0,2,4,C
0.328125,0.21493399173406105,5.890625,0.5500937414421402,0.612344383448593,0.9649485233523817,0.0,0.34375,1.0,0.99609375,0.98828125,0.9765625,0.96875,0.9609375,0.990859554086763,0.9947277422356916,0.7162271738052368,0.8076015114784241,0.09137426316738129,256,weather_clouds,0,2,8,C
0.296875,0.40826718489271624,5.80078125,-0.5840570037678999,-1.1671730289611146,0.7673330437300351,0.0,0.40625,1.0,0.984251968503937,0.9763779527559056,0.968503937007874,0.9606299212598425,0.9566929133858267,0.9927206765629892,0.9883891391012168,0.7162271738052368,0.8076015114784241,0.09137426316738129,256,weather_clouds,0,2,16,C
0.3828125,0.09967974572964182,5.76953125,0.4786964094694158,0.10753037442705528,1.094363742089439,0.0,0.234375,1.0,0.9801587301587301,0.9761904761904762,0.9722222222222222,0.9682539682539683,0.9642857142857143,0.9959266091334906,0.9999941688757825,0.8044143915176392,0.9551477432250977,0.15073341131210327,256,weather_clouds,0,3,4,C
0.28515625,-1.4269228895677968,5.77734375,-0.22960902013273943,-0.7188390588309576,0.9841889743620756,0.0,0.4296875,1.0,0.9802371541501976,0.9723320158102767,0.9683794466403162,0.9644268774703557,0.9604743083003953,0.9951221439402106,0.9739446031279753,0.8044143915176392,0.9551477432250977,0.15073341131210327,256,weather_clouds,0,3,8,C
0.28515625,0.008005238919465321,5.85546875,0.02073575161306235,-0.7930791094222963,0.7975332420147415,0.0,0.4296875,1.0,0.9881889763779528,0.984251968503937,0.9803149606299213,0.9763779527559056,0.9724409448818898,0.995991916224948,0.9999943547231583,0.8044143915176392,0.9551477432250977,0.15073341131210327,256,weather_clouds,0,3,16,C
0.37109375,-0.34008383837171474,5.83984375,0.7481315367505127,0.5464298618844283,0.9848187344561837,0.0,0.2578125,1.0,0.9881889763779528,0.984251968503937,0.9803149606299213,0.9724409448818898,0.9606299212598425,0.9931593039244523,0.9364209402290568,0.8158954381942749,0.9125964045524597,0.09670092910528183,256,weather_clouds,0,4,4,C
0.2734375,-1.874702039013758,5.89453125,0.5769800435654119,0.612344383448593,0.8652953253080706,0.0,0.453125,1.0,0.99609375,0.98828125,0.9765625,0.96875,0.96484375,0.9916638242646785,0.976441337854549,0.8158954381942749,0.9125964045524597,0.09670092910528183,256,weather_clouds,0,4,8,C
0.23828125,-1.5930425449735384,5.8203125,-0.368059591131842,-1.1671730289611146,1.0136702515918743,0.03278688524590164,0.5234375,1.0,0.984251968503937,0.9763779527559056,0.9724409448818898,0.968503937007874,0.9645669291338582,0.9951614810422583,0.9739368337267381,0.8158954381942749,0.9125964045524597,0.09670092910528183,256,weather_clouds,0,4,16,C
0.2890625,-3.4184289270812105,5.77734375,0.5086336458339821,0.21725524629139856,0.9150630282143457,0.013513513513513514,0.421875,1.0,0.9802371541501976,0.9723320158102767,0.9683794466403162,0.9644268774703557,0.9604743083003953,0.9951221439402106,0.9739446031279753,0.7467684745788574,0.939979612827301,0.19321110844612122,256,weather_clouds,0,5,4,C
0.25,-2.7702603379056807,5.7734375,-0.2564953222560111,-0.14833186928257872,0.9265365749267652,0.0,0.5,1.0,0.984313725490196,0.9647058823529412,0.9529411764705882,0.9490196078431372,0.9450980392156862,0.9902769949536127,0.8865904014026965,0.7467684745788574,0.939979612827301,0.19321110844612122,256,weather_clouds,0,5,8,C
0.296875,0.40826718489271624,5.8203125,-0.368059591131842,0.32920264919415837,0.8542449582289292,0.0,0.40625,1.0,0.9921875,0.98046875,0.96875,0.94921875,0.9296875,0.9838794808435707,0.9804705266073163,0.7467684745788574,0.939979612827301,0.19321110844612122,256,weather_clouds,0,5,16,C
0.3515625,-1.073023145207309,5.75390625,0.4188219367402832,0.10753037442705528,1.1223303966528924,0.0,0.296875,1.0,0.9801587301587301,0.9761904761904762,0.9722222222222222,0.9642857142857143,0.9523809523809523,0.9930473900902319,0.9363896946152674,0.5842182040214539,0.806823194026947,0.22260499000549316,256,weather_clouds,0,6,4,C
0.28125,-1.5761826060497839,5.76171875,-0.3371542286258263,-0.7188390588309576,0.8971196183604611,0.0,0.4375,1.0,0.9802371541501976,0.9723320158102767,0.9683794466403162,0.9604743083003953,0.9486166007905138,0.9922452506019616,0.9690048452788828,0.5842182040214539,0.806823194026947,0.22260499000549316,256,weather_clouds,0,6,8,C
0.28125,-0.125415409738285,5.87109375,0.19353368172190874,0.32920264919415837,0.9018251925719821,0.013888888888888888,0.4375,1.0,0.9921875,0.984375,0.9765625,0.96484375,0.953125,0.9900129219802204,0.9877470728600285,0.5842182040214539,0.806823194026947,0.22260499000549316,256,weather_clouds,0,6,16,C
0.37109375,-0.34008383837171474,5.74609375,0.3888847003757168,0.3269801181557418,0.952700366541275,0.0,0.2578125,1.0,0.9803149606299213,0.968503937007874,0.9645669291338582,0.9488188976377953,0.9291338582677166,0.9873036094102646,0.9467547264174997,0.7466093301773071,0.8694982528686523,0.122888945043087,256,weather_clouds,0,7,4,C
0.3671875,1.7075311565539317,5.7734375,-0.2564953222560111,-0.5286699956481645,0.861424343138566,0.0,0.265625,1.0,0.9803149606299213,0.968503937007874,0.9645669291338582,0.9566929133858267,0.9488188976377953,0.9922718153174259,0.9816215692272744,0.7466093301773071,0.8694982528686523,0.122888945043087,256,weather_clouds,0,7,8,C
0.25390625,-1.059359950342537,5.77734375,-0.8432538989311695,-1.915360868038751,1.0417906620616222,0.03076923076923077,0.4921875,1.0,0.9802371541501976,0.9723320158102767,0.9683794466403162,0.9644268774703557,0.9604743083003953,0.9951221439402106,0.9739446031279753,0.7466093301773071,0.8694982528686523,0.122888945043087,256,weather_clouds,0,7,16,C
0.33203125,-1.8059624520429032,5.75390625,0.4188219367402832,0.10753037442705528,1.043348455694453,0.0,0.3359375,1.0,0.9801587301587301,0.9761904761904762,0.9722222222222222,0.9642857142857143,0.9523809523809523,0.9930473900902319,0.9363896946152674,0.8080788850784302,0.9420111775398254,0.13393226265907288,256,weather_clouds,0,8,4,C
0.33203125,0.36419370821604813,5.7578125,-0.364040530749098,-0.7188390588309576,0.7089730708520667,0.0,0.3359375,1.0,0.9802371541501976,0.9723320158102767,0.9683794466403162,0.9604743083003953,0.9446640316205533,0.9914169979860129,0.9398826971562608,0.8080788850784302,0.9420111775398254,0.13393226265907288,256,weather_clouds,0,8,8,C
0.2890625,0.14142588757721564,5.87109375,0.19353368172190874,0.32920264919415837,0.8437045678825764,0.013513513513513514,0.421875,1.0,0.9921875,0.984375,0.9765625,0.96484375,0.953125,0.9900129219802204,0.9877470728600285,0.8080788850784302,0.9420111775398254,0.13393226265907288,256,weather_clouds,0,8,16,C
0.34765625,-1.219611006574428,5.85546875,0.8080060094796454,0.5464298618844283,1.0638195335676066,0.0,0.3046875,1.0,0.9881889763779528,0.984251968503937,0.9803149606299213,0.9763779527559056,0.9724409448818898,0.995991916224948,0.9999943547231583,0.7646471261978149,0.893613338470459,0.12896612286567688,256,weather_clouds,0,9,4,C
0.3046875,-0.6806243071578614,5.85546875,0.3081170223326948,-0.14833186928257872,0.9562310540636386,0.0,0.390625,1.0,0.9881889763779528,0.984251968503937,0.9803149606299213,0.9763779527559056,0.9724409448818898,0.995991916224948,0.9999943547231583,0.7646471261978149,0.893613338470459,0.12896612286567688,256,weather_clouds,0,9,8,C
0.27734375,-0.2588360583960353,5.89453125,0.4527305768851783,0.32920264919415837,0.9011296782836156,0.0,0.4453125,1.0,0.9921875,0.984375,0.98046875,0.97265625,0.96484375,0.9932361731669301,0.9893270465499124,0.7646471261978149,0.893613338470459,0.12896612286567688,256,weather_clouds,0,9,16,C
0.35546875,-0.9264352838401901,5.85546875,0.8080060094796454,0.5464298618844283,0.9609141870645982,0.0,0.2890625,1.0,0.9881889763779528,0.984251968503937,0.9803149606299213,0.9763779527559056,0.9724409448818898,0.995991916224948,0.9999943547231583,0.7937434315681458,0.9199099540710449,0.12616652250289917,256,weather_clouds,0,10,4,C
0.26953125,-2.023961755495745,5.85546875,0.3081170223326948,-0.14833186928257872,0.9051008995771006,0.014492753623188406,0.4609375,1.0,0.9881889763779528,0.984251968503937,0.9803149606299213,0.9763779527559056,0.9724409448818898,0.995991916224948,0.9999943547231583,0.7937434315681458,0.9199099540710449,0.12616652250289917,256,weather_clouds,0,10,8,C
0.27734375,-0.2588360583960353,5.89453125,0.4527305768851783,0.32920264919415837,0.7741834407942345,0.0,0.4453125,1.0,0.9921875,0.984375,0.98046875,0.97265625,0.96484375,0.9932361731669301,0.9893270465499124,0.7937434315681458,0.9199099540710449,0.12616652250289917,256,weather_clouds,0,10,16,C
0.37109375,-0.34008383837171474,5.76953125,0.4786964094694158,0.5464298618844283,0.9773934267201828,0.0,0.2578125,1.0,0.9881889763779528,0.984251968503937,0.9724409448818898,0.952755905511811,0.9173228346456693,0.9820282371716771,0.8856735032066945,0.6640841960906982,0.8695858716964722,0.20550164580345154,256,weather_clouds,0,11,4,C
0.28515625,-1.4269228895677968,5.890625,0.5500937414421402,0.612344383448593,0.8191885139908228,0.0,0.4296875,1.0,0.99609375,0.98828125,0.9765625,0.96875,0.9609375,0.990859554086763,0.9947277422356916,0.6640841960906982,0.8695858716964722,0.20550164580345154,256,weather_clouds,0,11,8,C
0.25390625,-1.059359950342537,5.80078125,-0.5840570037678999,-1.1671730289611146,0.7394474178149707,0.0,0.4921875,1.0,0.984251968503937,0.9763779527559056,0.968503937007874,0.9606299212598425,0.9566929133858267,0.9927206765629892,0.9883891391012168,0.6640841960906982,0.8695858716964722,0.20550164580345154,256,weather_clouds,0,11,16,C
0.30859375,-2.685489620245616,5.94140625,1.1373156094898749,0.9853293493418014,0.967054265939691,0.0,0.3828125,1.0,0.99609375,0.9921875,0.98828125,0.984375,0.98046875,0.9960551622400232,0.9999945318250933,0.7636122703552246,0.9173630475997925,0.15375074744224548,256,weather_clouds,0,12,4,C
0.3125,-0.3821048741938873,5.8984375,0.6038663456886836,0.42217532026580007,0.9953727560072139,0.0,0.375,1.0,0.9921875,0.984375,0.98046875,0.9765625,0.96484375,0.9936343441389749,0.9540386822183822,0.7636122703552246,0.9173630475997925,0.15375074744224548,256,weather_clouds,0,12,8,C
0.2578125,-0.9259393016847868,5.94140625,0.9711243672117175,0.7032965687329766,0.7206341705720454,0.0,0.484375,1.0,0.99609375,0.9921875,0.98828125,0.984375,0.98046875,0.9960551622400232,0.9999945318250933,0.7636122703552246,0.9173630475997925,0.15375074744224548,256,weather_clouds,0,12,16,C
0.3125,-2.5389017588784974,5.85546875,0.8080060094796454,0.5464298618844283,0.9370703235813964,0.0,0.375,1.0,0.9881889763779528,0.984251968503937,0.9803149606299213,0.9763779527559056,0.9724409448818898,0.995991916224948,0.9999943547231583,0.8323168754577637,0.9602157473564148,0.1278989315032959,256,weather_clouds,0,13,4,C
0.32421875,0.06567427525207398,5.85546875,0.3081170223326948,-0.14833186928257872,0.9427140485956252,0.0,0.3515625,1.0,0.9881889763779528,0.984251968503937,0.9803149606299213,0.9763779527559056,0.9724409448818898,0.995991916224948,0.9999943547231583,0.8323168754577637,0.9602157473564148,0.1278989315032959,256,weather_clouds,0,13,8,C
0.28515625,0.008005238919465321,5.89453125,0.4527305768851783,0.32920264919415837,0.8376677592012013,0.0,0.4296875,1.0,0.9921875,0.984375,0.98046875,0.97265625,0.96484375,0.9932361731669301,0.9893270465499124,0.8323168754577637,0.9602157473564148,0.1278989315032959,256,weather_clouds,0,13,16,C
0.3203125,-2.24572603614426,5.75390625,0.4188219367402832,0.10753037442705528,1.197447326068285,0.0,0.359375,1.0,0.9801587301587301,0.9761904761904762,0.9722222222222222,0.9642857142857143,0.9523809523809523,0.9930473900902319,0.9363896946152674,0.44170254468917847,0.7809799909591675,0.3392774164676666,256,weather_clouds,0,14,4,C
0.328125,0.21493399173406105,5.76171875,-0.3371542286258263,-0.7188390588309576,0.8527385653902346,0.0,0.34375,1.0,0.9802371541501976,0.9723320158102767,0.9683794466403162,0.9604743083003953,0.9486166007905138,0.9922452506019616,0.9690048452788828,0.44170254468917847,0.7809799909591675,0.3392774164676666,256,weather_clouds,0,14,8,C
0.30078125,0.5416878335504666,5.87109375,0.19353368172190874,0.32920264919415837,0.765389208616519,0.0,0.3984375,1.0,0.9921875,0.984375,0.9765625,0.96484375,0.953125,0.9900129219802204,0.9877470728600285,0.44170254468917847,0.7809799909591675,0.3392774164676666,256,weather_clouds,0,14,16,C
0.3046875,-2.8320774816127354,5.85546875,0.8080060094796454,0.5464298618844283,1.155799290534477,0.0,0.390625,1.0,0.9881889763779528,0.984251968503937,0.9803149606299213,0.9763779527559056,0.9724409448818898,0.995991916224948,0.9999943547231583,0.7198988795280457,0.815123438835144,0.09522460401058197,256,weather_clouds,0,15,4,C
0.234375,-3.3672992038336287,5.85546875,0.3081170223326948,-0.14833186928257872,0.8715907763514537,0.0,0.53125,1.0,0.9881889763779528,0.984251968503937,0.9803149606299213,0.9763779527559056,0.9724409448818898,0.995991916224948,0.9999943547231583,0.7198988795280457,0.815123438835144,0.09522460401058197,256,weather_clouds,0,15,8,C
0.23046875,-1.859883842289039,5.89453125,0.4527305768851783,0.32920264919415837,0.8293555858801986,0.01694915254237288,0.5390625,1.0,0.9921875,0.984375,0.98046875,0.97265625,0.96484375,0.9932361731669301,0.9893270465499124,0.7198988795280457,0.815123438835144,0.09522460401058197,256,weather_clouds,0,15,16,C
0.390625,0.39285546846387953,5.03515625,-2.3354038087998186,-1.648067575402437,0.8814502560604925,0.0,0.21875,1.0,0.9390243902439024,0.9105691056910569,0.8658536585365854,0.7886178861788617,0.7357723577235772,0.9387905086625391,0.9674805852608188,0.8015629649162292,0.9170612096786499,0.11549828946590424,256,weather_clouds,0,16,4,C
0.33203125,0.36419370821604813,5.60546875,-1.4126063135566946,-1.0991771851965433,0.8204869404042219,0.011764705882352941,0.3359375,1.0,0.968503937007874,0.937007874015748,0.9251968503937008,0.9173228346456693,0.9015748031496063,0.9836893544337973,0.9389745393273019,0.8015629649162292,0.9170612096786499,0.11549828946590424,256,weather_clouds,0,16,8,C
0.3203125,1.208791076839218,5.7890625,-0.7136554513495348,0.32920264919415837,0.7857531418963593,0.0,0.359375,1.0,0.9921875,0.98046875,0.95703125,0.93359375,0.92578125,0.9814209937735772,0.9762181796150997,0.8015629649162292,0.9170612096786499,0.11549828946590424,256,weather_clouds,0,16,16,C
0.3203125,-2.24572603614426,5.85546875,0.8080060094796454,0.5464298618844283,1.0372647349412474,0.0,0.359375,1.0,0.9881889763779528,0.984251968503937,0.9803149606299213,0.9763779527559056,0.9724409448818898,0.995991916224948,0.9999943547231583,0.738128662109375,0.8888382911682129,0.15070964395999908,256,weather_clouds,0,17,4,C
0.2734375,-1.874702039013758,5.85546875,0.3081170223326948,-0.14833186928257872,0.9483858913288397,0.0,0.453125,1.0,0.9881889763779528,0.984251968503937,0.9803149606299213,0.9763779527559056,0.9724409448818898,0.995991916224948,0.9999943547231583,0.738128662109375,0.8888382911682129,0.15070964395999908,256,weather_clouds,0,17,8,C
0.24609375,-1.3262012476580378,5.89453125,0.4527305768851783,0.32920264919415837,0.8001322641986386,0.0,0.5078125,1.0,0.9921875,0.984375,0.98046875,0.97265625,0.96484375,0.9932361731669301,0.9893270465499124,0.738128662109375,0.8888382911682129,0.15070964395999908,256,weather_clouds,0,17,16,C
0.328125,-1.9525503134100222,5.85546875,0.8080060094796454,0.5464298618844283,0.9135385427585081,0.0,0.34375,1.0,0.9881889763779528,0.984251968503937,0.9803149606299213,0.9763779527559056,0.9724409448818898,0.995991916224948,0.9999943547231583,0.7406678199768066,0.9331316351890564,0.19246387481689453,256,weather_clouds,0,18,4,C
0.28125,-1.5761826060497839,5.85546875,0.3081170223326948,-0.14833186928257872,0.8659090596575366,0.0,0.4375,1.0,0.9881889763779528,0.984251968503937,0.9803149606299213,0.9763779527559056,0.9724409448818898,0.995991916224948,0.9999943547231583,0.7406678199768066,0.9331316351890564,0.19246387481689453,256,weather_clouds,0,18,8,C
0.234375,-1.7264631936312886,5.89453125,0.4527305768851783,0.32920264919415837,0.7415497511268514,0.016666666666666666,0.53125,1.0,0.9921875,0.984375,0.98046875,0.97265625,0.96484375,0.9932361731669301,0.9893270465499124,0.7406678199768066,0.9331316351890564,0.19246387481689453,256,weather_clouds,0,18,16,C
0.390625,0.39285546846387953,5.77734375,0.5086336458339821,0.21725524629139856,0.8531415214962352,0.0,0.21875,1.0,0.9802371541501976,0.9723320158102767,0.9683794466403162,0.9644268774703557,0.9604743083003953,0.9951221439402106,0.9739446031279753,0.7944481372833252,0.9018722176551819,0.10742412507534027,256,weather_clouds,0,19,4,C
0.3046875,-0.6806243071578614,5.7734375,-0.2564953222560111,-0.14833186928257872,0.9234358050601132,0.0,0.390625,1.0,0.984313725490196,0.9647058823529412,0.9529411764705882,0.9490196078431372,0.9450980392156862,0.9902769949536127,0.8865904014026965,0.7944481372833252,0.9018722176551819,0.10742412507534027,256,weather_clouds,0,19,8,C
0.23046875,-1.859883842289039,5.8203125,-0.368059591131842,0.32920264919415837,0.9201738966086791,0.0,0.5390625,1.0,0.9921875,0.98046875,0.96875,0.94921875,0.9296875,0.9838794808435707,0.9804705266073163,0.7944481372833252,0.9018722176551819,0.10742412507534027,256,weather_clouds,0,19,16,C
0.38671875,0.24626760709676068,5.85546875,0.8080060094796454,0.5464298618844283,0.9037298453936701,0.0,0.2265625,1.0,0.9881889763779528,0.984251968503937,0.9803149606299213,0.9763779527559056,0.9724409448818898,0.995991916224948,0.9999943547231583,0.6948437094688416,0.8944892883300781,0.19964557886123657,256,weather_clouds,0,20,4,C
0.31640625,-0.23284515771190017,5.85546875,0.3081170223326948,-0.14833186928257872,0.819685595860333,0.012345679012345678,0.3671875,1.0,0.9881889763779528,0.984251968503937,0.9803149606299213,0.9763779527559056,0.9724409448818898,0.995991916224948,0.9999943547231583,0.6948437094688416,0.8944892883300781,0.19964557886123657,256,weather_clouds,0,20,8,C
0.28125,-0.125415409738285,5.8671875,0.15033419919469715,0.32920264919415837,0.9214291405465306,0.0,0.4375,1.0,0.9921875,0.984375,0.98046875,0.96875,0.94140625,0.9879655000316864,0.8708659799832046,0.6948437094688416,0.8944892883300781,0.19964557886123657,256,weather_clouds,0,20,16,C
0.32421875,-2.099138174777141,5.77734375,0.5086336458339821,0.21725524629139856,1.053500934849343,0.0,0.3515625,1.0,0.9802371541501976,0.9723320158102767,0.9683794466403162,0.9644268774703557,0.9604743083003953,0.9951221439402106,0.9739446031279753,0.6134034395217896,0.7837026119232178,0.1702992022037506,256,weather_clouds,0,21,4,C
0.3125,-0.3821048741938873,5.7734375,-0.2564953222560111,-0.14833186928257872,0.8287857777841594,0.0,0.375,1.0,0.984313725490196,0.9647058823529412,0.9529411764705882,0.9490196078431372,0.9450980392156862,0.9902769949536127,0.8865904014026965,0.6134034395217896,0.7837026119232178,0.1702992022037506,256,weather_clouds,0,21,8,C
0.296875,0.40826718489271624,5.8203125,-0.368059591131842,0.32920264919415837,0.8314036615116064,0.0,0.40625,1.0,0.9921875,0.98046875,0.96875,0.94921875,0.9296875,0.9838794808435707,0.9804705266073163,0.6134034395217896,0.7837026119232178,0.1702992022037506,256,weather_clouds,0,21,16,C
0.40234375,0.832619052565236,5.55078125,-0.3595462087384413,-0.11191936930163125,0.9340197774898266,0.0,0.1953125,1.0,0.9722222222222222,0.9563492063492064,0.9404761904761905,0.9047619047619048,0.8650793650793651,0.9715157871586079,0.9470808088803345,0.8460491895675659,0.9337308406829834,0.0876815989613533,256,weather_clouds,0,22,4,C
0.27734375,-1.725442322531771,5.60546875,-1.4126063135566946,-1.0991771851965433,0.9883843373551908,0.014084507042253521,0.4453125,1.0,0.968503937007874,0.937007874015748,0.9251968503937008,0.9173228346456693,0.9015748031496063,0.9836893544337973,0.9389745393273019,0.8460491895675659,0.9337308406829834,0.0876815989613533,256,weather_clouds,0,22,8,C
0.26171875,-0.7925186530270365,5.7890625,-0.7136554513495348,0.32920264919415837,0.944960344156905,0.029850746268656716,0.4765625,1.0,0.9921875,0.98046875,0.95703125,0.93359375,0.92578125,0.9814209937735772,0.9762181796150997,0.8460491895675659,0.9337308406829834,0.0876815989613533,256,weather_clouds,0,22,16,C
0.375,-0.1934959770045959,5.75390625,0.4188219367402832,0.10753037442705528,1.021681989499754,0.0,0.25,1.0,0.9801587301587301,0.9761904761904762,0.9722222222222222,0.9642857142857143,0.9523809523809523,0.9930473900902319,0.9363896946152674,0.7465912699699402,0.9034228920936584,0.15683159232139587,256,weather_clouds,0,23,4,C
0.3203125,-0.0835854412299131,5.76171875,-0.3371542286258263,-0.7188390588309576,0.97691760143832,0.012195121951219513,0.359375,1.0,0.9802371541501976,0.9723320158102767,0.9683794466403162,0.9604743083003953,0.9486166007905138,0.9922452506019616,0.9690048452788828,0.7465912699699402,0.9034228920936584,0.15683159232139587,256,weather_clouds,0,23,8,C
0.2578125,-0.9259393016847868,5.87109375,0.19353368172190874,0.32920264919415837,0.8438226421442198,0.0,0.484375,1.0,0.9921875,0.984375,0.9765625,0.96484375,0.953125,0.9900129219802204,0.9877470728600285,0.7465912699699402,0.9034228920936584,0.15683159232139587,256,weather_clouds,0,23,16,C
0.3828125,0.09967974572964182,5.52734375,-0.44935791783214024,-0.11191936930163125,0.7519444711838176,0.0,0.234375,1.0,0.9722222222222222,0.9563492063492064,0.9365079365079365,0.8928571428571429,0.8571428571428571,0.9684430368629015,0.9567540279339138,0.7767843008041382,0.8996051549911499,0.12282083183526993,256,weather_clouds,0,24,4,C
0.36328125,1.5582714400719448,5.87109375,0.41566223082578163,0.612344383448593,0.8249388228689701,0.0,0.2734375,1.0,0.99609375,0.984375,0.97265625,0.96484375,0.953125,0.989235220374327,0.9962458827450227,0.7767843008041382,0.8996051549911499,0.12282083183526993,256,weather_clouds,0,24,8,C
0.2890625,0.14142588757721564,5.9140625,0.6687279895212362,0.7032965687329766,0.7747134628420614,0.02702702702702703,0.421875,1.0,0.99609375,0.98828125,0.98046875,0.9765625,0.97265625,0.9940627089652826,0.9708543259014171,0.7767843008041382,0.8996051549911499,0.12282083183526993,256,weather_clouds,0,24,16,C
0.33984375,-1.5127867293086656,5.85546875,0.8080060094796454,0.5464298618844283,0.9421800739373558,0.0,0.3203125,1.0,0.9881889763779528,0.984251968503937,0.9803149606299213,0.9763779527559056,0.9724409448818898,0.995991916224948,0.9999943547231583,0.8552818894386292,0.9938848614692688,0.13860297203063965,256,weather_clouds,0,25,4,C
0.265625,-2.1732214719777323,5.85546875,0.3081170223326948,-0.14833186928257872,0.8409595996033946,0.014705882352941176,0.46875,1.0,0.9881889763779528,0.984251968503937,0.9803149606299213,0.9763779527559056,0.9724409448818898,0.995991916224948,0.9999943547231583,0.8552818894386292,0.9938848614692688,0.13860297203063965,256,weather_clouds,0,25,8,C
0.25390625,-1.059359950342537,5.89453125,0.4527305768851783,0.32920264919415837,0.9147358679953929,0.015384615384615385,0.4921875,1.0,0.9921875,0.984375,0.98046875,0.97265625,0.96484375,0.9932361731669301,0.9893270465499124,0.8552818894386292,0.9938848614692688,0.13860297203063965,256,weather_clouds,0,25,16,C
0.3359375,-1.6593745906757844,5.85546875,0.8080060094796454,0.5464298618844283,1.1852831672110158,0.0,0.328125,1.0,0.9881889763779528,0.984251968503937,0.9803149606299213,0.9763779527559056,0.9724409448818898,0.995991916224948,0.9999943547231583,0.750856876373291,0.8657083511352539,0.11485135555267334,256,weather_clouds,0,26,4,C
0.34375,0.8119728576620093,5.85546875,0.3081170223326948,-0.14833186928257872,0.8214866704218025,0.0,0.3125,1.0,0.9881889763779528,0.984251968503937,0.9803149606299213,0.9763779527559056,0.9724409448818898,0.995991916224948,0.9999943547231583,0.750856876373291,0.8657083511352539,0.11485135555267334,256,weather_clouds,0,26,8,C
0.27734375,-0.2588360583960353,5.89453125,0.4527305768851783,0.32920264919415837,0.8876479433042159,0.014084507042253521,0.4453125,1.0,0.9921875,0.984375,0.98046875,0.97265625,0.96484375,0.9932361731669301,0.9893270465499124,0.750856876373291,0.8657083511352539,0.11485135555267334,256,weather_clouds,0,26,16,C
0.37109375,-0.34008383837171474,5.75390625,0.4188219367402832,0.10753037442705528,0.9819490821829815,0.0,0.2578125,1.0,0.9801587301587301,0.9761904761904762,0.9722222222222222,0.9642857142857143,0.9523809523809523,0.9930473900902319,0.9363896946152674,0.6900321841239929,0.8467864990234375,0.1567542999982834,256,weather_clouds,0,27,4,C
0.27734375,-1.725442322531771,5.734375,-0.5253583434887282,-0.7188390588309576,0.9096149031196543,0.014084507042253521,0.4453125,1.0,0.9802371541501976,0.9723320158102767,0.9683794466403162,0.9525691699604744,0.9288537549407114,0.9872597463450217,0.9026649519930702,0.6900321841239929,0.8467864990234375,0.1567542999982834,256,weather_clouds,0,27,8,C
0.28515625,0.008005238919465321,5.87109375,0.19353368172190874,0.32920264919415837,0.8504146017073592,0.0,0.4296875,1.0,0.9921875,0.984375,0.9765625,0.96484375,0.953125,0.9900129219802204,0.9877470728600285,0.6900321841239929,0.8467864990234375,0.1567542999982834,256,weather_clouds,0,27,16,C
0.3671875,-0.48667169973883356,5.83984375,0.7481315367505127,0.5464298618844283,0.7905036369302801,0.0,0.265625,1.0,0.9881889763779528,0.984251968503937,0.9803149606299213,0.9724409448818898,0.9606299212598425,0.9931593039244523,0.9364209402290568,0.7691323757171631,0.9001437425613403,0.13101139664649963,256,weather_clouds,0,28,4,C
0.3203125,-0.0835854412299131,5.89453125,0.5769800435654119,0.612344383448593,0.8733191321427478,0.0,0.359375,1.0,0.99609375,0.98828125,0.9765625,0.96875,0.96484375,0.9916638242646785,0.976441337854549,0.7691323757171631,0.9001437425613403,0.13101139664649963,256,weather_clouds,0,28,8,C
0.28515625,0.008005238919465321,5.8203125,-0.368059591131842,-1.1671730289611146,0.8123201004396181,0.0136986301369863,0.4296875,1.0,0.984251968503937,0.9763779527559056,0.9724409448818898,0.968503937007874,0.9645669291338582,0.9951614810422583,0.9739368337267381,0.7691323757171631,0.9001437425613403,0.13101139664649963,256,weather_clouds,0,28,16,C
0.421875,1.5655583594008304,5.1484375,-1.901313881513607,-1.7577924472667803,0.7409737499292375,0.0,0.15625,1.0,0.9387755102040817,0.9183673469387755,0.8857142857142857,0.8408163265306122,0.7959183673469388,0.9590247719471636,0.9726764118807258,0.7146427631378174,0.9588940143585205,0.24425125122070312,256,weather_clouds,0,29,4,C
0.27734375,-1.725442322531771,5.890625,0.5500937414421402,0.612344383448593,0.8806215286915289,0.014084507042253521,0.4453125,1.0,0.99609375,0.98828125,0.9765625,0.96875,0.9609375,0.990859554086763,0.9947277422356916,0.7146427631378174,0.9588940143585205,0.24425125122070312,256,weather_clouds,0,29,8,C
0.3125,0.9419497795237175,5.80078125,-0.5840570037678999,-1.1671730289611146,0.7054723290646929,0.0,0.375,1.0,0.984251968503937,0.9763779527559056,0.968503937007874,0.9606299212598425,0.9566929133858267,0.9927206765629892,0.9883891391012168,0.7146427631378174,0.9588940143585205,0.24425125122070312,256,weather_clouds,0,29,16,C
0.33203125,-1.8059624520429032,5.86328125,0.8379432458442116,0.6561547337487716,1.1077000172517237,0.0,0.3359375,1.0,0.9882352941176471,0.9803921568627451,0.9764705882352941,0.9725490196078431,0.9686274509803922,0.9952001887405004,0.9739291875786131,0.7762728929519653,0.9485104084014893,0.17223747074604034,256,weather_clouds,1,0,4,C
0.30078125,-0.8298840236398485,5.7578125,-0.364040530749098,-0.5286699956481645,0.8361061940803519,0.0,0.3984375,1.0,0.9803149606299213,0.9645669291338582,0.9566929133858267,0.952755905511811,0.9488188976377953,0.9922668150941125,0.9051557285013431,0.7762728929519653,0.9485104084014893,0.17223747074604034,256,weather_clouds,1,0,8,C
0.2578125,-0.9259393016847868,5.94140625,0.9711243672117175,0.7032965687329766,0.8980362710556195,0.0,0.484375,1.0,0.99609375,0.9921875,0.98828125,0.984375,0.98046875,0.9960551622400232,0.9999945318250933,0.7762728929519653,0.9485104084014893,0.17223747074604034,256,weather_clouds,1,0,16,C
0.32421875,-2.099138174777141,5.85546875,0.8080060094796454,0.5464298618844283,1.1580961455653693,0.0,0.3515625,1.0,0.9881889763779528,0.984251968503937,0.9803149606299213,0.9763779527559056,0.9724409448818898,0.995991916224948,0.9999943547231583,0.8112640380859375,0.946483850479126,0.13521981239318848,256,weather_clouds,1,1,4,C
0.2890625,-1.2776631730858097,5.86328125,0.3618896265792382,0.04183719390021423,1.023728038122524,0.0,0.421875,1.0,0.9882352941176471,0.9803921568627451,0.9764705882352941,0.9725490196078431,0.9686274509803922,0.9952001887405004,0.9739291875786131,0.8112640380859375,0.946483850479126,0.13521981239318848,256,weather_clouds,1,1,8,C
0.19140625,-3.194090328866542,5.8984375,0.4959300594123899,-0.04489127034465989,0.8421146762713944,0.061224489795918366,0.6171875,1.0,0.9921568627450981,0.9882352941176471,0.984313725490196,0.9803921568627451,0.9764705882352941,0.9960237907202696,0.9999944443325324,0.8112640380859375,0.946483850479126,0.13521981239318848,256,weather_clouds,1,1,16,C
0.3125,-2.5389017588784974,5.85546875,0.8080060094796454,0.5464298618844283,0.8829529772479797,0.0,0.375,1.0,0.9881889763779528,0.984251968503937,0.9803149606299213,0.9763779527559056,0.9724409448818898,0.995991916224948,0.9999943547231583,0.779981255531311,0.8671159744262695,0.08713468909263611,256,weather_clouds,1,2,4,C
0.26171875,-2.322481188459719,5.859375,0.3350033244559665,0.04183719390021423,0.79333931547759,0.0,0.4765625,1.0,0.9882352941176471,0.9803921568627451,0.9764705882352941,0.9725490196078431,0.9647058823529412,0.9943930504611007,0.9799797895417592,0.779981255531311,0.8671159744262695,0.08713468909263611,256,weather_clouds,1,2,8,C
0.2734375,-0.39225670705378557,5.89453125,0.4527305768851783,-0.04489127034465989,0.8938682321758212,0.0,0.453125,1.0,0.9921568627450981,0.9882352941176471,0.984313725490196,0.9803921568627451,0.9725490196078431,0.9952224833344671,0.9720008392667439,0.779981255531311,0.8671159744262695,0.08713468909263611,256,weather_clouds,1,2,16,C
0.3984375,0.6860311911981172,5.51953125,-0.4792951541967066,0.21725524629139856,1.0131324221890932,0.0,0.203125,1.0,0.9802371541501976,0.9604743083003953,0.9288537549407114,0.8814229249011858,0.83399209486166,0.959922151759254,0.9664451443776125,0.5065158009529114,0.7788337469100952,0.2723180055618286,256,weather_clouds,1,3,4,C
0.29296875,-1.1284034566038226,5.83203125,0.1467992095930645,0.42217532026580007,0.911297975417481,0.013333333333333334,0.4140625,1.0,0.9921875,0.9765625,0.9609375,0.953125,0.94921875,0.9887795896840558,0.9444887457413844,0.5065158009529114,0.7788337469100952,0.2723180055618286,256,weather_clouds,1,3,8,C
0.203125,-2.7938283828932913,5.83203125,-0.23846114355020723,0.32920264919415837,0.8488422180851193,0.07692307692307693,0.59375,1.0,0.9921875,0.9765625,0.9609375,0.953125,0.94921875,0.9887795896840558,0.9444887457413844,0.5065158009529114,0.7788337469100952,0.2723180055618286,256,weather_clouds,1,3,16,C
0.3828125,0.09967974572964182,5.015625,-2.4102468997112343,-1.9772421909954667,1.105521345047163,0.0,0.234375,1.0,0.9306122448979591,0.8979591836734694,0.8653061224489796,0.8,0.746938775510204,0.9459900916436051,0.9700018488557586,0.8493444919586182,0.9587012529373169,0.10935670137405396,256,weather_clouds,1,4,4,C
0.26953125,-2.023961755495745,5.9375,0.8727293669214007,0.612344383448593,0.9771052407007071,0.0,0.4609375,1.0,0.99609375,0.9921875,0.98828125,0.984375,0.9765625,0.9952602249442511,0.9720086167693385,0.8493444919586182,0.9587012529373169,0.10935670137405396,256,weather_clouds,1,4,8,C
0.23828125,-1.5930425449735384,5.8671875,0.15033419919469715,-0.04489127034465989,0.8981759293145191,0.01639344262295082,0.5234375,1.0,0.9921568627450981,0.9882352941176471,0.9803921568627451,0.9686274509803922,0.9607843137254902,0.9916051048653305,0.9748589318108465,0.8493444919586182,0.9587012529373169,0.10935670137405396,256,weather_clouds,1,4,16,C
0.32421875,-2.099138174777141,5.85546875,0.8080060094796454,0.5464298618844283,0.9836218455401803,0.0,0.3515625,1.0,0.9881889763779528,0.984251968503937,0.9803149606299213,0.9763779527559056,0.9724409448818898,0.995991916224948,0.9999943547231583,0.834954559803009,0.8926801681518555,0.05772557482123375,256,weather_clouds,1,5,4,C
0.27734375,-1.725442322531771,5.86328125,0.3618896265792382,0.04183719390021423,0.7615318968221615,0.014084507042253521,0.4453125,1.0,0.9882352941176471,0.9803921568627451,0.9764705882352941,0.9725490196078431,0.9686274509803922,0.9952001887405004,0.9739291875786131,0.834954559803009,0.8926801681518555,0.05772557482123375,256,weather_clouds,1,5,8,C
0.265625,-0.6590980043692862,5.8984375,0.4959300594123899,-0.04489127034465989,0.7824658852643338,0.014705882352941176,0.46875,1.0,0.9921568627450981,0.9882352941176471,0.984313725490196,0.9803921568627451,0.9764705882352941,0.9960237907202696,0.9999944443325324,0.834954559803009,0.8926801681518555,0.05772557482123375,256,weather_clouds,1,5,16,C
0.359375,-0.7798474224730713,5.67578125,0.11944957309461991,-0.11191936930163125,0.9929692704086788,0.0,0.28125,1.0,0.9722222222222222,0.9603174603174603,0.9563492063492064,0.9444444444444444,0.9325396825396826,0.9900486016045669,0.9787967939111674,0.6036095023155212,0.7925524711608887,0.18894296884536743,256,weather_clouds,1,6,4,C
0.26953125,-2.023961755495745,5.9375,0.8727293669214007,0.612344383448593,1.014713153537907,0.043478260869565216,0.4609375,1.0,0.99609375,0.9921875,0.98828125,0.984375,0.9765625,0.9952602249442511,0.9720086167693385,0.6036095023155212,0.7925524711608887,0.18894296884536743,256,weather_clouds,1,6,8,C
0.26953125,-0.5256773557115358,5.85546875,0.02073575161306235,-0.04489127034465989,1.1296441917701345,0.0,0.4609375,1.0,0.9921568627450981,0.9882352941176471,0.9803921568627451,0.9647058823529412,0.9529411764705882,0.9895793113106686,0.9532726448934041,0.6036095023155212,0.7925524711608887,0.18894296884536743,256,weather_clouds,1,6,16,C
0.3125,-2.5389017588784974,5.85546875,0.8080060094796454,0.5464298618844283,1.213714981549371,0.0,0.375,1.0,0.9881889763779528,0.984251968503937,0.9803149606299213,0.9763779527559056,0.9724409448818898,0.995991916224948,0.9999943547231583,0.7390317320823669,0.8501078486442566,0.11107605695724487,256,weather_clouds,1,7,4,C
0.234375,-3.3672992038336287,5.859375,0.3350033244559665,0.04183719390021423,1.074056154879585,0.0,0.53125,1.0,0.9882352941176471,0.9803921568627451,0.9764705882352941,0.9725490196078431,0.9647058823529412,0.9943930504611007,0.9799797895417592,0.7390317320823669,0.8501078486442566,0.11107605695724487,256,weather_clouds,1,7,8,C
0.1796875,-3.594352274839793,5.89453125,0.4527305768851783,-0.04489127034465989,0.8542853502237522,0.043478260869565216,0.640625,1.0,0.9921568627450981,0.9882352941176471,0.984313725490196,0.9803921568627451,0.9725490196078431,0.9952224833344671,0.9720008392667439,0.7390317320823669,0.8501078486442566,0.11107605695724487,256,weather_clouds,1,7,16,C
0.37109375,-0.34008383837171474,5.0234375,-2.3803096633466683,-2.525866550317183,0.9059098815720338,0.0,0.2578125,1.0,0.9214876033057852,0.8966942148760331,0.8760330578512396,0.8305785123966942,0.7892561983471075,0.9620980473085069,0.968118292683772,0.7613707780838013,0.8907769918441772,0.1294061839580536,256,weather_clouds,1,8,4,C
0.28515625,-1.4269228895677968,5.9375,0.8727293669214007,0.612344383448593,0.8510021301659887,0.0,0.4296875,1.0,0.99609375,0.9921875,0.98828125,0.984375,0.9765625,0.9952602249442511,0.9720086167693385,0.7613707780838013,0.8907769918441772,0.1294061839580536,256,weather_clouds,1,8,8,C
0.26953125,-0.5256773557115358,5.8671875,0.15033419919469715,-0.04489127034465989,0.8633898581823338,0.014492753623188406,0.4609375,1.0,0.9921568627450981,0.9882352941176471,0.9803921568627451,0.9686274509803922,0.9607843137254902,0.9916051048653305,0.9748589318108465,0.7613707780838013,0.8907769918441772,0.1294061839580536,256,weather_clouds,1,8,16,C
0.3359375,-1.6593745906757844,5.85546875,0.8080060094796454,0.5464298618844283,1.0157952549603682,0.0,0.328125,1.0,0.9881889763779528,0.984251968503937,0.9803149606299213,0.9763779527559056,0.9724409448818898,0.995991916224948,0.9999943547231583,0.801525354385376,0.8921637535095215,0.09063836932182312,256,weather_clouds,1,9,4,C
0.31640625,-0.23284515771190017,5.859375,0.3350033244559665,0.04183719390021423,0.8084098767783514,0.0,0.3671875,1.0,0.9882352941176471,0.9803921568627451,0.9764705882352941,0.9725490196078431,0.9647058823529412,0.9943930504611007,0.9799797895417592,0.801525354385376,0.8921637535095215,0.09063836932182312,256,weather_clouds,1,9,8,C
0.234375,-1.7264631936312886,5.89453125,0.4527305768851783,-0.04489127034465989,0.8197955704490815,0.05,0.53125,1.0,0.9921568627450981,0.9882352941176471,0.984313725490196,0.9803921568627451,0.9725490196078431,0.9952224833344671,0.9720008392667439,0.801525354385376,0.8921637535095215,0.09063836932182312,256,weather_clouds,1,9,16,C
0.37109375,-0.34008383837171474,5.67578125,0.11944957309461991,-0.11191936930163125,0.8977028998208075,0.0,0.2578125,1.0,0.9722222222222222,0.9603174603174603,0.9563492063492064,0.9444444444444444,0.9325396825396826,0.9900486016045669,0.9787967939111674,0.3897891938686371,0.6720057725906372,0.2822165787220001,256,weather_clouds,1,10,4,C
0.32421875,0.06567427525207398,5.9375,0.8727293669214007,0.612344383448593,0.8621200587822584,0.0,0.3515625,1.0,0.99609375,0.9921875,0.98828125,0.984375,0.9765625,0.9952602249442511,0.9720086167693385,0.3897891938686371,0.6720057725906372,0.2822165787220001,256,weather_clouds,1,10,8,C
0.1875,-3.3275109775242924,5.85546875,0.02073575161306235,-0.04489127034465989,0.7886737477352871,0.041666666666666664,0.625,1.0,0.9921568627450981,0.9882352941176471,0.9803921568627451,0.9647058823529412,0.9529411764705882,0.9895793113106686,0.9532726448934041,0.3897891938686371,0.6720057725906372,0.2822165787220001,256,weather_clouds,1,10,16,C
0.359375,-0.7798474224730713,5.85546875,0.8080060094796454,0.5464298618844283,0.9885585465717243,0.0,0.28125,1.0,0.9881889763779528,0.984251968503937,0.9803149606299213,0.9763779527559056,0.9724409448818898,0.995991916224948,0.9999943547231583,0.7656527757644653,0.7989049553871155,0.03325221687555313,256,weather_clouds,1,11,4,C
0.3046875,-0.6806243071578614,5.859375,0.3350033244559665,0.04183719390021423,0.7990994931796666,0.01282051282051282,0.390625,1.0,0.9882352941176471,0.9803921568627451,0.9764705882352941,0.9725490196078431,0.9647058823529412,0.9943930504611007,0.9799797895417592,0.7656527757644653,0.7989049553871155,0.03325221687555313,256,weather_clouds,1,11,8,C
0.2578125,-0.9259393016847868,5.89453125,0.4527305768851783,-0.04489127034465989,0.9624810279983825,0.0,0.484375,1.0,0.9921568627450981,0.9882352941176471,0.984313725490196,0.9803921568627451,0.9725490196078431,0.9952224833344671,0.9720008392667439,0.7656527757644653,0.7989049553871155,0.03325221687555313,256,weather_clouds,1,11,16,C
0.33984375,-1.5127867293086656,5.83203125,0.7181943003859463,0.9853293493418014,1.0229374134395497,0.0,0.3203125,1.0,0.99609375,0.9921875,0.9765625,0.94921875,0.91796875,0.9794511761067098,0.9205594779312317,0.7732297778129578,0.8277055025100708,0.05447573959827423,256,weather_clouds,1,12,4,C
0.265625,-2.1732214719777323,5.90625,0.657638949935227,0.42217532026580007,1.06455624557841,0.029411764705882353,0.46875,1.0,0.9921875,0.984375,0.98046875,0.9765625,0.97265625,0.9952382820213871,0.9739216617740921,0.7732297778129578,0.8277055025100708,0.05447573959827423,256,weather_clouds,1,12,8,C
0.2734375,-0.39225670705378557,5.90234375,0.5391295419396015,0.32920264919415837,0.9477927911685218,0.04285714285714286,0.453125,1.0,0.9921875,0.984375,0.98046875,0.9765625,0.96875,0.9944376065822589,0.9799801103548822,0.7732297778129578,0.8277055025100708,0.05447573959827423,256,weather_clouds,1,12,16,C
0.421875,1.5655583594008304,5.67578125,0.11944957309461991,-0.11191936930163125,0.773819874127303,0.0,0.15625,1.0,0.9722222222222222,0.9603174603174603,0.9563492063492064,0.9444444444444444,0.9325396825396826,0.9900486016045669,0.9787967939111674,0.6835639476776123,0.7680119276046753,0.08444799482822418,256,weather_clouds,1,13,4,C
0.31640625,-0.23284515771190017,5.9375,0.8727293669214007,0.612344383448593,0.7574054404089813,0.024691358024691357,0.3671875,1.0,0.99609375,0.9921875,0.98828125,0.984375,0.9765625,0.9952602249442511,0.9720086167693385,0.6835639476776123,0.7680119276046753,0.08444799482822418,256,weather_clouds,1,13,8,C
0.26953125,-0.5256773557115358,5.85546875,0.02073575161306235,-0.04489127034465989,0.8646013503754145,0.0,0.4609375,1.0,0.9921568627450981,0.9882352941176471,0.9803921568627451,0.9647058823529412,0.9529411764705882,0.9895793113106686,0.9532726448934041,0.6835639476776123,0.7680119276046753,0.08444799482822418,256,weather_clouds,1,13,16,C
0.33203125,-1.8059624520429032,5.86328125,0.8379432458442116,0.6561547337487716,1.1264960820171186,0.0,0.3359375,1.0,0.9882352941176471,0.9803921568627451,0.9764705882352941,0.9725490196078431,0.9686274509803922,0.9952001887405004,0.9739291875786131,0.6865557432174683,0.7995404005050659,0.11298464238643646,256,weather_clouds,1,14,4,C
0.34375,0.8119728576620093,5.7578125,-0.364040530749098,-0.5286699956481645,0.8226954437093422,0.0,0.3125,1.0,0.9803149606299213,0.9645669291338582,0.9566929133858267,0.952755905511811,0.9488188976377953,0.9922668150941125,0.9051557285013431,0.6865557432174683,0.7995404005050659,0.11298464238643646,256,weather_clouds,1,14,8,C
0.3046875,0.6751084822082168,5.94140625,0.9711243672117175,0.7032965687329766,0.8575469593075193,0.0,0.390625,1.0,0.99609375,0.9921875,0.98828125,0.984375,0.98046875,0.9960551622400232,0.9999945318250933,0.6865557432174683,0.7995404005050659,0.11298464238643646,256,weather_clouds,1,14,16,C
0.31640625,-2.3923138975113787,5.85546875,0.8080060094796454,0.5464298618844283,0.9844409267436399,0.012345679012345678,0.3671875,1.0,0.9881889763779528,0.984251968503937,0.9803149606299213,0.9763779527559056,0.9724409448818898,0.995991916224948,0.9999943547231583,0.7277313470840454,0.7901782393455505,0.0624469555914402,256,weather_clouds,1,15,4,C
0.29296875,-1.1284034566038226,5.859375,0.3350033244559665,0.04183719390021423,0.9447506470532689,0.0,0.4140625,1.0,0.9882352941176471,0.9803921568627451,0.9764705882352941,0.9725490196078431,0.9647058823529412,0.9943930504611007,0.9799797895417592,0.7277313470840454,0.7901782393455505,0.0624469555914402,256,weather_clouds,1,15,8,C
0.23828125,-1.5930425449735384,5.89453125,0.4527305768851783,-0.04489127034465989,0.8607923570333114,0.01639344262295082,0.5234375,1.0,0.9921568627450981,0.9882352941176471,0.984313725490196,0.9803921568627451,0.9725490196078431,0.9952224833344671,0.9720008392667439,0.7277313470840454,0.7901782393455505,0.0624469555914402,256,weather_clouds,1,15,16,C
0.33984375,-1.5127867293086656,5.8359375,0.7331629185682296,0.5464298618844283,0.9549279505992397,0.0,0.3203125,1.0,0.9881889763779528,0.984251968503937,0.9763779527559056,0.968503937007874,0.9645669291338582,0.9935688848028168,0.9846094114965687,0.8152685165405273,0.9233165979385376,0.10804806649684906,256,weather_clouds,1,16,4,C
0.35546875,1.2597520071079706,5.8203125,0.06614030322324939,0.04183719390021423,0.8627147819558924,0.01098901098901099,0.2890625,1.0,0.9882352941176471,0.9803921568627451,0.9725490196078431,0.9568627450980393,0.9450980392156862,0.9887085325356063,0.9786244289994777,0.8152685165405273,0.9233165979385376,0.10804806649684906,256,weather_clouds,1,16,8,C
0.25,-1.1927805990002873,5.94140625,0.9711243672117175,0.7032965687329766,0.7063078776906843,0.0,0.5,1.0,0.99609375,0.9921875,0.98828125,0.984375,0.98046875,0.9960551622400232,0.9999945318250933,0.8152685165405273,0.9233165979385376,0.10804806649684906,256,weather_clouds,1,16,16,C
0.28515625,-3.5650167884483293,5.85546875,0.8080060094796454,0.5464298618844283,0.8736609906405648,0.0136986301369863,0.4296875,1.0,0.9881889763779528,0.984251968503937,0.9803149606299213,0.9763779527559056,0.9724409448818898,0.995991916224948,0.9999943547231583,0.7907001376152039,0.8364545106887817,0.045754324644804,256,weather_clouds,1,17,4,C
0.265625,-2.1732214719777323,5.859375,0.3350033244559665,0.04183719390021423,0.7336656637205049,0.014705882352941176,0.46875,1.0,0.9882352941176471,0.9803921568627451,0.9764705882352941,0.9725490196078431,0.9647058823529412,0.9943930504611007,0.9799797895417592,0.7907001376152039,0.8364545106887817,0.045754324644804,256,weather_clouds,1,17,8,C
0.23046875,-1.859883842289039,5.89453125,0.4527305768851783,-0.04489127034465989,0.7689163800293423,0.01694915254237288,0.5390625,1.0,0.9921568627450981,0.9882352941176471,0.984313725490196,0.9803921568627451,0.9725490196078431,0.9952224833344671,0.9720008392667439,0.7907001376152039,0.8364545106887817,0.045754324644804,256,weather_clouds,1,17,16,C
0.3515625,-1.073023145207309,5.85546875,0.8080060094796454,0.5464298618844283,1.0097485029372801,0.0,0.296875,1.0,0.9881889763779528,0.984251968503937,0.9803149606299213,0.9763779527559056,0.9724409448818898,0.995991916224948,0.9999943547231583,0.7918480634689331,0.8737514019012451,0.08190333843231201,256,weather_clouds,1,18,4,C
0.2734375,-1.874702039013758,5.86328125,0.3618896265792382,0.04183719390021423,0.9351982463474011,0.02857142857142857,0.453125,1.0,0.9882352941176471,0.9803921568627451,0.9764705882352941,0.9725490196078431,0.9686274509803922,0.9952001887405004,0.9739291875786131,0.7918480634689331,0.8737514019012451,0.08190333843231201,256,weather_clouds,1,18,8,C
0.26171875,-0.7925186530270365,5.8984375,0.4959300594123899,-0.04489127034465989,0.8863633331634893,0.014925373134328358,0.4765625,1.0,0.9921568627450981,0.9882352941176471,0.984313725490196,0.9803921568627451,0.9764705882352941,0.9960237907202696,0.9999944443325324,0.7918480634689331,0.8737514019012451,0.08190333843231201,256,weather_clouds,1,18,16,C
0.4296875,1.858734082135068,5.31640625,-1.2576632996754311,-1.209168087945064,0.7774831187877973,0.0,0.140625,1.0,0.9475806451612904,0.9233870967741935,0.907258064516129,0.8709677419354839,0.8387096774193549,0.970199220634234,0.9778070440945194,0.800270140171051,0.9203640222549438,0.1200939267873764,256,weather_clouds,1,19,4,C
0.30859375,-0.5313645906758744,5.9375,0.8727293669214007,0.612344383448593,0.8225411122695141,0.012658227848101266,0.3828125,1.0,0.99609375,0.9921875,0.98828125,0.984375,0.9765625,0.9952602249442511,0.9720086167693385,0.800270140171051,0.9203640222549438,0.1200939267873764,256,weather_clouds,1,19,8,C
0.23828125,-1.5930425449735384,5.85546875,0.02073575161306235,-0.04489127034465989,0.8308403638008828,0.0,0.5234375,1.0,0.9921568627450981,0.9882352941176471,0.9803921568627451,0.9647058823529412,0.9529411764705882,0.9895793113106686,0.9532726448934041,0.800270140171051,0.9203640222549438,0.1200939267873764,256,weather_clouds,1,19,16,C
0.32421875,-2.099138174777141,5.69140625,0.17932404582375255,-0.22164424116597453,0.8573963654001501,0.0,0.3515625,1.0,0.9721115537848606,0.9641434262948207,0.9601593625498008,0.9561752988047809,0.952191235059761,0.9950415191016129,0.9739605238044302,0.8056685924530029,0.9458189606666565,0.14015033841133118,256,weather_clouds,1,20,4,C
0.2890625,-1.2776631730858097,5.72265625,-0.6060172498585433,-0.7188390588309576,0.9024850214050928,0.0,0.421875,1.0,0.9763779527559056,0.9566929133858267,0.9488188976377953,0.9448818897637795,0.9409448818897638,0.9914018861889854,0.8714328685596096,0.8056685924530029,0.9458189606666565,0.14015033841133118,256,weather_clouds,1,20,8,C
0.2421875,-1.459621896315788,5.89453125,0.4527305768851783,-0.04489127034465989,0.7505636232111593,0.0,0.515625,1.0,0.9921568627450981,0.9882352941176471,0.984313725490196,0.9803921568627451,0.9725490196078431,0.9952224833344671,0.9720008392667439,0.8056685924530029,0.9458189606666565,0.14015033841133118,256,weather_clouds,1,20,16,C
0.359375,-0.7798474224730713,5.85546875,0.8080060094796454,0.5464298618844283,0.924271007845406,0.0,0.28125,1.0,0.9881889763779528,0.984251968503937,0.9803149606299213,0.9763779527559056,0.9724409448818898,0.995991916224948,0.9999943547231583,0.7989649772644043,0.9099487066268921,0.1109837144613266,256,weather_clouds,1,21,4,C
0.30078125,-0.8298840236398485,5.859375,0.3350033244559665,0.04183719390021423,0.9136892352451567,0.0,0.3984375,1.0,0.9882352941176471,0.9803921568627451,0.9764705882352941,0.9725490196078431,0.9647058823529412,0.9943930504611007,0.9799797895417592,0.7989649772644043,0.9099487066268921,0.1109837144613266,256,weather_clouds,1,21,8,C
0.21875,-2.2601457882622897,5.89453125,0.4527305768851783,-0.04489127034465989,0.9041756660446411,0.05357142857142857,0.5625,1.0,0.9921568627450981,0.9882352941176471,0.984313725490196,0.9803921568627451,0.9725490196078431,0.9952224833344671,0.9720008392667439,0.7989649772644043,0.9099487066268921,0.1109837144613266,256,weather_clouds,1,21,16,C
0.35546875,-0.9264352838401901,5.85546875,0.8080060094796454,0.5464298618844283,0.9521344442882003,0.0,0.2890625,1.0,0.9881889763779528,0.984251968503937,0.9803149606299213,0.9763779527559056,0.9724409448818898,0.995991916224948,0.9999943547231583,0.8879022598266602,0.995172381401062,0.10727017372846603,256,weather_clouds,1,22,4,C
0.296875,-0.9791437401218356,5.859375,0.3350033244559665,0.04183719390021423,0.8181401705738922,0.0,0.40625,1.0,0.9882352941176471,0.9803921568627451,0.9764705882352941,0.9725490196078431,0.9647058823529412,0.9943930504611007,0.9799797895417592,0.8879022598266602,0.995172381401062,0.10727017372846603,256,weather_clouds,1,22,8,C
0.26953125,-0.5256773557115358,5.89453125,0.4527305768851783,-0.04489127034465989,0.7416724638979625,0.0,0.4609375,1.0,0.9921568627450981,0.9882352941176471,0.984313725490196,0.9803921568627451,0.9725490196078431,0.9952224833344671,0.9720008392667439,0.8879022598266602,0.995172381401062,0.10727017372846603,256,weather_clouds,1,22,16,C
0.34765625,-1.219611006574428,5.3515625,-1.1229457360348825,-1.209168087945064,1.0432311960476175,0.0,0.3046875,1.0,0.9475806451612904,0.9233870967741935,0.907258064516129,0.8830645161290323,0.8629032258064516,0.9770798239078251,0.9969133698105896,0.8419471979141235,0.9269911050796509,0.08504387736320496,256,weather_clouds,1,23,4,C
0.29296875,-1.1284034566038226,5.9375,0.8727293669214007,0.612344383448593,0.8059197007494815,0.0,0.4140625,1.0,0.99609375,0.9921875,0.98828125,0.984375,0.9765625,0.9952602249442511,0.9720086167693385,0.8419471979141235,0.9269911050796509,0.08504387736320496,256,weather_clouds,1,23,8,C
0.265625,-0.6590980043692862,5.8671875,0.15033419919469715,-0.04489127034465989,0.8699850692765396,0.0,0.46875,1.0,0.9921568627450981,0.9882352941176471,0.9803921568627451,0.9686274509803922,0.9607843137254902,0.9916051048653305,0.9748589318108465,0.8419471979141235,0.9269911050796509,0.08504387736320496,256,weather_clouds,1,23,16,C
0.35546875,-0.9264352838401901,5.54296875,-0.3894834451030076,0.21725524629139856,0.9484601320232318,0.0,0.2890625,1.0,0.9802371541501976,0.9723320158102767,0.9446640316205533,0.8814229249011858,0.8300395256916996,0.9578345499411747,0.9184843556142332,0.8006576299667358,0.9333861470222473,0.13272854685783386,256,weather_clouds,1,24,4,C
0.30859375,-0.5313645906758744,5.77734375,-0.22960902013273943,-0.7188390588309576,0.8934125256806532,0.0,0.3828125,1.0,0.9802371541501976,0.9723320158102767,0.9683794466403162,0.9644268774703557,0.9604743083003953,0.9951221439402106,0.9739446031279753,0.8006576299667358,0.9333861470222473,0.13272854685783386,256,weather_clouds,1,24,8,C
0.34375,2.00931496878572,5.8359375,-0.19526166102299564,-0.4189851898834781,0.7900789317523755,0.0,0.3125,1.0,0.9882352941176471,0.9764705882352941,0.9686274509803922,0.9647058823529412,0.9607843137254902,0.9931770711516911,0.9401728528782102,0.8006576299667358,0.9333861470222473,0.13272854685783386,256,weather_clouds,1,24,16,C
0.3359375,-1.6593745906757844,5.85546875,0.8080060094796454,0.5464298618844283,0.9256696496862801,0.0,0.328125,1.0,0.9881889763779528,0.984251968503937,0.9803149606299213,0.9763779527559056,0.9724409448818898,0.995991916224948,0.9999943547231583,0.7959015369415283,0.9162471294403076,0.12034571170806885,256,weather_clouds,1,25,4,C
0.3046875,-0.6806243071578614,5.859375,0.3350033244559665,0.04183719390021423,0.9247409078111649,0.0,0.390625,1.0,0.9882352941176471,0.9803921568627451,0.9764705882352941,0.9725490196078431,0.9647058823529412,0.9943930504611007,0.9799797895417592,0.7959015369415283,0.9162471294403076,0.12034571170806885,256,weather_clouds,1,25,8,C
0.20703125,-2.6604077342355406,5.89453125,0.4527305768851783,-0.04489127034465989,0.9026587295729003,0.03773584905660377,0.5859375,1.0,0.9921568627450981,0.9882352941176471,0.984313725490196,0.9803921568627451,0.9725490196078431,0.9952224833344671,0.9720008392667439,0.7959015369415283,0.9162471294403076,0.12034571170806885,256,weather_clouds,1,25,16,C
0.3671875,-0.48667169973883356,5.85546875,0.8080060094796454,0.5464298618844283,0.9425331700993625,0.0,0.265625,1.0,0.9881889763779528,0.984251968503937,0.9803149606299213,0.9763779527559056,0.9724409448818898,0.995991916224948,0.9999943547231583,0.7580784559249878,0.8715345859527588,0.11345610022544861,256,weather_clouds,1,26,4,C
0.3515625,1.1104922906259835,5.86328125,0.3618896265792382,0.04183719390021423,0.9345398582882882,0.011111111111111112,0.296875,1.0,0.9882352941176471,0.9803921568627451,0.9764705882352941,0.9725490196078431,0.9686274509803922,0.9952001887405004,0.9739291875786131,0.7580784559249878,0.8715345859527588,0.11345610022544861,256,weather_clouds,1,26,8,C
0.265625,-0.6590980043692862,5.8984375,0.4959300594123899,-0.04489127034465989,0.9636567940556715,0.04411764705882353,0.46875,1.0,0.9921568627450981,0.9882352941176471,0.984313725490196,0.9803921568627451,0.9764705882352941,0.9960237907202696,0.9999944443325324,0.7580784559249878,0.8715345859527588,0.11345610022544861,256,weather_clouds,1,26,16,C
0.33203125,-1.8059624520429032,5.31640625,-1.2576632996754311,-1.209168087945064,0.914314419445212,0.0,0.3359375,1.0,0.9475806451612904,0.9233870967741935,0.907258064516129,0.8709677419354839,0.8387096774193549,0.970199220634234,0.9778070440945194,0.7460483312606812,0.8175320625305176,0.07148373126983643,256,weather_clouds,1,27,4,C
0.2734375,-1.874702039013758,5.9375,0.8727293669214007,0.612344383448593,0.9377989596903671,0.014285714285714285,0.453125,1.0,0.99609375,0.9921875,0.98828125,0.984375,0.9765625,0.9952602249442511,0.9720086167693385,0.7460483312606812,0.8175320625305176,0.07148373126983643,256,weather_clouds,1,27,8,C
0.2265625,-1.9933044909467892,5.85546875,0.02073575161306235,-0.04489127034465989,0.7037398012545086,0.0,0.546875,1.0,0.9921568627450981,0.9882352941176471,0.9803921568627451,0.9647058823529412,0.9529411764705882,0.9895793113106686,0.9532726448934041,0.7460483312606812,0.8175320625305176,0.07148373126983643,256,weather_clouds,1,27,16,C
0.359375,-0.7798474224730713,5.85546875,0.8080060094796454,0.5464298618844283,1.0765749227514776,0.0,0.28125,1.0,0.9881889763779528,0.984251968503937,0.9803149606299213,0.9763779527559056,0.9724409448818898,0.995991916224948,0.9999943547231583,0.7877019047737122,0.9521602392196655,0.16445833444595337,256,weather_clouds,1,28,4,C
0.29296875,-1.1284034566038226,5.859375,0.3350033244559665,0.04183719390021423,0.8199569163429803,0.0,0.4140625,1.0,0.9882352941176471,0.9803921568627451,0.9764705882352941,0.9725490196078431,0.9647058823529412,0.9943930504611007,0.9799797895417592,0.7877019047737122,0.9521602392196655,0.16445833444595337,256,weather_clouds,1,28,8,C
0.23828125,-1.5930425449735384,5.78515625,-0.7568549338767464,-1.1671730289611146,0.7637626158259734,0.0,0.5234375,1.0,0.984251968503937,0.9763779527559056,0.968503937007874,0.9566929133858267,0.9448818897637795,0.9898507258553927,0.9877273456705746,0.7877019047737122,0.9521602392196655,0.16445833444595337,256,weather_clouds,1,28,16,C
0.328125,-1.9525503134100222,5.85546875,0.8080060094796454,0.5464298618844283,0.9521537760223537,0.0,0.34375,1.0,0.9881889763779528,0.984251968503937,0.9803149606299213,0.9763779527559056,0.9724409448818898,0.995991916224948,0.9999943547231583,0.7250206470489502,0.8175580501556396,0.09253749251365662,256,weather_clouds,1,29,4,C
0.23828125,-3.218039487351642,5.86328125,0.3618896265792382,0.04183719390021423,0.9589180564822408,0.0,0.5234375,1.0,0.9882352941176471,0.9803921568627451,0.9764705882352941,0.9725490196078431,0.9686274509803922,0.9952001887405004,0.9739291875786131,0.7250206470489502,0.8175580501556396,0.09253749251365662,256,weather_clouds,1,29,8,C
0.2265625,-1.9933044909467892,5.8984375,0.4959300594123899,-0.04489127034465989,0.670670706671425,0.017241379310344827,0.546875,1.0,0.9921568627450981,0.9882352941176471,0.984313725490196,0.9803921568627451,0.9764705882352941,0.9960237907202696,0.9999944443325324,0.7250206470489502,0.8175580501556396,0.09253749251365662,256,weather_clouds,1,29,16,C
0.30859375,-2.685489620245616,5.77734375,0.5086336458339821,0.5464298618844283,0.8587673463807803,0.0,0.3828125,1.0,0.9881889763779528,0.984251968503937,0.9763779527559056,0.952755905511811,0.9212598425196851,0.9828697364679186,0.8772978820377254,0.7963699698448181,0.877713143825531,0.08134319633245468,256,weather_clouds,2,0,4,C
0.29296875,-1.1284034566038226,5.83203125,0.1467992095930645,-0.14833186928257872,0.8466612174492577,0.02666666666666667,0.4140625,1.0,0.9881889763779528,0.984251968503937,0.9803149606299213,0.9724409448818898,0.952755905511811,0.9915258093821688,0.864816286102692,0.7963699698448181,0.877713143825531,0.08134319633245468,256,weather_clouds,2,0,8,C
0.3125,0.9419497795237175,5.6875,-1.8368419970570362,-1.915360868038751,0.7640266789079279,0.0,0.375,1.0,0.9802371541501976,0.9683794466403162,0.9525691699604744,0.932806324110672,0.9209486166007905,0.9839101480349606,0.9923565153204191,0.7963699698448181,0.877713143825531,0.08134319633245468,256,weather_clouds,2,0,16,C
0.3671875,-0.48667169973883356,5.85546875,0.8080060094796454,0.5464298618844283,1.0482500644676325,0.0,0.265625,1.0,0.9881889763779528,0.984251968503937,0.9803149606299213,0.9763779527559056,0.9724409448818898,0.995991916224948,0.9999943547231583,0.6579875946044922,0.8280047178268433,0.17001715302467346,256,weather_clouds,2,1,4,C
0.27734375,-1.725442322531771,5.86328125,0.3618896265792382,0.04183719390021423,1.053464930497622,0.014084507042253521,0.4453125,1.0,0.9882352941176471,0.9803921568627451,0.9764705882352941,0.9725490196078431,0.9686274509803922,0.9952001887405004,0.9739291875786131,0.6579875946044922,0.8280047178268433,0.17001715302467346,256,weather_clouds,2,1,8,C
0.2421875,-1.459621896315788,5.88671875,0.36633161183075513,-0.04489127034465989,0.9725445448336975,0.016129032258064516,0.515625,1.0,0.9921568627450981,0.9882352941176471,0.984313725490196,0.9764705882352941,0.9686274509803922,0.9940201016674323,0.9687756235949231,0.6579875946044922,0.8280047178268433,0.17001715302467346,256,weather_clouds,2,1,16,C
0.36328125,-0.6332595611059524,5.57421875,-0.26973449964474233,-0.11191936930163125,0.7904508226475224,0.0,0.2734375,1.0,0.9722222222222222,0.9563492063492064,0.9285714285714286,0.9047619047619048,0.9007936507936508,0.9794081982466047,0.9613078649683715,0.429332971572876,0.6872672438621521,0.2579342722892761,256,weather_clouds,2,2,4,C
0.3125,-0.3821048741938873,5.7109375,-0.6866761562283585,-0.5286699956481645,0.8004198898078433,0.0,0.375,1.0,0.9803149606299213,0.9606299212598425,0.9448818897637795,0.937007874015748,0.9330708661417323,0.9877078669037651,0.9289021703192154,0.429332971572876,0.6872672438621521,0.2579342722892761,256,weather_clouds,2,2,8,C
0.2890625,0.14142588757721564,5.94140625,0.9711243672117175,0.7032965687329766,0.9447917377658668,0.0,0.421875,1.0,0.99609375,0.9921875,0.98828125,0.984375,0.98046875,0.9960551622400232,0.9999945318250933,0.429332971572876,0.6872672438621521,0.2579342722892761,256,weather_clouds,2,2,16,C
0.31640625,-2.3923138975113787,5.85546875,0.8080060094796454,0.5464298618844283,0.9366904901672529,0.0,0.3671875,1.0,0.9881889763779528,0.984251968503937,0.9803149606299213,0.9763779527559056,0.9724409448818898,0.995991916224948,0.9999943547231583,0.8393558263778687,0.9368318915367126,0.09747609496116638,256,weather_clouds,2,3,4,C
0.26171875,-2.322481188459719,5.86328125,0.3618896265792382,0.04183719390021423,0.873564463100761,0.0,0.4765625,1.0,0.9882352941176471,0.9803921568627451,0.9764705882352941,0.9725490196078431,0.9686274509803922,0.9952001887405004,0.9739291875786131,0.8393558263778687,0.9368318915367126,0.09747609496116638,256,weather_clouds,2,3,8,C
0.234375,-1.7264631936312886,5.88671875,0.36633161183075513,-0.04489127034465989,0.8039502472168286,0.016666666666666666,0.53125,1.0,0.9921568627450981,0.9882352941176471,0.984313725490196,0.9764705882352941,0.9686274509803922,0.9940201016674323,0.9687756235949231,0.8393558263778687,0.9368318915367126,0.09747609496116638,256,weather_clouds,2,3,16,C
0.38671875,0.24626760709676068,5.77734375,0.5086336458339821,0.5464298618844283,0.8458084889618926,0.0,0.2265625,1.0,0.9881889763779528,0.984251968503937,0.9763779527559056,0.952755905511811,0.9212598425196851,0.9828697364679186,0.8772978820377254,0.7751244306564331,0.937347948551178,0.16222353279590607,256,weather_clouds,2,4,4,C
0.32421875,0.06567427525207398,5.83203125,0.1467992095930645,-0.14833186928257872,0.746977422840748,0.0,0.3515625,1.0,0.9881889763779528,0.984251968503937,0.9803149606299213,0.9724409448818898,0.952755905511811,0.9915258093821688,0.864816286102692,0.7751244306564331,0.937347948551178,0.16222353279590607,256,weather_clouds,2,4,8,C
0.29296875,0.2748465362349659,5.6875,-1.8368419970570362,-1.915360868038751,0.9667760857613307,0.0,0.4140625,1.0,0.9802371541501976,0.9683794466403162,0.9525691699604744,0.932806324110672,0.9209486166007905,0.9839101480349606,0.9923565153204191,0.7751244306564331,0.937347948551178,0.16222353279590607,256,weather_clouds,2,4,16,C
0.41015625,1.1257947752994737,5.79296875,0.5685081185631148,0.6561547337487716,0.787335507871946,0.0,0.1796875,1.0,0.9882352941176471,0.9764705882352941,0.9647058823529412,0.9490196078431372,0.9372549019607843,0.9866453511331339,0.9967999319328206,0.5178349018096924,0.7810766696929932,0.2632417678833008,256,weather_clouds,2,5,4,C
0.33984375,0.6627131411800223,5.62890625,-1.2512885008170644,-0.9090081220137505,0.7260639893496832,0.0,0.3203125,1.0,0.9762845849802372,0.9525691699604744,0.932806324110672,0.9209486166007905,0.9130434782608695,0.9833698600293279,0.9603849522487493,0.5178349018096924,0.7810766696929932,0.2632417678833008,256,weather_clouds,2,5,8,C
0.19921875,-2.9272490315510415,5.90234375,0.5391295419396015,0.7032965687329766,1.2067767885148182,0.0392156862745098,0.6015625,1.0,0.99609375,0.9921875,0.98046875,0.96875,0.96484375,0.9912727120197105,0.9679928894756288,0.5178349018096924,0.7810766696929932,0.2632417678833008,256,weather_clouds,2,5,16,C
0.34375,-1.3661988679415467,5.76953125,0.4786964094694158,0.10753037442705528,0.8255519365854581,0.011363636363636364,0.3125,1.0,0.9801587301587301,0.9761904761904762,0.9722222222222222,0.9682539682539683,0.9642857142857143,0.9959266091334906,0.9999941688757825,0.6377877593040466,0.7758376598358154,0.13804991543293,256,weather_clouds,2,6,4,C
0.3203125,-0.0835854412299131,5.8984375,0.6038663456886836,0.23200625708300715,0.9016349737511582,0.012195121951219513,0.359375,1.0,0.9921568627450981,0.9882352941176471,0.984313725490196,0.9803921568627451,0.9764705882352941,0.9960237907202696,0.9999944443325324,0.6377877593040466,0.7758376598358154,0.13804991543293,256,weather_clouds,2,6,8,C
0.234375,-1.7264631936312886,5.859375,0.06393523414027395,-0.04489127034465989,0.7880796322918293,0.016666666666666666,0.53125,1.0,0.9921568627450981,0.9882352941176471,0.9803921568627451,0.9686274509803922,0.9529411764705882,0.9899808453561905,0.9446559737145406,0.6377877593040466,0.7758376598358154,0.13804991543293,256,weather_clouds,2,6,16,C
0.33203125,-1.8059624520429032,5.77734375,0.5086336458339821,0.5464298618844283,1.1334642509879114,0.0,0.3359375,1.0,0.9881889763779528,0.984251968503937,0.9763779527559056,0.952755905511811,0.9212598425196851,0.9828697364679186,0.8772978820377254,0.6847739219665527,0.8585846424102783,0.17381075024604797,256,weather_clouds,2,7,4,C
0.26171875,-2.322481188459719,5.83203125,0.1467992095930645,-0.14833186928257872,1.0799775955108017,0.014925373134328358,0.4765625,1.0,0.9881889763779528,0.984251968503937,0.9803149606299213,0.9724409448818898,0.952755905511811,0.9915258093821688,0.864816286102692,0.6847739219665527,0.8585846424102783,0.17381075024604797,256,weather_clouds,2,7,8,C
0.2265625,-1.9933044909467892,5.6875,-1.8368419970570362,-1.915360868038751,0.8616541275739614,0.0,0.546875,1.0,0.9802371541501976,0.9683794466403162,0.9525691699604744,0.932806324110672,0.9209486166007905,0.9839101480349606,0.9923565153204191,0.6847739219665527,0.8585846424102783,0.17381075024604797,256,weather_clouds,2,7,16,C
0.37890625,-0.04690811563747703,5.94140625,1.1373156094898749,0.9853293493418014,1.011969216361638,0.0,0.2421875,1.0,0.99609375,0.9921875,0.98828125,0.984375,0.98046875,0.9960551622400232,0.9999945318250933,0.7757920622825623,0.9947346448898315,0.21894261240959167,256,weather_clouds,2,8,4,C
0.3125,-0.3821048741938873,5.89453125,0.5769800435654119,0.42217532026580007,0.8809176310915181,0.0,0.375,1.0,0.9921875,0.984375,0.98046875,0.97265625,0.96484375,0.9932361731669301,0.9893270465499124,0.7757920622825623,0.9947346448898315,0.21894261240959167,256,weather_clouds,2,8,8,C
0.296875,0.40826718489271624,5.9140625,0.6687279895212362,0.7032965687329766,0.7766595135579039,0.0,0.40625,1.0,0.99609375,0.9921875,0.984375,0.9765625,0.96484375,0.9920692391311882,0.9694201069828229,0.7757920622825623,0.9947346448898315,0.21894261240959167,256,weather_clouds,2,8,16,C
0.37890625,-0.04690811563747703,5.94140625,1.1373156094898749,0.9853293493418014,1.0291218637412674,0.0,0.2421875,1.0,0.99609375,0.9921875,0.98828125,0.984375,0.98046875,0.9960551622400232,0.9999945318250933,0.5443603992462158,0.7869066596031189,0.24254626035690308,256,weather_clouds,2,9,4,C
0.328125,0.21493399173406105,5.77734375,-0.22960902013273943,0.04183719390021423,0.8418544465783043,0.0,0.34375,1.0,0.984375,0.96484375,0.953125,0.94140625,0.93359375,0.9870325637585652,0.9758277281776887,0.5443603992462158,0.7869066596031189,0.24254626035690308,256,weather_clouds,2,9,8,C
0.265625,-0.6590980043692862,5.8828125,0.3231321293035435,0.7032965687329766,0.9341990468995763,0.014705882352941176,0.46875,1.0,0.99609375,0.98828125,0.9765625,0.96484375,0.95703125,0.9896527231075642,0.9940949087675385,0.5443603992462158,0.7869066596031189,0.24254626035690308,256,weather_clouds,2,9,16,C
0.35546875,-0.9264352838401901,5.85546875,0.8080060094796454,0.5464298618844283,0.8984591897591402,0.0,0.2890625,1.0,0.9881889763779528,0.984251968503937,0.9803149606299213,0.9763779527559056,0.9724409448818898,0.995991916224948,0.9999943547231583,0.7213865518569946,0.8060890436172485,0.08470248430967331,256,weather_clouds,2,10,4,C
0.28125,-1.5761826060497839,5.7734375,-0.2564953222560111,-0.14833186928257872,0.9892941713190848,0.013888888888888888,0.4375,1.0,0.9881889763779528,0.984251968503937,0.9724409448818898,0.9488188976377953,0.9251968503937008,0.98330111482816,0.9264546794518442,0.7213865518569946,0.8060890436172485,0.08470248430967331,256,weather_clouds,2,10,8,C
0.26171875,-0.7925186530270365,5.6484375,-2.268836822329152,-1.915360868038751,0.9672227618494833,0.014925373134328358,0.4765625,1.0,0.9802371541501976,0.9644268774703557,0.9407114624505929,0.9209486166007905,0.9090909090909091,0.980509578281282,0.9905469737959548,0.7213865518569946,0.8060890436172485,0.08470248430967331,256,weather_clouds,2,10,16,C
0.3515625,-1.073023145207309,5.76953125,0.4786964094694158,0.10753037442705528,0.9850068833274574,0.022222222222222223,0.296875,1.0,0.9801587301587301,0.9761904761904762,0.9722222222222222,0.9682539682539683,0.9642857142857143,0.9959266091334906,0.9999941688757825,0.7724711894989014,0.8987699747085571,0.12629878520965576,256,weather_clouds,2,11,4,C
0.28125,-1.5761826060497839,5.8984375,0.6038663456886836,0.23200625708300715,0.863911338577383,0.013888888888888888,0.4375,1.0,0.9921568627450981,0.9882352941176471,0.984313725490196,0.9803921568627451,0.9764705882352941,0.9960237907202696,0.9999944443325324,0.7724711894989014,0.8987699747085571,0.12629878520965576,256,weather_clouds,2,11,8,C
0.296875,0.40826718489271624,5.859375,0.06393523414027395,-0.04489127034465989,0.905833954242624,0.0,0.40625,1.0,0.9921568627450981,0.9882352941176471,0.9803921568627451,0.9686274509803922,0.9529411764705882,0.9899808453561905,0.9446559737145406,0.7724711894989014,0.8987699747085571,0.12629878520965576,256,weather_clouds,2,11,16,C
0.3515625,-1.073023145207309,5.91015625,1.0175666640316097,0.9853293493418014,0.9655486646236315,0.0,0.296875,1.0,0.99609375,0.9921875,0.98828125,0.9765625,0.95703125,0.990457420315849,0.8803104743248519,0.712224006652832,0.8509268164634705,0.13870283961296082,256,weather_clouds,2,12,4,C
0.3125,-0.3821048741938873,5.75,-0.4178131349956414,0.42217532026580007,0.8934380217426925,0.025,0.375,1.0,0.9921875,0.98046875,0.96875,0.9296875,0.87890625,0.9708677696620323,0.8938181615918146,0.712224006652832,0.8509268164634705,0.13870283961296082,256,weather_clouds,2,12,8,C
0.23046875,-1.859883842289039,5.80078125,-0.5840570037678999,-1.1671730289611146,0.9221730446139965,0.0,0.5390625,1.0,0.984251968503937,0.9763779527559056,0.968503937007874,0.9606299212598425,0.9566929133858267,0.9927206765629892,0.9883891391012168,0.712224006652832,0.8509268164634705,0.13870283961296082,256,weather_clouds,2,12,16,C
0.37109375,-0.34008383837171474,5.77734375,0.5086336458339821,0.5464298618844283,1.1650882862948326,0.0,0.2578125,1.0,0.9881889763779528,0.984251968503937,0.9763779527559056,0.952755905511811,0.9212598425196851,0.9828697364679186,0.8772978820377254,0.785019040107727,0.9455676078796387,0.160548597574234,256,weather_clouds,2,13,4,C
0.3203125,-0.0835854412299131,5.83203125,0.1467992095930645,-0.14833186928257872,0.8953031423209301,0.0,0.359375,1.0,0.9881889763779528,0.984251968503937,0.9803149606299213,0.9724409448818898,0.952755905511811,0.9915258093821688,0.864816286102692,0.785019040107727,0.9455676078796387,0.160548597574234,256,weather_clouds,2,13,8,C
0.26171875,-0.7925186530270365,5.6875,-1.8368419970570362,-1.915360868038751,0.7948007541837739,0.029850746268656716,0.4765625,1.0,0.9802371541501976,0.9683794466403162,0.9525691699604744,0.932806324110672,0.9209486166007905,0.9839101480349606,0.9923565153204191,0.785019040107727,0.9455676078796387,0.160548597574234,256,weather_clouds,2,13,16,C
0.37109375,-0.34008383837171474,5.76953125,0.4786964094694158,0.10753037442705528,0.9632047715327068,0.010526315789473684,0.2578125,1.0,0.9801587301587301,0.9761904761904762,0.9722222222222222,0.9682539682539683,0.9642857142857143,0.9959266091334906,0.9999941688757825,0.6993019580841064,0.9037206172943115,0.2044186294078827,256,weather_clouds,2,14,4,C
0.27734375,-1.725442322531771,5.8984375,0.6038663456886836,0.23200625708300715,0.9422037006543593,0.014084507042253521,0.4453125,1.0,0.9921568627450981,0.9882352941176471,0.984313725490196,0.9803921568627451,0.9764705882352941,0.9960237907202696,0.9999944443325324,0.6993019580841064,0.9037206172943115,0.2044186294078827,256,weather_clouds,2,14,8,C
0.27734375,-0.2588360583960353,5.859375,0.06393523414027395,-0.04489127034465989,0.7767289643124179,0.0,0.4453125,1.0,0.9921568627450981,0.9882352941176471,0.9803921568627451,0.9686274509803922,0.9529411764705882,0.9899808453561905,0.9446559737145406,0.6993019580841064,0.9037206172943115,0.2044186294078827,256,weather_clouds,2,14,16,C
0.30859375,-2.685489620245616,5.85546875,0.8080060094796454,0.5464298618844283,1.0561129720732898,0.0,0.3828125,1.0,0.9881889763779528,0.984251968503937,0.9803149606299213,0.9763779527559056,0.9724409448818898,0.995991916224948,0.9999943547231583,0.8351559638977051,0.9608953595161438,0.1257394254207611,256,weather_clouds,2,15,4,C
0.33203125,0.36419370821604813,5.86328125,0.3618896265792382,0.04183719390021423,0.8744510981364654,0.0,0.3359375,1.0,0.9882352941176471,0.9803921568627451,0.9764705882352941,0.9725490196078431,0.9686274509803922,0.9952001887405004,0.9739291875786131,0.8351559638977051,0.9608953595161438,0.1257394254207611,256,weather_clouds,2,15,8,C
0.30859375,0.8085291308659671,5.88671875,0.36633161183075513,-0.04489127034465989,0.9922878435822932,0.012658227848101266,0.3828125,1.0,0.9921568627450981,0.9882352941176471,0.984313725490196,0.9764705882352941,0.9686274509803922,0.9940201016674323,0.9687756235949231,0.8351559638977051,0.9608953595161438,0.1257394254207611,256,weather_clouds,2,15,16,C
0.40625,0.9792069139323549,5.79296875,0.5685081185631148,0.6561547337487716,0.8911794519120818,0.0,0.1875,1.0,0.9882352941176471,0.9764705882352941,0.9647058823529412,0.9490196078431372,0.9372549019607843,0.9866453511331339,0.9967999319328206,0.7233948707580566,0.8742294907569885,0.1508345603942871,256,weather_clouds,2,16,4,C
0.33203125,0.36419370821604813,5.6171875,-1.3319474071868795,-0.9090081220137505,0.9082611449614335,0.011764705882352941,0.3359375,1.0,0.9762845849802372,0.9525691699604744,0.9288537549407114,0.9169960474308301,0.9090909090909091,0.9820944816889202,0.9565051351376682,0.7233948707580566,0.8742294907569885,0.1508345603942871,256,weather_clouds,2,16,8,C
0.2890625,0.14142588757721564,5.90234375,0.5391295419396015,0.7032965687329766,0.8073987313638044,0.013513513513513514,0.421875,1.0,0.99609375,0.9921875,0.98046875,0.96875,0.96484375,0.9912727120197105,0.9679928894756288,0.7233948707580566,0.8742294907569885,0.1508345603942871,256,weather_clouds,2,16,16,C
0.41796875,1.4189704980337114,5.79296875,0.5685081185631148,0.6561547337487716,0.7582033260182396,0.0,0.1640625,1.0,0.9882352941176471,0.9764705882352941,0.9647058823529412,0.9490196078431372,0.9372549019607843,0.9866453511331339,0.9967999319328206,0.3041180968284607,0.5304835438728333,0.22636544704437256,256,weather_clouds,2,17,4,C
0.32421875,0.06567427525207398,5.63671875,-1.197515896570521,-0.9090081220137505,0.9663788077146559,0.012048192771084338,0.3515625,1.0,0.9762845849802372,0.9525691699604744,0.9367588932806324,0.924901185770751,0.9130434782608695,0.9837910942757756,0.9780422986302596,0.3041180968284607,0.5304835438728333,0.22636544704437256,256,weather_clouds,2,17,8,C
0.33203125,1.6090530228124689,5.90234375,0.5391295419396015,0.7032965687329766,0.835952151740756,0.0,0.3359375,1.0,0.99609375,0.9921875,0.98046875,0.96875,0.96484375,0.9912727120197105,0.9679928894756288,0.3041180968284607,0.5304835438728333,0.22636544704437256,256,weather_clouds,2,17,16,C
0.3046875,-2.8320774816127354,5.85546875,0.8080060094796454,0.5464298618844283,0.9167227938484793,0.01282051282051282,0.390625,1.0,0.9881889763779528,0.984251968503937,0.9803149606299213,0.9763779527559056,0.9724409448818898,0.995991916224948,0.9999943547231583,0.7422762513160706,0.9063193798065186,0.16404317319393158,256,weather_clouds,2,18,4,C
0.27734375,-1.725442322531771,5.8125,0.012367698976705964,0.04183719390021423,1.0052770814964451,0.0,0.4453125,1.0,0.9882352941176471,0.9803921568627451,0.9725490196078431,0.9568627450980393,0.9372549019607843,0.9870620479047272,0.9522236155246097,0.7422762513160706,0.9063193798065186,0.16404317319393158,256,weather_clouds,2,18,8,C
0.203125,-2.7938283828932913,5.81640625,-0.4112590736590536,-0.4189851898834781,0.7671569959186967,0.019230769230769232,0.59375,1.0,0.9882352941176471,0.9803921568627451,0.9725490196078431,0.9568627450980393,0.9411764705882353,0.9878866622949802,0.9676713708722469,0.7422762513160706,0.9063193798065186,0.16404317319393158,256,weather_clouds,2,18,16,C
0.33203125,-1.8059624520429032,5.85546875,0.8080060094796454,0.5464298618844283,0.905648740074915,0.0,0.3359375,1.0,0.9881889763779528,0.984251968503937,0.9803149606299213,0.9763779527559056,0.9724409448818898,0.995991916224948,0.9999943547231583,0.4796074628829956,0.7892775535583496,0.309670090675354,256,weather_clouds,2,19,4,C
0.28515625,-1.4269228895677968,5.86328125,0.3618896265792382,0.04183719390021423,0.9571310115353228,0.0136986301369863,0.4296875,1.0,0.9882352941176471,0.9803921568627451,0.9764705882352941,0.9725490196078431,0.9686274509803922,0.9952001887405004,0.9739291875786131,0.4796074628829956,0.7892775535583496,0.309670090675354,256,weather_clouds,2,19,8,C
0.2734375,-0.39225670705378557,5.8984375,0.4959300594123899,-0.04489127034465989,0.9495129294272965,0.04285714285714286,0.453125,1.0,0.9921568627450981,0.9882352941176471,0.984313725490196,0.9803921568627451,0.9764705882352941,0.9960237907202696,0.9999944443325324,0.4796074628829956,0.7892775535583496,0.309670090675354,256,weather_clouds,2,19,16,C
0.33203125,-1.8059624520429032,5.85546875,0.8080060094796454,0.5464298618844283,0.8917019325846595,0.0,0.3359375,1.0,0.9881889763779528,0.984251968503937,0.9803149606299213,0.9763779527559056,0.9724409448818898,0.995991916224948,0.9999943547231583,0.6970328092575073,0.8804880380630493,0.18345525860786438,256,weather_clouds,2,20,4,C
0.26171875,-2.322481188459719,5.86328125,0.3618896265792382,0.04183719390021423,1.0045775322751533,0.014925373134328358,0.4765625,1.0,0.9882352941176471,0.9803921568627451,0.9764705882352941,0.9725490196078431,0.9686274509803922,0.9952001887405004,0.9739291875786131,0.6970328092575073,0.8804880380630493,0.18345525860786438,256,weather_clouds,2,20,8,C
0.29296875,0.2748465362349659,5.87109375,0.19353368172190874,-0.04489127034465989,0.8218882572199551,0.0,0.4140625,1.0,0.9921568627450981,0.9882352941176471,0.984313725490196,0.9764705882352941,0.9529411764705882,0.9907795433467489,0.8332438090969928,0.6970328092575073,0.8804880380630493,0.18345525860786438,256,weather_clouds,2,20,16,C
0.3984375,0.6860311911981172,5.94140625,1.1373156094898749,0.9853293493418014,0.9305343530803698,0.0,0.203125,1.0,0.99609375,0.9921875,0.98828125,0.984375,0.98046875,0.9960551622400232,0.9999945318250933,0.5226826667785645,0.8118765950202942,0.28919386863708496,256,weather_clouds,2,21,4,C
0.3359375,0.5134534246980352,5.8125,0.012367698976705964,0.23200625708300715,0.7432091390716976,0.0,0.328125,1.0,0.98828125,0.97265625,0.9609375,0.94921875,0.94140625,0.987915949351347,0.988339817153162,0.5226826667785645,0.8118765950202942,0.28919386863708496,256,weather_clouds,2,21,8,C
0.23046875,-1.859883842289039,5.94140625,0.9711243672117175,0.7032965687329766,0.9145167042938116,0.01694915254237288,0.5390625,1.0,0.99609375,0.9921875,0.98828125,0.984375,0.98046875,0.9960551622400232,0.9999945318250933,0.5226826667785645,0.8118765950202942,0.28919386863708496,256,weather_clouds,2,21,16,C
0.38671875,0.24626760709676068,5.91015625,1.0175666640316097,0.9853293493418014,0.929274226422827,0.0,0.2265625,1.0,0.99609375,0.9921875,0.98828125,0.9765625,0.95703125,0.990457420315849,0.8803104743248519,0.4831429123878479,0.7117571830749512,0.22861430048942566,256,weather_clouds,2,22,4,C
0.3359375,0.5134534246980352,5.7890625,-0.1489501137629243,0.42217532026580007,0.891091795203999,0.0,0.328125,1.0,0.9921875,0.98046875,0.96875,0.94140625,0.90625,0.9780592972654388,0.9324893547452824,0.4831429123878479,0.7117571830749512,0.22861430048942566,256,weather_clouds,2,22,8,C
0.2265625,-1.9933044909467892,5.80078125,-0.5840570037678999,-1.1671730289611146,0.8366385525141669,0.0,0.546875,1.0,0.984251968503937,0.9763779527559056,0.968503937007874,0.9606299212598425,0.9566929133858267,0.9927206765629892,0.9883891391012168,0.4831429123878479,0.7117571830749512,0.22861430048942566,256,weather_clouds,2,22,16,C
0.34375,-1.3661988679415467,5.85546875,0.8080060094796454,0.5464298618844283,0.8892758748685154,0.011363636363636364,0.3125,1.0,0.9881889763779528,0.984251968503937,0.9803149606299213,0.9763779527559056,0.9724409448818898,0.995991916224948,0.9999943547231583,0.8441308736801147,0.9345399141311646,0.09040895849466324,256,weather_clouds,2,23,4,C
0.296875,-0.9791437401218356,5.8125,0.012367698976705964,0.04183719390021423,0.8917188511230567,0.013157894736842105,0.40625,1.0,0.9882352941176471,0.9803921568627451,0.9725490196078431,0.9568627450980393,0.9372549019607843,0.9870620479047272,0.9522236155246097,0.8441308736801147,0.9345399141311646,0.09040895849466324,256,weather_clouds,2,23,8,C
0.234375,-1.7264631936312886,5.81640625,-0.4112590736590536,-0.4189851898834781,0.8286597423290453,0.016666666666666666,0.53125,1.0,0.9882352941176471,0.9803921568627451,0.9725490196078431,0.9568627450980393,0.9411764705882353,0.9878866622949802,0.9676713708722469,0.8441308736801147,0.9345399141311646,0.09040895849466324,256,weather_clouds,2,23,16,C
0.35546875,-0.9264352838401901,5.85546875,0.8080060094796454,0.5464298618844283,1.0903210536351209,0.01098901098901099,0.2890625,1.0,0.9881889763779528,0.984251968503937,0.9803149606299213,0.9763779527559056,0.9724409448818898,0.995991916224948,0.9999943547231583,0.7400025725364685,0.8494328856468201,0.10943032801151276,256,weather_clouds,2,24,4,C
0.30078125,-0.8298840236398485,5.8125,0.012367698976705964,0.04183719390021423,0.761602935674832,0.0,0.3984375,1.0,0.9882352941176471,0.9803921568627451,0.9725490196078431,0.9568627450980393,0.9372549019607843,0.9870620479047272,0.9522236155246097,0.7400025725364685,0.8494328856468201,0.10943032801151276,256,weather_clouds,2,24,8,C
0.21484375,-2.39356643692004,5.81640625,-0.4112590736590536,-0.4189851898834781,0.8638646636261856,0.01818181818181818,0.5703125,1.0,0.9882352941176471,0.9803921568627451,0.9725490196078431,0.9568627450980393,0.9411764705882353,0.9878866622949802,0.9676713708722469,0.7400025725364685,0.8494328856468201,0.10943032801151276,256,weather_clouds,2,24,16,C
0.3671875,-0.48667169973883356,5.77734375,0.5086336458339821,0.5464298618844283,1.0274157440716112,0.0,0.265625,1.0,0.9881889763779528,0.984251968503937,0.9763779527559056,0.952755905511811,0.9212598425196851,0.9828697364679186,0.8772978820377254,0.7484580278396606,0.8432546257972717,0.09479664266109467,256,weather_clouds,2,25,4,C
0.29296875,-1.1284034566038226,5.83203125,0.1467992095930645,-0.14833186928257872,0.8651542132461131,0.0,0.4140625,1.0,0.9881889763779528,0.984251968503937,0.9803149606299213,0.9724409448818898,0.952755905511811,0.9915258093821688,0.864816286102692,0.7484580278396606,0.8432546257972717,0.09479664266109467,256,weather_clouds,2,25,8,C
0.28515625,0.008005238919465321,5.6875,-1.8368419970570362,-1.915360868038751,0.8399001892281062,0.0,0.4296875,1.0,0.9802371541501976,0.9683794466403162,0.9525691699604744,0.932806324110672,0.9209486166007905,0.9839101480349606,0.9923565153204191,0.7484580278396606,0.8432546257972717,0.09479664266109467,256,weather_clouds,2,25,16,C
0.3359375,-1.6593745906757844,5.85546875,0.8080060094796454,0.5464298618844283,0.9334666571442174,0.0,0.328125,1.0,0.9881889763779528,0.984251968503937,0.9803149606299213,0.9763779527559056,0.9724409448818898,0.995991916224948,0.9999943547231583,0.7511011362075806,0.9138148427009583,0.1627136766910553,256,weather_clouds,2,26,4,C
0.27734375,-1.725442322531771,5.86328125,0.3618896265792382,0.04183719390021423,0.8273330647326989,0.0,0.4453125,1.0,0.9882352941176471,0.9803921568627451,0.9764705882352941,0.9725490196078431,0.9686274509803922,0.9952001887405004,0.9739291875786131,0.7511011362075806,0.9138148427009583,0.1627136766910553,256,weather_clouds,2,26,8,C
0.2265625,-1.9933044909467892,5.8984375,0.4959300594123899,-0.04489127034465989,0.8136475940812511,0.017241379310344827,0.546875,1.0,0.9921568627450981,0.9882352941176471,0.984313725490196,0.9803921568627451,0.9764705882352941,0.9960237907202696,0.9999944443325324,0.7511011362075806,0.9138148427009583,0.1627136766910553,256,weather_clouds,2,26,16,C
0.40625,0.9792069139323549,5.77734375,0.5086336458339821,0.5464298618844283,0.8966875755229446,0.0,0.1875,1.0,0.9881889763779528,0.984251968503937,0.9763779527559056,0.952755905511811,0.9212598425196851,0.9828697364679186,0.8772978820377254,0.8092783093452454,0.9331700801849365,0.12389181554317474,256,weather_clouds,2,27,4,C
0.31640625,-0.23284515771190017,5.83203125,0.1467992095930645,-0.14833186928257872,0.7959398760017943,0.0,0.3671875,1.0,0.9881889763779528,0.984251968503937,0.9803149606299213,0.9724409448818898,0.952755905511811,0.9915258093821688,0.864816286102692,0.8092783093452454,0.9331700801849365,0.12389181554317474,256,weather_clouds,2,27,8,C
0.30078125,0.5416878335504666,5.6875,-1.8368419970570362,-1.915360868038751,0.7386061813159853,0.0,0.3984375,1.0,0.9802371541501976,0.9683794466403162,0.9525691699604744,0.932806324110672,0.9209486166007905,0.9839101480349606,0.9923565153204191,0.8092783093452454,0.9331700801849365,0.12389181554317474,256,weather_clouds,2,27,16,C
0.359375,-0.7798474224730713,5.86328125,0.8379432458442116,0.9853293493418014,0.9802396914025492,0.0,0.28125,1.0,0.99609375,0.98828125,0.9765625,0.9609375,0.94140625,0.9859998094717201,0.9696283602403428,0.5395182967185974,0.7669520974159241,0.22743381559848785,256,weather_clouds,2,28,4,C
0.2734375,-1.874702039013758,5.89453125,0.5769800435654119,0.42217532026580007,0.8578606102334191,0.0,0.453125,1.0,0.9921875,0.984375,0.98046875,0.97265625,0.96484375,0.9932361731669301,0.9893270465499124,0.5395182967185974,0.7669520974159241,0.22743381559848785,256,weather_clouds,2,28,8,C
0.2890625,0.14142588757721564,5.89453125,0.4527305768851783,0.32920264919415837,0.9171657412575748,0.02702702702702703,0.421875,1.0,0.9921875,0.984375,0.98046875,0.97265625,0.96484375,0.9932361731669301,0.9893270465499124,0.5395182967185974,0.7669520974159241,0.22743381559848785,256,weather_clouds,2,28,16,C
0.31640625,-2.3923138975113787,5.85546875,0.8080060094796454,0.5464298618844283,1.0068584942920507,0.012345679012345678,0.3671875,1.0,0.9881889763779528,0.984251968503937,0.9803149606299213,0.9763779527559056,0.9724409448818898,0.995991916224948,0.9999943547231583,0.8108868598937988,0.9078769683837891,0.09699006378650665,256,weather_clouds,2,29,4,C
0.26953125,-2.023961755495745,5.8125,0.012367698976705964,0.04183719390021423,0.8371519107786729,0.0,0.4609375,1.0,0.9882352941176471,0.9803921568627451,0.9725490196078431,0.9568627450980393,0.9372549019607843,0.9870620479047272,0.9522236155246097,0.8108868598937988,0.9078769683837891,0.09699006378650665,256,weather_clouds,2,29,8,C
0.29296875,0.2748465362349659,5.81640625,-0.4112590736590536,-0.4189851898834781,0.8581376875724412,0.0,0.4140625,1.0,0.9882352941176471,0.9803921568627451,0.9725490196078431,0.9568627450980393,0.9411764705882353,0.9878866622949802,0.9676713708722469,0.8108868598937988,0.9078769683837891,0.09699006378650665,256,weather_clouds,2,29,16,C
